job,model,dataset,src_layer,tgt_layer,sdc_group,rows,semantic_groups,finite_rows,non_finite_rows,non_finite_rate,mean_cos_sim,median_cos_sim,std_cos_sim,q25_cos_sim,q75_cos_sim,mean_ci95_low,mean_ci95_high,evidence
qwen25_vl_lingoqa,Qwen2.5-VL-7B,LingoQA,0,1,non_sdc,5906,75,5906,0,0.0,0.8482347056761641,0.8810186684131622,0.07820273190835075,0.7969266772270203,0.9095154367387295,0.831546551748692,0.86413903974484,adequate
qwen25_vl_lingoqa,Qwen2.5-VL-7B,LingoQA,0,1,non_significant_sdc,1327,73,1327,0,0.0,0.8470560107506481,0.8816388845443726,0.08476163695226396,0.7706098705530167,0.9190922752022743,0.823690453803806,0.8694649152012118,adequate
qwen25_vl_lingoqa,Qwen2.5-VL-7B,LingoQA,0,1,significant_sdc,264,67,216,48,0.18181818181818177,0.550344857973633,0.4806901775300503,0.17029181283043268,0.4609988182783127,0.6967226788401604,0.48821398097948865,0.6006135904255734,adequate
qwen25_vl_lingoqa,Qwen2.5-VL-7B,LingoQA,1,2,non_sdc,5906,75,5906,0,0.0,0.8395824114304153,0.8627404123544693,0.07251627778314494,0.7910079658031464,0.8945974446833134,0.8244269397022541,0.854029085896633,adequate
qwen25_vl_lingoqa,Qwen2.5-VL-7B,LingoQA,1,2,non_significant_sdc,1327,73,1327,0,0.0,0.8371844696247362,0.8610380291938782,0.07847214950352252,0.7893273234367371,0.8955810591578484,0.8166336991040681,0.8564613717417714,adequate
qwen25_vl_lingoqa,Qwen2.5-VL-7B,LingoQA,1,2,significant_sdc,264,66,214,50,0.18939393939393945,0.3908874228429136,0.2519378950819373,0.2530210231297752,0.22455728380009532,0.7130059897899628,0.29724451811550134,0.46792022007517803,adequate
qwen25_vl_lingoqa,Qwen2.5-VL-7B,LingoQA,2,3,non_sdc,5906,75,5906,0,0.0,0.8128060100715553,0.8438694179058075,0.10377131695400725,0.7310988754034042,0.9004212021827698,0.790528177275942,0.8343032474279228,adequate
qwen25_vl_lingoqa,Qwen2.5-VL-7B,LingoQA,2,3,non_significant_sdc,1327,73,1327,0,0.0,0.8103896304235121,0.8739378303289413,0.1175014602599007,0.7232030630111694,0.9017802253365517,0.7763498084111795,0.8408580600752694,adequate
qwen25_vl_lingoqa,Qwen2.5-VL-7B,LingoQA,2,3,significant_sdc,264,67,212,52,0.19696969696969702,0.5035381008923616,0.4559680409729481,0.17963997680942168,0.439783051609993,0.5496882945299149,0.4390122214055463,0.5586060296632207,adequate
qwen25_vl_lingoqa,Qwen2.5-VL-7B,LingoQA,3,4,non_sdc,5906,75,5906,0,0.0,0.8273903310399526,0.8322428315877914,0.06280183288920337,0.7883857786655426,0.8836759477853775,0.8142781822613869,0.8398663233860539,adequate
qwen25_vl_lingoqa,Qwen2.5-VL-7B,LingoQA,3,4,non_significant_sdc,1327,73,1327,0,0.0,0.8223740536812202,0.8291116803884506,0.06651496749589383,0.7893372252583504,0.8729322105646133,0.8053858855229961,0.8384903286938253,adequate
qwen25_vl_lingoqa,Qwen2.5-VL-7B,LingoQA,3,4,significant_sdc,264,67,209,55,0.20833333333333337,0.6331729812650054,0.6313822567462921,0.14514825904930678,0.6026034876704216,0.6665869951248169,0.58944515698781,0.6704067025793297,adequate
qwen25_vl_lingoqa,Qwen2.5-VL-7B,LingoQA,4,5,non_sdc,5906,75,5906,0,0.0,0.811451277828372,0.8402053564786911,0.0850093044042037,0.7484963983297348,0.8764417096972466,0.7929467379703748,0.8285317009333919,adequate
qwen25_vl_lingoqa,Qwen2.5-VL-7B,LingoQA,4,5,non_significant_sdc,1327,73,1327,0,0.0,0.7969242775014067,0.8199766874313354,0.09428096772266024,0.7249840125441551,0.8736386597156525,0.7711549629632897,0.82090937496009,adequate
qwen25_vl_lingoqa,Qwen2.5-VL-7B,LingoQA,4,5,significant_sdc,264,67,205,59,0.2234848484848485,0.5329315944006894,0.4915195107460022,0.1759197777449599,0.4437270238995552,0.6724445223808289,0.4731790448128594,0.5800681386052514,adequate
qwen25_vl_lingoqa,Qwen2.5-VL-7B,LingoQA,5,6,non_sdc,5906,75,5906,0,0.0,0.8515617365362561,0.8623547330498695,0.05245684829306756,0.8158626556396484,0.8985344469547272,0.8408233444868929,0.862022441540917,adequate
qwen25_vl_lingoqa,Qwen2.5-VL-7B,LingoQA,5,6,non_significant_sdc,1327,73,1327,0,0.0,0.8534976858252655,0.8666371256113052,0.061813045035459466,0.819622628390789,0.9008581787347794,0.8389131191183647,0.8672177347980236,adequate
qwen25_vl_lingoqa,Qwen2.5-VL-7B,LingoQA,5,6,significant_sdc,264,67,202,62,0.23484848484848486,0.6086930820446388,0.6510497517883778,0.29701760721200143,0.6212991420179605,0.7758496589958668,0.530012024221691,0.6673925274536396,adequate
qwen25_vl_lingoqa,Qwen2.5-VL-7B,LingoQA,6,7,non_sdc,5906,75,5906,0,0.0,0.7308968405330429,0.7471828609704971,0.11090422642184677,0.6390110477805138,0.8261711783707142,0.7074849448816465,0.7535244341360006,adequate
qwen25_vl_lingoqa,Qwen2.5-VL-7B,LingoQA,6,7,non_significant_sdc,1327,73,1327,0,0.0,0.7202548061496807,0.74681057035923,0.11349368867242085,0.6443504132330418,0.7953536063432693,0.6906444538523197,0.7471159273324411,adequate
qwen25_vl_lingoqa,Qwen2.5-VL-7B,LingoQA,6,7,significant_sdc,264,66,204,60,0.2272727272727273,0.3447243205646016,0.3061273964121938,0.2139081796634257,0.2521611130796373,0.4557301625609398,0.2692553864197024,0.4100511278039156,adequate
qwen25_vl_lingoqa,Qwen2.5-VL-7B,LingoQA,7,8,non_sdc,5906,75,5906,0,0.0,0.7064027712307303,0.7075928300619125,0.1103138864175548,0.6403667964041233,0.7787818871438503,0.6825966848641929,0.7299139229469718,adequate
qwen25_vl_lingoqa,Qwen2.5-VL-7B,LingoQA,7,8,non_significant_sdc,1327,73,1327,0,0.0,0.6848943042607463,0.6842214018106461,0.11514150270110614,0.6131220236420631,0.7694777101278305,0.6562797475616294,0.7140914974416716,adequate
qwen25_vl_lingoqa,Qwen2.5-VL-7B,LingoQA,7,8,significant_sdc,264,63,197,67,0.2537878787878788,0.36723181132586474,0.3522447720170021,0.21068735132416352,0.2957817614078522,0.489676333963871,0.29679337034681197,0.4252911370258472,adequate
qwen25_vl_lingoqa,Qwen2.5-VL-7B,LingoQA,8,9,non_sdc,5906,75,5906,0,0.0,0.8156037982015517,0.8256782442331314,0.06000393726791161,0.7848114222288132,0.8543799817562103,0.8033578348082109,0.827345428523619,adequate
qwen25_vl_lingoqa,Qwen2.5-VL-7B,LingoQA,8,9,non_significant_sdc,1327,73,1327,0,0.0,0.8138207154382355,0.8226798921823502,0.06740581464625492,0.779285803437233,0.8620079904794693,0.7964949276857535,0.8297693108651084,adequate
qwen25_vl_lingoqa,Qwen2.5-VL-7B,LingoQA,8,9,significant_sdc,264,61,189,75,0.28409090909090906,0.5880122583522092,0.5880355387926102,0.19769604154575585,0.49842990189790726,0.7604392021894455,0.5204638671667582,0.6457834573367927,adequate
qwen25_vl_lingoqa,Qwen2.5-VL-7B,LingoQA,9,10,non_sdc,5906,75,5906,0,0.0,0.7953870347216901,0.7977146208286285,0.060313400026109285,0.7647489607334137,0.8394809514284134,0.7825428429804885,0.8073299334655567,adequate
qwen25_vl_lingoqa,Qwen2.5-VL-7B,LingoQA,9,10,non_significant_sdc,1327,73,1327,0,0.0,0.7872610983621966,0.7960208803415298,0.06447362261245564,0.757469467818737,0.8325670063495636,0.7715989041653376,0.8016652685978832,adequate
qwen25_vl_lingoqa,Qwen2.5-VL-7B,LingoQA,9,10,significant_sdc,264,60,186,78,0.2954545454545454,0.5020292534318287,0.5224464237689972,0.22700006554295776,0.44454771280288696,0.6880117654800415,0.42475335498521105,0.5608433575381189,adequate
qwen25_vl_lingoqa,Qwen2.5-VL-7B,LingoQA,10,11,non_sdc,5906,75,5906,0,0.0,0.7660818418713089,0.7761773094534874,0.08762797027475414,0.7310982421040535,0.8221025578677654,0.7467170417184639,0.7841718921630564,adequate
qwen25_vl_lingoqa,Qwen2.5-VL-7B,LingoQA,10,11,non_significant_sdc,1327,73,1327,0,0.0,0.7558465745516216,0.7646727412939072,0.09561812446019499,0.719226524233818,0.8221557214856148,0.7316202706584872,0.7785349738433214,adequate
qwen25_vl_lingoqa,Qwen2.5-VL-7B,LingoQA,10,11,significant_sdc,264,59,184,80,0.303030303030303,0.316662096560796,0.2584405657835305,0.3193693711065389,0.19496923149563372,0.649216715246439,0.19332952510247542,0.41530756971368893,adequate
qwen25_vl_lingoqa,Qwen2.5-VL-7B,LingoQA,11,12,non_sdc,5906,75,5906,0,0.0,0.7981298792220417,0.8003383576869965,0.0633008868940178,0.7632517218589783,0.8472089171409607,0.7844434943652848,0.8110408989357012,adequate
qwen25_vl_lingoqa,Qwen2.5-VL-7B,LingoQA,11,12,non_significant_sdc,1327,73,1327,0,0.0,0.7912440713812241,0.7960608154535294,0.0681797168614673,0.7575011551380157,0.8446483910083771,0.7724705269476241,0.8082084887039404,adequate
qwen25_vl_lingoqa,Qwen2.5-VL-7B,LingoQA,11,12,significant_sdc,264,60,180,84,0.31818181818181823,0.48383042120064296,0.5433925986289978,0.30302223313970955,0.43854311667382717,0.7246637605130672,0.38223940884366375,0.5606843445641767,adequate
qwen25_vl_lingoqa,Qwen2.5-VL-7B,LingoQA,12,13,non_sdc,5906,75,5906,0,0.0,0.8345693405231923,0.8449724316596985,0.06547439468106947,0.8078906536102295,0.8819729164242744,0.820303676907989,0.8478721457528793,adequate
qwen25_vl_lingoqa,Qwen2.5-VL-7B,LingoQA,12,13,non_significant_sdc,1327,73,1327,0,0.0,0.8281858797917127,0.8424239009618759,0.07267146295376736,0.7991247102618217,0.8808246999979019,0.8092622421603844,0.8463040435061558,adequate
qwen25_vl_lingoqa,Qwen2.5-VL-7B,LingoQA,12,13,significant_sdc,264,58,172,92,0.3484848484848485,0.5637212634860906,0.528671283274889,0.22175888981930936,0.3963110037147999,0.800075925886631,0.473550360764182,0.6337750790690017,adequate
qwen25_vl_lingoqa,Qwen2.5-VL-7B,LingoQA,13,14,non_sdc,5906,75,5906,0,0.0,0.8018163676978247,0.8120542019605637,0.0642253531295826,0.7604749947786331,0.851814791560173,0.7881787158831032,0.8151360418486133,adequate
qwen25_vl_lingoqa,Qwen2.5-VL-7B,LingoQA,13,14,non_significant_sdc,1327,73,1327,0,0.0,0.7950830396430423,0.7979419380426407,0.06802229109520126,0.7477272674441338,0.8528865948319435,0.7777377290798598,0.8123626329893308,adequate
qwen25_vl_lingoqa,Qwen2.5-VL-7B,LingoQA,13,14,significant_sdc,264,58,168,96,0.36363636363636365,0.4635992619691284,0.6436738073825836,0.4139895430220988,0.3801327124238014,0.712448351085186,0.3304334668741364,0.5605865072150896,adequate
qwen25_vl_lingoqa,Qwen2.5-VL-7B,LingoQA,14,15,non_sdc,5906,75,5906,0,0.0,0.8307090846350486,0.8424864187836647,0.053764345332235994,0.8003942705690861,0.8688050583004951,0.8191206002124312,0.8411681690501133,adequate
qwen25_vl_lingoqa,Qwen2.5-VL-7B,LingoQA,14,15,non_significant_sdc,1327,73,1327,0,0.0,0.8309750188375067,0.8453267514705658,0.0574803186593667,0.8025831058621407,0.8683577924966812,0.8185871092398451,0.8425650744659503,adequate
qwen25_vl_lingoqa,Qwen2.5-VL-7B,LingoQA,14,15,significant_sdc,264,58,172,92,0.3484848484848485,0.5410301147914102,0.6366541534662247,0.2943626433980817,0.45936618000268936,0.8069291859865189,0.43995790224141856,0.6189538990159142,adequate
qwen25_vl_lingoqa,Qwen2.5-VL-7B,LingoQA,15,16,non_sdc,5906,75,5906,0,0.0,0.7857721395797831,0.7955499440431595,0.07292474649368638,0.7479577846825123,0.8418482840061188,0.7700926450922254,0.8004393082606016,adequate
qwen25_vl_lingoqa,Qwen2.5-VL-7B,LingoQA,15,16,non_significant_sdc,1327,73,1327,0,0.0,0.7872344393062229,0.805268406867981,0.08360303215924267,0.7570714503526688,0.8436644449830055,0.7663632293416416,0.8054032561293878,adequate
qwen25_vl_lingoqa,Qwen2.5-VL-7B,LingoQA,15,16,significant_sdc,264,57,169,95,0.35984848484848486,0.44753923299639714,0.5839731767773628,0.3781574946920317,0.3638279512524605,0.7395376563072205,0.31508627592810085,0.549324125656685,adequate
qwen25_vl_lingoqa,Qwen2.5-VL-7B,LingoQA,16,17,non_sdc,5906,75,5906,0,0.0,0.7983737873311492,0.8082007169723511,0.06494954660009544,0.7725551724433899,0.8404991514980793,0.7843488395897422,0.8109952016253739,adequate
qwen25_vl_lingoqa,Qwen2.5-VL-7B,LingoQA,16,17,non_significant_sdc,1327,73,1327,0,0.0,0.801561796368179,0.8081151396036148,0.06506989618710461,0.7797207683324814,0.8442498818039894,0.7861328946417694,0.8154881615635282,adequate
qwen25_vl_lingoqa,Qwen2.5-VL-7B,LingoQA,16,17,significant_sdc,264,57,169,95,0.35984848484848486,0.3938953361457445,0.48981858044862747,0.40488117030148346,0.1036230674944818,0.7601803094148636,0.2419698475070264,0.5091024138359167,adequate
qwen25_vl_lingoqa,Qwen2.5-VL-7B,LingoQA,17,18,non_sdc,5906,75,5906,0,0.0,0.7738960205580152,0.7916286811232567,0.07503067265131176,0.7340608723461628,0.8299228921532631,0.7582181016715908,0.7886616839745114,adequate
qwen25_vl_lingoqa,Qwen2.5-VL-7B,LingoQA,17,18,non_significant_sdc,1327,73,1327,0,0.0,0.7669124857837667,0.7813920229673386,0.07319976695385919,0.7265579774975777,0.8233345448970795,0.7494999308415223,0.7841867833725905,adequate
qwen25_vl_lingoqa,Qwen2.5-VL-7B,LingoQA,17,18,significant_sdc,264,57,165,99,0.375,0.5185310621167336,0.5197138488292694,0.22872846948742723,0.388837069272995,0.7247091382741928,0.42842814644371174,0.5909860850047786,adequate
qwen25_vl_lingoqa,Qwen2.5-VL-7B,LingoQA,18,19,non_sdc,5906,75,5906,0,0.0,0.828715872650293,0.8368889689445496,0.04344497742588136,0.8040801025927067,0.858434047549963,0.8195635121232538,0.8371477090072967,adequate
qwen25_vl_lingoqa,Qwen2.5-VL-7B,LingoQA,18,19,non_significant_sdc,1327,73,1327,0,0.0,0.8206309406388588,0.8256388753652573,0.045990763096318,0.7908393666148186,0.8562171012163162,0.809262940814016,0.8316779246822557,adequate
qwen25_vl_lingoqa,Qwen2.5-VL-7B,LingoQA,18,19,significant_sdc,264,57,161,103,0.39015151515151514,0.6263012777296653,0.6846297085285187,0.19117708314285645,0.45800112932920456,0.7682545781135559,0.5655587501312322,0.67139478856863,adequate
qwen25_vl_lingoqa,Qwen2.5-VL-7B,LingoQA,19,20,non_sdc,5906,75,5906,0,0.0,0.7669616412753639,0.7767149433493614,0.07356328300896338,0.7314735241234303,0.8188505955040455,0.7509369859909456,0.7820861797123644,adequate
qwen25_vl_lingoqa,Qwen2.5-VL-7B,LingoQA,19,20,non_significant_sdc,1327,73,1327,0,0.0,0.7672387995639958,0.7695340067148209,0.07206951206964339,0.731630228459835,0.813766285777092,0.7485983224866817,0.7844468628348924,adequate
qwen25_vl_lingoqa,Qwen2.5-VL-7B,LingoQA,19,20,significant_sdc,264,56,157,107,0.4053030303030303,0.4672936510893807,0.6538778990507126,0.3614634716729516,0.029103595297783613,0.757824495434761,0.3534716882689667,0.5487697233393324,adequate
qwen25_vl_lingoqa,Qwen2.5-VL-7B,LingoQA,20,21,non_sdc,5906,75,5906,0,0.0,0.7964703080325101,0.8016178980469704,0.06742357914578974,0.7629411593079567,0.8423738479614258,0.7822580017820971,0.8094081434151335,adequate
qwen25_vl_lingoqa,Qwen2.5-VL-7B,LingoQA,20,21,non_significant_sdc,1327,73,1327,0,0.0,0.7895958530151629,0.7973567545413971,0.07123921651958139,0.7566205114126205,0.8416457623243332,0.7725999001889798,0.8056387079215892,adequate
qwen25_vl_lingoqa,Qwen2.5-VL-7B,LingoQA,20,21,significant_sdc,264,54,154,110,0.41666666666666663,0.5185932108736294,0.6432042308151722,0.2702973393318699,0.17270275577902794,0.7445197738707066,0.41712751792675323,0.5947663886065899,adequate
qwen25_vl_lingoqa,Qwen2.5-VL-7B,LingoQA,21,22,non_sdc,5906,75,5906,0,0.0,0.755303043037933,0.7600420266389847,0.09270453116513995,0.6953030154109001,0.8149101510643959,0.7357898408924228,0.7738748857330484,adequate
qwen25_vl_lingoqa,Qwen2.5-VL-7B,LingoQA,21,22,non_significant_sdc,1327,73,1327,0,0.0,0.7396354294285885,0.7428850531578064,0.08632352146099864,0.6808652952313423,0.793706402182579,0.7187512041540507,0.7609833789092382,adequate
qwen25_vl_lingoqa,Qwen2.5-VL-7B,LingoQA,21,22,significant_sdc,264,53,152,112,0.4242424242424242,0.3941780738287458,0.4883154910057783,0.31370328828074867,0.062040101969614625,0.6175744272768497,0.2654016689698794,0.48799986887152363,adequate
qwen25_vl_lingoqa,Qwen2.5-VL-7B,LingoQA,22,23,non_sdc,5906,75,5906,0,0.0,0.8355422294391158,0.8403195664286613,0.05603152394453046,0.8083315007388592,0.8705177940428257,0.8242949407584849,0.8461908695112951,adequate
qwen25_vl_lingoqa,Qwen2.5-VL-7B,LingoQA,22,23,non_significant_sdc,1327,73,1327,0,0.0,0.8240637957387251,0.8372503072023392,0.05779798188928243,0.7926849126815796,0.8640699982643127,0.8089820224841856,0.8388173825675315,adequate
qwen25_vl_lingoqa,Qwen2.5-VL-7B,LingoQA,22,23,significant_sdc,264,52,147,117,0.44318181818181823,0.6544881155365939,0.6899293437600136,0.17727464166847876,0.5238643735647202,0.8073743358254433,0.5883938756832529,0.7021161804541951,adequate
qwen25_vl_lingoqa,Qwen2.5-VL-7B,LingoQA,23,24,non_sdc,5906,75,5906,0,0.0,0.8072096236552216,0.809836745262146,0.06341458811029714,0.7762466967105865,0.8471793234348297,0.7950555838232762,0.8190833415539779,adequate
qwen25_vl_lingoqa,Qwen2.5-VL-7B,LingoQA,23,24,non_significant_sdc,1327,73,1327,0,0.0,0.8038621543462373,0.8153162747621536,0.0647164063311714,0.7640852332115173,0.845884159207344,0.7871969322082447,0.8194605620724097,adequate
qwen25_vl_lingoqa,Qwen2.5-VL-7B,LingoQA,23,24,significant_sdc,264,52,144,120,0.4545454545454546,0.6312467165092434,0.6188746094703674,0.1874160201238753,0.5540371611714363,0.7837982028722763,0.5624185134600446,0.6825875430019465,adequate
qwen25_vl_lingoqa,Qwen2.5-VL-7B,LingoQA,24,25,non_sdc,5906,75,5906,0,0.0,0.8227540461041848,0.8278383389115334,0.06658799005129405,0.793307077139616,0.871489841490984,0.8092148825994293,0.8356904297455652,adequate
qwen25_vl_lingoqa,Qwen2.5-VL-7B,LingoQA,24,25,non_significant_sdc,1327,73,1327,0,0.0,0.8195650464860047,0.8321688920259476,0.07513261369831886,0.7963912189006805,0.8694880902767181,0.8001999555867216,0.8371003836890357,adequate
qwen25_vl_lingoqa,Qwen2.5-VL-7B,LingoQA,24,25,significant_sdc,264,50,139,125,0.4734848484848485,0.6899839729144365,0.7149995416402817,0.1943213667588338,0.7016298100352287,0.8167695999145508,0.6229339141328458,0.7386792842962211,adequate
qwen25_vl_lingoqa,Qwen2.5-VL-7B,LingoQA,25,26,non_sdc,5906,75,5906,0,0.0,0.902828496789684,0.9101731479167938,0.044106081370796704,0.8797518685460091,0.9358904212713242,0.8946127191000856,0.9107846289318109,adequate
qwen25_vl_lingoqa,Qwen2.5-VL-7B,LingoQA,25,26,non_significant_sdc,1327,73,1327,0,0.0,0.9001166422310276,0.9059800356626511,0.044894098266216986,0.8757899329066277,0.9305150136351585,0.890256824608525,0.9098174297075198,adequate
qwen25_vl_lingoqa,Qwen2.5-VL-7B,LingoQA,25,26,significant_sdc,264,50,134,130,0.49242424242424243,0.661106753359382,0.6600266620516777,0.26273218912760105,0.5373210795223713,0.9011064134538174,0.5456718435537079,0.7390783675445015,adequate
qwen25_vl_lingoqa,Qwen2.5-VL-7B,LingoQA,26,27,non_sdc,5906,75,5906,0,0.0,0.9809984347735407,0.9841574504971504,0.022766307216065616,0.9779641442000866,0.9891304112970829,0.9772010934017659,0.9839444832149995,adequate
qwen25_vl_lingoqa,Qwen2.5-VL-7B,LingoQA,26,27,non_significant_sdc,1327,73,1327,0,0.0,0.9802845381509117,0.9830514639616013,0.019611934606614673,0.9777543693780899,0.9883327782154083,0.9770126550129953,0.9831881833290619,adequate
qwen25_vl_lingoqa,Qwen2.5-VL-7B,LingoQA,26,27,significant_sdc,264,49,126,138,0.5227272727272727,0.7817054401698803,0.7005167081952095,0.21811200287024834,0.6702065579593182,0.9773742407560349,0.6899732159040061,0.839475400964322,adequate
internvl3_lingoqa,InternVL3-8B,LingoQA,0,1,non_sdc,5762,75,5762,0,0.0,0.8607110838609121,0.8844222277402878,0.08657526082771766,0.8049424886703491,0.9383042752742767,0.8409936395642318,0.8788107651124634,adequate
internvl3_lingoqa,InternVL3-8B,LingoQA,0,1,non_significant_sdc,1293,70,1293,0,0.0,0.8236661710922606,0.8203525096178055,0.08784159569837303,0.7520760595798492,0.9075383841991425,0.8032596349469463,0.8451909418636998,adequate
internvl3_lingoqa,InternVL3-8B,LingoQA,0,1,significant_sdc,433,75,422,11,0.025404157043879882,0.5890270822805075,0.6057066023349762,0.09704901747437815,0.5851809177547693,0.6171046271920204,0.5777053436380989,0.5987896504853601,adequate
internvl3_lingoqa,InternVL3-8B,LingoQA,1,2,non_sdc,5762,75,5762,0,0.0,0.847767326360163,0.8732661008834839,0.07750856382122398,0.781610757112503,0.9125315099954605,0.8303612924743837,0.863794385808455,adequate
internvl3_lingoqa,InternVL3-8B,LingoQA,1,2,non_significant_sdc,1293,70,1293,0,0.0,0.8194211235778422,0.8330767452716827,0.07681160163257225,0.7584143579006195,0.8868059813976288,0.8025501197096402,0.8381112249649605,adequate
internvl3_lingoqa,InternVL3-8B,LingoQA,1,2,significant_sdc,433,75,412,21,0.0484988452655889,0.3793828257594655,0.3783008363097906,0.08029097621543589,0.3685149475932121,0.39021541830152273,0.37045525733229345,0.3886256089126913,adequate
internvl3_lingoqa,InternVL3-8B,LingoQA,2,3,non_sdc,5762,75,5762,0,0.0,0.8162420552310555,0.8442195504903793,0.11598273076836921,0.7145128846168518,0.9143944755196571,0.7903578790754345,0.8415485074279625,adequate
internvl3_lingoqa,InternVL3-8B,LingoQA,2,3,non_significant_sdc,1293,70,1293,0,0.0,0.7696985504334275,0.7711653709411621,0.11903848781460806,0.6825242042541504,0.8698448091745377,0.7390519885904312,0.8015043109623914,adequate
internvl3_lingoqa,InternVL3-8B,LingoQA,2,3,significant_sdc,433,74,405,28,0.0646651270207852,0.36500684236072833,0.36979616433382034,0.07360840330136444,0.3586338125169277,0.37817543372511864,0.3561883679886856,0.37408399528166264,adequate
internvl3_lingoqa,InternVL3-8B,LingoQA,3,4,non_sdc,5762,75,5762,0,0.0,0.8614542516273618,0.879634752869606,0.058694896663982025,0.8202080130577087,0.9046980142593384,0.8485339912687334,0.8740990139149412,adequate
internvl3_lingoqa,InternVL3-8B,LingoQA,3,4,non_significant_sdc,1293,70,1293,0,0.0,0.8406030163745132,0.8478533327579498,0.0627561133515739,0.7984866350889206,0.8934327065944672,0.8260356069772212,0.8559105026391798,adequate
internvl3_lingoqa,InternVL3-8B,LingoQA,3,4,significant_sdc,433,75,398,35,0.0808314087759815,0.6329968583362935,0.6744506880640984,0.15402646838810127,0.6616546027362347,0.6860087662935257,0.6154937388041805,0.6489563764829003,adequate
internvl3_lingoqa,InternVL3-8B,LingoQA,4,5,non_sdc,5762,75,5762,0,0.0,0.8133289111937833,0.837450698018074,0.08851401727106582,0.7645502127707005,0.8790124505758286,0.7933521116454152,0.8319833062741424,adequate
internvl3_lingoqa,InternVL3-8B,LingoQA,4,5,non_significant_sdc,1293,70,1293,0,0.0,0.7844432319031145,0.800191193819046,0.09344600535626262,0.732410654425621,0.8607669621706009,0.7630217244959885,0.8067872050545183,adequate
internvl3_lingoqa,InternVL3-8B,LingoQA,4,5,significant_sdc,433,75,386,47,0.10854503464203236,0.4327186399255276,0.4574795439839363,0.1155435338100818,0.44261277094483376,0.4699628967791796,0.4212183530262101,0.44363782376989397,adequate
internvl3_lingoqa,InternVL3-8B,LingoQA,5,6,non_sdc,5762,75,5762,0,0.0,0.8589462456524538,0.8784666806459427,0.0584193071042154,0.8080517202615738,0.9017361551523209,0.8458713300877152,0.8714678458755545,adequate
internvl3_lingoqa,InternVL3-8B,LingoQA,5,6,non_significant_sdc,1293,70,1293,0,0.0,0.8407250757272263,0.8485393673181534,0.05809293490580751,0.8012371808290482,0.8896517902612686,0.8267638588441588,0.8546803727065081,adequate
internvl3_lingoqa,InternVL3-8B,LingoQA,5,6,significant_sdc,433,75,376,57,0.13163972286374137,0.571269293032101,0.6309116035699844,0.2322785086243486,0.6200911197811365,0.6504996120929718,0.5469285214352445,0.5943458343856092,adequate
internvl3_lingoqa,InternVL3-8B,LingoQA,6,7,non_sdc,5762,75,5762,0,0.0,0.7417110944828177,0.7532022148370743,0.1033835302640648,0.6775080561637878,0.8104726523160934,0.7185685062655763,0.7641478667342685,adequate
internvl3_lingoqa,InternVL3-8B,LingoQA,6,7,non_significant_sdc,1293,70,1293,0,0.0,0.7175506917199398,0.7421738505363464,0.09854113765284644,0.6644308120012283,0.7945052683353424,0.6927995004561595,0.7418114184883716,adequate
internvl3_lingoqa,InternVL3-8B,LingoQA,6,7,significant_sdc,433,75,366,67,0.15473441108545039,0.29650990760890267,0.30835396237671375,0.1084722471184147,0.2775058411061764,0.34135743975639343,0.2833898297651741,0.30961509132946075,adequate
internvl3_lingoqa,InternVL3-8B,LingoQA,7,8,non_sdc,5762,75,5762,0,0.0,0.7159497762387906,0.7164919078350067,0.10341086839392734,0.6526376157999039,0.8043664246797562,0.6924737489554856,0.7387294805366397,adequate
internvl3_lingoqa,InternVL3-8B,LingoQA,7,8,non_significant_sdc,1293,70,1293,0,0.0,0.7006686396352307,0.6978607922792435,0.0929527144996935,0.6528404802083969,0.7825280129909515,0.6782868035670732,0.7225982650344209,adequate
internvl3_lingoqa,InternVL3-8B,LingoQA,7,8,significant_sdc,433,75,360,73,0.1685912240184757,0.36192512339394955,0.42144665867090225,0.17739843897810192,0.3792630825191736,0.4455920234322548,0.3410046805377641,0.38164428370878417,adequate
internvl3_lingoqa,InternVL3-8B,LingoQA,8,9,non_sdc,5762,75,5762,0,0.0,0.7860585548990936,0.7913250103592873,0.07228570953915911,0.7509885393083096,0.8289201855659485,0.7701642220129579,0.8015690048670144,adequate
internvl3_lingoqa,InternVL3-8B,LingoQA,8,9,non_significant_sdc,1293,70,1293,0,0.0,0.7681084724009175,0.78065986931324,0.06925876216527999,0.7233937978744507,0.8196061253547668,0.7511325145218104,0.7844127725831066,adequate
internvl3_lingoqa,InternVL3-8B,LingoQA,8,9,significant_sdc,433,75,344,89,0.20554272517321015,0.5279266611276313,0.5420367568731308,0.134706359502897,0.484447842463851,0.5968722961843014,0.5063567458204549,0.5491463828515568,adequate
internvl3_lingoqa,InternVL3-8B,LingoQA,9,10,non_sdc,5762,75,5762,0,0.0,0.7777610913498333,0.7867434173822403,0.07043974708939749,0.740465871989727,0.8208141624927521,0.7619269168048746,0.7930859081690208,adequate
internvl3_lingoqa,InternVL3-8B,LingoQA,9,10,non_significant_sdc,1293,70,1293,0,0.0,0.7679082663313465,0.7781020998954773,0.06637742062334562,0.7417306303977966,0.8096959143877029,0.7520620486583005,0.7827031367975681,adequate
internvl3_lingoqa,InternVL3-8B,LingoQA,9,10,significant_sdc,433,75,332,101,0.233256351039261,0.43715551454736573,0.4878488890826702,0.16054435587082125,0.44993656873703003,0.5239031799137592,0.4187955999309145,0.4553864462347935,adequate
internvl3_lingoqa,InternVL3-8B,LingoQA,10,11,non_sdc,5762,75,5762,0,0.0,0.7427560136301449,0.7471125572919846,0.07246956654250082,0.697965607047081,0.7888162583112717,0.7271192032936502,0.7579196907396284,adequate
internvl3_lingoqa,InternVL3-8B,LingoQA,10,11,non_significant_sdc,1293,70,1293,0,0.0,0.7302464757731209,0.7347498834133148,0.07508332391191466,0.6778426319360733,0.7822106927633286,0.7119797802371491,0.7490456938640832,adequate
internvl3_lingoqa,InternVL3-8B,LingoQA,10,11,significant_sdc,433,75,320,113,0.26096997690531176,0.09976208056298977,0.14239674620330334,0.19163613350562256,0.06073815992567688,0.18240188481286168,0.07499937423404841,0.12429292444289843,adequate
internvl3_lingoqa,InternVL3-8B,LingoQA,11,12,non_sdc,5762,75,5762,0,0.0,0.745178832184085,0.7469726055860519,0.06781435876382287,0.706893615424633,0.7898511178791523,0.7300853360620826,0.759749910422929,adequate
internvl3_lingoqa,InternVL3-8B,LingoQA,11,12,non_significant_sdc,1293,70,1293,0,0.0,0.7530582379506525,0.7498950660228729,0.07445722726971864,0.7174707055091858,0.8120014667510986,0.7337799339197091,0.7718699747257747,adequate
internvl3_lingoqa,InternVL3-8B,LingoQA,11,12,significant_sdc,433,75,311,122,0.2817551963048499,0.408393725446632,0.4709550216794014,0.17677631857964857,0.3877455722540617,0.5161139816045761,0.38468434049513206,0.4307202055513348,adequate
internvl3_lingoqa,InternVL3-8B,LingoQA,12,13,non_sdc,5762,75,5762,0,0.0,0.7855688394207335,0.7955191284418106,0.05853443653359151,0.7616663575172424,0.8202362209558487,0.77185076522402,0.7979217097807363,adequate
internvl3_lingoqa,InternVL3-8B,LingoQA,12,13,non_significant_sdc,1293,70,1293,0,0.0,0.7704840033601074,0.7850749343633652,0.06319829438257457,0.7402403503656387,0.8136297166347504,0.7540965108995482,0.7858641793516576,adequate
internvl3_lingoqa,InternVL3-8B,LingoQA,12,13,significant_sdc,433,75,299,134,0.30946882217090066,0.4015057367306938,0.44580117613077164,0.16914642345135034,0.3305175304412842,0.5175668857991695,0.37832885654791343,0.4238239480987379,adequate
internvl3_lingoqa,InternVL3-8B,LingoQA,13,14,non_sdc,5762,75,5762,0,0.0,0.7621432237937421,0.778750479221344,0.07326952514938544,0.7175267264246941,0.8119738437235355,0.7456526246787282,0.77806362752419,adequate
internvl3_lingoqa,InternVL3-8B,LingoQA,13,14,non_significant_sdc,1293,70,1293,0,0.0,0.7556219230833112,0.7705504298210144,0.06542971705657849,0.7139159739017487,0.8014455884695053,0.7396290475542254,0.7708968278006043,adequate
internvl3_lingoqa,InternVL3-8B,LingoQA,13,14,significant_sdc,433,75,292,141,0.32563510392609696,0.31575111151124313,0.46572820097208023,0.31969868103964566,0.04979790444485843,0.5215815082192421,0.27642765458675655,0.35314446641715846,adequate
internvl3_lingoqa,InternVL3-8B,LingoQA,14,15,non_sdc,5762,75,5762,0,0.0,0.7886067509278785,0.7977736294269562,0.05187259847431913,0.7648428045213223,0.8248392529785633,0.7769513863287892,0.7994684424036818,adequate
internvl3_lingoqa,InternVL3-8B,LingoQA,14,15,non_significant_sdc,1293,70,1293,0,0.0,0.7916177518706127,0.7974401712417603,0.04368906242260467,0.7683831602334976,0.8221389353275299,0.7813974153489678,0.8017932207760503,adequate
internvl3_lingoqa,InternVL3-8B,LingoQA,14,15,significant_sdc,433,75,277,156,0.36027713625866054,0.44474325754044286,0.5236387252807617,0.19495253505684948,0.25453270971775055,0.5813537463545799,0.41764930500753383,0.4715728972940189,adequate
internvl3_lingoqa,InternVL3-8B,LingoQA,15,16,non_sdc,5762,75,5762,0,0.0,0.7252686267313947,0.7352598085999489,0.07491026479888153,0.683752965182066,0.7740803211927414,0.7087186953910266,0.7405484931743554,adequate
internvl3_lingoqa,InternVL3-8B,LingoQA,15,16,non_significant_sdc,1293,70,1293,0,0.0,0.7300210018791344,0.7412302047014236,0.07105763279177538,0.6819033175706863,0.7818618714809418,0.7109838174787132,0.747980925259904,adequate
internvl3_lingoqa,InternVL3-8B,LingoQA,15,16,significant_sdc,433,75,272,161,0.371824480369515,0.25757974309518056,0.40560948476195335,0.3184351516382492,-0.20569861121475697,0.5069791674613953,0.21517840732593657,0.2988552719173409,adequate
internvl3_lingoqa,InternVL3-8B,LingoQA,16,17,non_sdc,5762,75,5762,0,0.0,0.6943665557437185,0.6942998468875885,0.07807566584763953,0.6439542323350906,0.742709044367075,0.6772750341142779,0.7110230658816178,adequate
internvl3_lingoqa,InternVL3-8B,LingoQA,16,17,non_significant_sdc,1293,70,1293,0,0.0,0.6987059764097295,0.6961489468812943,0.07419554090443105,0.6641897708177567,0.7363194674253464,0.6809835981192579,0.715956633171092,adequate
internvl3_lingoqa,InternVL3-8B,LingoQA,16,17,significant_sdc,433,73,251,182,0.4203233256351039,0.10963762974908271,0.18973136134445667,0.22355936970984142,-0.13566039688885212,0.23741187620908022,0.08086731223769893,0.1393069234242663,adequate
internvl3_lingoqa,InternVL3-8B,LingoQA,17,18,non_sdc,5762,75,5762,0,0.0,0.6889468621176819,0.7037748694419861,0.07522911285373077,0.6336938664317131,0.7454311810433865,0.6724695396005733,0.7049994599901496,adequate
internvl3_lingoqa,InternVL3-8B,LingoQA,17,18,non_significant_sdc,1293,70,1293,0,0.0,0.6790679421323392,0.68808613717556,0.07421312144824935,0.630308136343956,0.7340573221445084,0.6637506126153185,0.6945207882022956,adequate
internvl3_lingoqa,InternVL3-8B,LingoQA,17,18,significant_sdc,433,73,240,193,0.4457274826789839,0.3025156870717183,0.37500330805778503,0.1834638702585369,0.1647479897364974,0.42302314564585686,0.2784710149650191,0.3271731260954394,adequate
internvl3_lingoqa,InternVL3-8B,LingoQA,18,19,non_sdc,5762,75,5762,0,0.0,0.7740975255945084,0.7793381661176682,0.0528115919074156,0.743874654173851,0.807906486093998,0.7632260586127224,0.7845570057119632,adequate
internvl3_lingoqa,InternVL3-8B,LingoQA,18,19,non_significant_sdc,1293,70,1293,0,0.0,0.7792701196827265,0.7888372242450714,0.05023175820292111,0.7567487508058548,0.811108410358429,0.7665197085352713,0.790652732942582,adequate
internvl3_lingoqa,InternVL3-8B,LingoQA,18,19,significant_sdc,433,73,232,201,0.46420323325635104,0.30269755681925825,0.43929752334952354,0.25181676056461694,0.018801161902956665,0.5088788289576769,0.2705412486472208,0.3355660346499622,adequate
internvl3_lingoqa,InternVL3-8B,LingoQA,19,20,non_sdc,5762,75,5762,0,0.0,0.6690253538345606,0.6795381158590317,0.09382075191833655,0.6187985353171825,0.7273174487054348,0.6483584894853329,0.6894160608836397,adequate
internvl3_lingoqa,InternVL3-8B,LingoQA,19,20,non_significant_sdc,1293,70,1293,0,0.0,0.6764599412063113,0.6819114238023758,0.08310396626313893,0.6309227049350739,0.7367085367441177,0.6552251057131812,0.6962141119690404,adequate
internvl3_lingoqa,InternVL3-8B,LingoQA,19,20,significant_sdc,433,73,217,216,0.4988452655889145,0.16728131750637176,0.3186992332339287,0.273926230147576,-0.10093218646943569,0.3866158127784729,0.13018374396141302,0.20617753706662997,adequate
internvl3_lingoqa,InternVL3-8B,LingoQA,20,21,non_sdc,5762,75,5762,0,0.0,0.7154211932531416,0.7207355499267578,0.08200091425568068,0.6599237732589245,0.773233275860548,0.6975614316917566,0.7332209260689642,adequate
internvl3_lingoqa,InternVL3-8B,LingoQA,20,21,non_significant_sdc,1293,70,1293,0,0.0,0.714599189911418,0.7341141551733017,0.0812169406625182,0.6706346869468689,0.7688369005918503,0.6933768633294655,0.7347689692772914,adequate
internvl3_lingoqa,InternVL3-8B,LingoQA,20,21,significant_sdc,433,71,214,219,0.5057736720554272,0.2649700625051057,0.19601022265851498,0.1712754311382628,0.12444444885477424,0.4168602544814348,0.23943606557998395,0.29221400622892924,adequate
internvl3_lingoqa,InternVL3-8B,LingoQA,21,22,non_sdc,5762,75,5762,0,0.0,0.6583176141114067,0.661199651658535,0.114761128939151,0.5799568388611078,0.7387873716652393,0.6323680101548539,0.6831616380058437,adequate
internvl3_lingoqa,InternVL3-8B,LingoQA,21,22,non_significant_sdc,1293,70,1293,0,0.0,0.6600302113320935,0.677139937877655,0.1121713607468888,0.5911051779985428,0.7348769456148148,0.6327562889719022,0.6860192696873114,adequate
internvl3_lingoqa,InternVL3-8B,LingoQA,21,22,significant_sdc,433,70,199,234,0.5404157043879907,0.18652511082224585,0.11866574920713902,0.1305007095972452,0.08441638853400946,0.28270534984767437,0.16640760347720457,0.2080394214469336,adequate
internvl3_lingoqa,InternVL3-8B,LingoQA,22,23,non_sdc,5762,75,5762,0,0.0,0.7271590184640813,0.7357285022735596,0.0855143725501566,0.6787001751363277,0.7836750261485577,0.7086100324554521,0.7456294432279771,adequate
internvl3_lingoqa,InternVL3-8B,LingoQA,22,23,non_significant_sdc,1293,70,1293,0,0.0,0.7271645823745698,0.742808923125267,0.08820284502962294,0.6745706647634506,0.7948538959026337,0.7039498170006905,0.7479224704701606,adequate
internvl3_lingoqa,InternVL3-8B,LingoQA,22,23,significant_sdc,433,69,195,238,0.5496535796766744,0.35161678728957974,0.2746470272541046,0.14492085539820113,0.2562120445072651,0.4458588659763336,0.32961489623640616,0.37492895701460077,adequate
internvl3_lingoqa,InternVL3-8B,LingoQA,23,24,non_sdc,5762,75,5762,0,0.0,0.7141460485840284,0.7139158472418785,0.07535277884514706,0.6595858912914991,0.7729151137173176,0.698020147485815,0.7301505579102531,adequate
internvl3_lingoqa,InternVL3-8B,LingoQA,23,24,non_significant_sdc,1293,70,1293,0,0.0,0.7076426817944067,0.7067589461803436,0.06966765715497224,0.6637172251939774,0.7574464976787567,0.6917025514647835,0.7232966562876103,adequate
internvl3_lingoqa,InternVL3-8B,LingoQA,23,24,significant_sdc,433,68,179,254,0.5866050808314087,0.5426926320736094,0.5839129239320755,0.15326259328754627,0.5439308770000935,0.610880509018898,0.5216262824501148,0.5631314648533627,adequate
internvl3_lingoqa,InternVL3-8B,LingoQA,24,25,non_sdc,5762,75,5762,0,0.0,0.7376605759578696,0.7451900020241737,0.08895061373289517,0.6810175888240337,0.7963506765663624,0.7174878407566372,0.7573312381788712,adequate
internvl3_lingoqa,InternVL3-8B,LingoQA,24,25,non_significant_sdc,1293,70,1293,0,0.0,0.7350493124689783,0.7344475388526917,0.0810527383381824,0.6886818408966064,0.7891249060630798,0.7162478330485231,0.7525794634572023,adequate
internvl3_lingoqa,InternVL3-8B,LingoQA,24,25,significant_sdc,433,67,163,270,0.6235565819861432,0.5090702393669292,0.5383097976446152,0.13741512004777845,0.5224065035581589,0.5560838431119919,0.4893822167910274,0.5280145846015881,adequate
internvl3_lingoqa,InternVL3-8B,LingoQA,25,26,non_sdc,5762,75,5762,0,0.0,0.8195410223392636,0.8162805736064911,0.06816478845062789,0.7664914429187775,0.8739641159772873,0.8045281674727647,0.8342702668357612,adequate
internvl3_lingoqa,InternVL3-8B,LingoQA,25,26,non_significant_sdc,1293,70,1293,0,0.0,0.8071805363447512,0.8103822022676468,0.06449357154073333,0.7638455927371979,0.8498069941997528,0.7930231671970486,0.8214128490594578,adequate
internvl3_lingoqa,InternVL3-8B,LingoQA,25,26,significant_sdc,433,64,155,278,0.6420323325635104,0.3425261299666618,0.3171641081571579,0.14592338136797062,0.25889394991099834,0.42745356634259224,0.3184889237026773,0.36837790348099514,adequate
internvl3_lingoqa,InternVL3-8B,LingoQA,26,27,non_sdc,5762,75,5762,0,0.0,0.9706675823918857,0.9755472913384438,0.017669209602291472,0.9650641828775406,0.9805623590946198,0.9667852390129804,0.9740121434310727,adequate
internvl3_lingoqa,InternVL3-8B,LingoQA,26,27,non_significant_sdc,1293,70,1293,0,0.0,0.9657152515403171,0.9709143787622452,0.033419329077755605,0.9612957388162613,0.9786242842674255,0.9613072465391309,0.969813576053432,adequate
internvl3_lingoqa,InternVL3-8B,LingoQA,26,27,significant_sdc,433,61,143,290,0.6697459584295612,0.44434593930039423,0.43541422486305237,0.20782135970966503,0.3380776084959507,0.5254941806197166,0.405112043191288,0.4881919293133466,adequate
llava15_lingoqa,LLaVA-1.5-7B,LingoQA,0,1,non_sdc,7232,75,7232,0,0.0,0.9094359311546477,0.927019402384758,0.06500701675797087,0.8710368275642395,0.9674378037452698,0.8950642515006256,0.9229816813738568,adequate
llava15_lingoqa,LLaVA-1.5-7B,LingoQA,0,1,non_significant_sdc,102,33,102,0,0.0,0.8801550282274976,0.886165164411068,0.050926360001960116,0.8384762853384018,0.9233859702944756,0.8564459563817144,0.8999162703234541,adequate
llava15_lingoqa,LLaVA-1.5-7B,LingoQA,0,1,significant_sdc,166,41,59,107,0.6445783132530121,0.336805695068028,0.22779247537255287,0.2562152949010299,0.20799997355788946,0.2589728832244873,0.27741137729147036,0.4018170628069554,adequate
llava15_lingoqa,LLaVA-1.5-7B,LingoQA,1,2,non_sdc,7232,75,7232,0,0.0,0.8888867324436046,0.9375246465206146,0.101728946611373,0.8331883735954762,0.9663097262382507,0.8672469014817358,0.9091020377075563,adequate
llava15_lingoqa,LLaVA-1.5-7B,LingoQA,1,2,non_significant_sdc,102,33,102,0,0.0,0.8408645976553945,0.864989846944809,0.0842774097485096,0.8102956712245941,0.8735122717916965,0.8158731641229824,0.8594655942541385,adequate
llava15_lingoqa,LLaVA-1.5-7B,LingoQA,1,2,significant_sdc,166,41,57,109,0.6566265060240963,0.4736253281467055,0.4125381410121918,0.19698083410715997,0.40472766011953354,0.4242520034313202,0.4282152237400103,0.5249034236041116,adequate
llava15_lingoqa,LLaVA-1.5-7B,LingoQA,2,3,non_sdc,7232,75,7232,0,0.0,0.9095728675152138,0.9360819309949875,0.0650525947856675,0.8637429177761078,0.9644147343933582,0.8951451801871526,0.9224771999381411,adequate
llava15_lingoqa,LLaVA-1.5-7B,LingoQA,2,3,non_significant_sdc,102,33,102,0,0.0,0.8601988735882675,0.8602519556879997,0.06526002505483877,0.8176556304097176,0.9003644287586212,0.8377079537003939,0.8807005747082626,adequate
llava15_lingoqa,LLaVA-1.5-7B,LingoQA,2,3,significant_sdc,166,41,57,109,0.6566265060240963,0.5738313803285883,0.5125911235809326,0.16007385768590326,0.48357417434453964,0.5483423843979836,0.535985583970545,0.6159811354649349,adequate
llava15_lingoqa,LLaVA-1.5-7B,LingoQA,3,4,non_sdc,7232,75,7232,0,0.0,0.9115019772877604,0.9382020533084869,0.06606162120647482,0.872033279389143,0.9618792533874512,0.8969648574449258,0.9243016138442592,adequate
llava15_lingoqa,LLaVA-1.5-7B,LingoQA,3,4,non_significant_sdc,102,33,102,0,0.0,0.8779317665041662,0.874234989285469,0.05561927693388434,0.8529031127691269,0.9136563092470169,0.8601040214608795,0.8943961312699416,adequate
llava15_lingoqa,LLaVA-1.5-7B,LingoQA,3,4,significant_sdc,166,41,57,109,0.6566265060240963,0.6076075634674022,0.5656924396753311,0.1410408092303061,0.5368089005351067,0.5967021062970161,0.5769014432182239,0.6421378842463548,adequate
llava15_lingoqa,LLaVA-1.5-7B,LingoQA,4,5,non_sdc,7232,75,7232,0,0.0,0.8725721023991914,0.8980633914470673,0.07931449621806597,0.814099621027708,0.9420595765113831,0.8557509553329107,0.8888980967702499,adequate
llava15_lingoqa,LLaVA-1.5-7B,LingoQA,4,5,non_significant_sdc,102,33,102,0,0.0,0.8469817735546944,0.8551018387079239,0.06422214161515581,0.8024222701787949,0.8995837159454823,0.8234446336311522,0.8682937534224371,adequate
llava15_lingoqa,LLaVA-1.5-7B,LingoQA,4,5,significant_sdc,166,41,57,109,0.6566265060240963,0.5542539909743426,0.5059376433491707,0.1459658252888381,0.49142860621213913,0.5603086352348328,0.5210487614621551,0.5908255390755105,adequate
llava15_lingoqa,LLaVA-1.5-7B,LingoQA,5,6,non_sdc,7232,75,7232,0,0.0,0.8215565557361877,0.8293068930506706,0.09805893488405515,0.7466015592217445,0.9189783334732056,0.7996234253705052,0.8427187023128568,adequate
llava15_lingoqa,LLaVA-1.5-7B,LingoQA,5,6,non_significant_sdc,102,33,102,0,0.0,0.7984915797178652,0.8087564557790756,0.06596940549229374,0.7470551691949368,0.8241836316883564,0.7729618630390658,0.8220204541863187,adequate
llava15_lingoqa,LLaVA-1.5-7B,LingoQA,5,6,significant_sdc,166,38,54,112,0.6746987951807228,0.4042387606901617,0.3291302958969027,0.19299165609423743,0.29488844121806324,0.4254300510510802,0.3576761805320827,0.4587724516047892,adequate
llava15_lingoqa,LLaVA-1.5-7B,LingoQA,6,7,non_sdc,7232,75,7232,0,0.0,0.8333362436621204,0.8517803847789764,0.09720382570473404,0.7953140735626221,0.9003574252128601,0.8107977415387865,0.8531613623941474,adequate
llava15_lingoqa,LLaVA-1.5-7B,LingoQA,6,7,non_significant_sdc,102,33,102,0,0.0,0.8159929241108543,0.8197123855352402,0.06771145110450695,0.8067374117672443,0.8550889045000076,0.7912603070096049,0.8372429535846172,adequate
llava15_lingoqa,LLaVA-1.5-7B,LingoQA,6,7,significant_sdc,166,38,54,112,0.6746987951807228,0.5489761218152664,0.5170665122568607,0.1740929990593966,0.4842517711222172,0.6169554125517607,0.4929891943110083,0.5980447090005506,adequate
llava15_lingoqa,LLaVA-1.5-7B,LingoQA,7,8,non_sdc,7232,75,7232,0,0.0,0.7957353886664339,0.8071437180042267,0.1004437307223147,0.7382223904132843,0.8792191632091999,0.7726324932168502,0.817084638157863,adequate
llava15_lingoqa,LLaVA-1.5-7B,LingoQA,7,8,non_significant_sdc,102,33,102,0,0.0,0.7888772744758457,0.7903837412595749,0.05981470461161519,0.754346452653408,0.8299906626343727,0.7635865229458485,0.8098998880888257,adequate
llava15_lingoqa,LLaVA-1.5-7B,LingoQA,7,8,significant_sdc,166,38,52,114,0.6867469879518072,0.642402028458981,0.644583098590374,0.11173122702088216,0.6084435433149338,0.6808975860476494,0.6068634371489752,0.6742934650687324,adequate
llava15_lingoqa,LLaVA-1.5-7B,LingoQA,8,9,non_sdc,7232,75,7232,0,0.0,0.7986021177334283,0.8261538147926331,0.10251343667481329,0.7346851229667664,0.8759680688381195,0.7761821197567043,0.8198534301300204,adequate
llava15_lingoqa,LLaVA-1.5-7B,LingoQA,8,9,non_significant_sdc,102,33,102,0,0.0,0.7903849200582972,0.7850222885608673,0.06442680800215513,0.7569482512772083,0.838882077485323,0.762907130119438,0.8163084752221698,adequate
llava15_lingoqa,LLaVA-1.5-7B,LingoQA,8,9,significant_sdc,166,38,50,116,0.6987951807228916,0.5213912799581886,0.5184203647077084,0.12147640086576318,0.4310352671891451,0.5585729591548443,0.48998201881050224,0.5577574270631838,adequate
llava15_lingoqa,LLaVA-1.5-7B,LingoQA,9,10,non_sdc,7232,75,7232,0,0.0,0.8698858588080232,0.887016549706459,0.07582431741327575,0.8282023333013058,0.9299797117710114,0.8534430057195471,0.885490372927168,adequate
llava15_lingoqa,LLaVA-1.5-7B,LingoQA,9,10,non_significant_sdc,102,33,102,0,0.0,0.8692137318498948,0.8722361475229263,0.043428647213727696,0.8579812757670879,0.8987978473305702,0.8521258607802968,0.8814232594600396,adequate
llava15_lingoqa,LLaVA-1.5-7B,LingoQA,9,10,significant_sdc,166,37,48,118,0.7108433734939759,0.6341737022933861,0.635186318308115,0.12830671267560628,0.5292947050184011,0.6676098369061947,0.5997683485470241,0.669624066605348,adequate
llava15_lingoqa,LLaVA-1.5-7B,LingoQA,10,11,non_sdc,7232,75,7232,0,0.0,0.7415052058269986,0.7440589070320129,0.12955128914420072,0.6734480373561382,0.8316608369350433,0.7125760916459626,0.7691259816502315,adequate
llava15_lingoqa,LLaVA-1.5-7B,LingoQA,10,11,non_significant_sdc,102,33,102,0,0.0,0.7894845055598839,0.7800980806350708,0.07578894136489386,0.7465384230017662,0.8516591712832451,0.7544689700499,0.8239474638471188,adequate
llava15_lingoqa,LLaVA-1.5-7B,LingoQA,10,11,significant_sdc,166,36,47,119,0.7168674698795181,0.5232462594880068,0.5184885114431381,0.14204405139616322,0.467043898999691,0.5968075133860111,0.4770864175407295,0.5653682952425875,adequate
llava15_lingoqa,LLaVA-1.5-7B,LingoQA,11,12,non_sdc,7232,75,7232,0,0.0,0.7470225007623533,0.7602008432149887,0.10514244662544427,0.6923282146453857,0.8130955621600151,0.7243284823496793,0.7694040140959452,adequate
llava15_lingoqa,LLaVA-1.5-7B,LingoQA,11,12,non_significant_sdc,102,33,102,0,0.0,0.7743692720929781,0.783372238278389,0.06272185055953429,0.7325406298041344,0.8273877128958702,0.7464594280555856,0.7989462153743913,adequate
llava15_lingoqa,LLaVA-1.5-7B,LingoQA,11,12,significant_sdc,166,34,44,122,0.7349397590361446,0.5315469285388562,0.5220106728374958,0.13720876704569113,0.44410088285803795,0.6368624940514565,0.48640388579028676,0.5745904220718824,adequate
llava15_lingoqa,LLaVA-1.5-7B,LingoQA,12,13,non_sdc,7232,75,7232,0,0.0,0.7552132720895561,0.7678923010826111,0.09862922994263017,0.6847264766693115,0.8252287022769451,0.733866067300516,0.7754120313537132,adequate
llava15_lingoqa,LLaVA-1.5-7B,LingoQA,12,13,non_significant_sdc,102,33,102,0,0.0,0.7766488745224243,0.7927373945713043,0.07599533893640911,0.7353691980242729,0.8331180177628994,0.7405554956789964,0.8064015469753223,adequate
llava15_lingoqa,LLaVA-1.5-7B,LingoQA,12,13,significant_sdc,166,34,44,122,0.7349397590361446,0.5299662424420769,0.5431947112083435,0.15140174300929768,0.44935426488518715,0.6511600501835346,0.47771539298557614,0.5777026370211341,adequate
llava15_lingoqa,LLaVA-1.5-7B,LingoQA,13,14,non_sdc,7232,75,7232,0,0.0,0.7665458806566509,0.7760396003723145,0.08774031494863845,0.7312978133559227,0.8283564746379852,0.7472735472007773,0.784856863694055,adequate
llava15_lingoqa,LLaVA-1.5-7B,LingoQA,13,14,non_significant_sdc,102,33,102,0,0.0,0.7569076118662077,0.778053380548954,0.08255265421024864,0.6794562749564648,0.8168287463486195,0.7151490439790669,0.7935298688420704,adequate
llava15_lingoqa,LLaVA-1.5-7B,LingoQA,13,14,significant_sdc,166,34,44,122,0.7349397590361446,0.46630314860323613,0.4668036289513111,0.1698221902812583,0.3931053141131997,0.5337695255875587,0.40769239229832044,0.5178397496632956,adequate
llava15_lingoqa,LLaVA-1.5-7B,LingoQA,14,15,non_sdc,7232,75,7232,0,0.0,0.8041137397559882,0.8214832544326782,0.0878141115739811,0.7519484162330627,0.8726616501808167,0.7848738756149578,0.8223532938098419,adequate
llava15_lingoqa,LLaVA-1.5-7B,LingoQA,14,15,non_significant_sdc,102,33,102,0,0.0,0.7821163494943404,0.7813033014535904,0.08451034036128084,0.7110457234084606,0.8586795404553413,0.7417234464112925,0.8214547379394975,adequate
llava15_lingoqa,LLaVA-1.5-7B,LingoQA,14,15,significant_sdc,166,32,41,125,0.7530120481927711,0.5076668344029203,0.5182439237833023,0.1768975213644894,0.39924120903015137,0.5550164952874184,0.45209503032965587,0.5635252263751429,adequate
llava15_lingoqa,LLaVA-1.5-7B,LingoQA,15,16,non_sdc,7232,75,7232,0,0.0,0.7763861325812583,0.7923568412661552,0.11611779612595145,0.7312791347503662,0.8524875827133656,0.7497082307973602,0.800071870258197,adequate
llava15_lingoqa,LLaVA-1.5-7B,LingoQA,15,16,non_significant_sdc,102,33,102,0,0.0,0.7730636549200497,0.7876120582222939,0.08270747581461338,0.7085979543626308,0.8399396128952503,0.7378706480079479,0.8054490195545463,adequate
llava15_lingoqa,LLaVA-1.5-7B,LingoQA,15,16,significant_sdc,166,31,40,126,0.7590361445783133,0.44773732805624605,0.4371275268495083,0.17417442633799043,0.39719485491514206,0.4615357220172882,0.38926068369043826,0.5038022255811553,adequate
llava15_lingoqa,LLaVA-1.5-7B,LingoQA,16,17,non_sdc,7232,75,7232,0,0.0,0.7236059375995342,0.7545217052102089,0.1303394817193357,0.6680985502898693,0.8178822994232178,0.6947773997333809,0.7504389563294679,adequate
llava15_lingoqa,LLaVA-1.5-7B,LingoQA,16,17,non_significant_sdc,102,33,102,0,0.0,0.6672779367688824,0.7379155680537224,0.1815034340658528,0.4795906785875559,0.803421001881361,0.5593482768273463,0.7598351673075405,adequate
llava15_lingoqa,LLaVA-1.5-7B,LingoQA,16,17,significant_sdc,166,29,37,129,0.7771084337349398,0.3233446954825037,0.3035873919725418,0.22114424449070597,0.22483742609620094,0.35041289776563644,0.2577893745267062,0.39085175840412056,underpowered
llava15_lingoqa,LLaVA-1.5-7B,LingoQA,17,18,non_sdc,7232,75,7232,0,0.0,0.8183848486472696,0.8307080492377281,0.0822741058506918,0.7621036842465401,0.8848645985126495,0.8013135619575773,0.8348659338056355,adequate
llava15_lingoqa,LLaVA-1.5-7B,LingoQA,17,18,non_significant_sdc,102,33,102,0,0.0,0.7587672151150364,0.7712509632110596,0.08986133327121307,0.6969507411122322,0.8113350309431553,0.72492510911855,0.7866471365599674,adequate
llava15_lingoqa,LLaVA-1.5-7B,LingoQA,17,18,significant_sdc,166,29,37,129,0.7771084337349398,0.5150622857004605,0.5043101385235786,0.21051079281167198,0.4558017924427986,0.6129373162984848,0.44845909559522273,0.5780593462637625,underpowered
llava15_lingoqa,LLaVA-1.5-7B,LingoQA,18,19,non_sdc,7232,75,7232,0,0.0,0.7734438587246417,0.794689491391182,0.08938761425450929,0.719604454934597,0.8406302556395531,0.7535798674772173,0.7917519898699975,adequate
llava15_lingoqa,LLaVA-1.5-7B,LingoQA,18,19,non_significant_sdc,102,33,102,0,0.0,0.7503468389531561,0.7861759066581726,0.09949823744274176,0.6622406244277954,0.8261057287454605,0.6946613493219564,0.7955598583597074,adequate
llava15_lingoqa,LLaVA-1.5-7B,LingoQA,18,19,significant_sdc,166,28,35,131,0.7891566265060241,0.4932573319545814,0.47215108573436737,0.17278065161909034,0.3975211791694164,0.5566813126206398,0.4394623260265337,0.5462431813510337,underpowered
llava15_lingoqa,LLaVA-1.5-7B,LingoQA,19,20,non_sdc,7232,75,7232,0,0.0,0.7838055343685841,0.8099304735660553,0.09584892748157056,0.7426943480968475,0.8512707948684692,0.762493346804722,0.8037179864529487,adequate
llava15_lingoqa,LLaVA-1.5-7B,LingoQA,19,20,non_significant_sdc,102,33,102,0,0.0,0.7270069554740307,0.7629475593566895,0.09958999429178815,0.6348135508596897,0.8013972006738186,0.6711710379306759,0.7744357443223256,adequate
llava15_lingoqa,LLaVA-1.5-7B,LingoQA,19,20,significant_sdc,166,28,34,132,0.7951807228915663,0.4464933626107214,0.47227948997169733,0.23179730533693008,0.2842342311050743,0.5762640032917261,0.3785773910609584,0.5191777051040843,underpowered
llava15_lingoqa,LLaVA-1.5-7B,LingoQA,20,21,non_sdc,7232,75,7232,0,0.0,0.7858884215538771,0.8154112547636032,0.11335675193411045,0.7270469069480896,0.8687449395656586,0.7605455613591572,0.8092562889510415,adequate
llava15_lingoqa,LLaVA-1.5-7B,LingoQA,20,21,non_significant_sdc,102,33,102,0,0.0,0.7226088593038273,0.7731717005372047,0.11874533074402564,0.6410670783370733,0.820516400039196,0.6556769366114333,0.7772001311879033,adequate
llava15_lingoqa,LLaVA-1.5-7B,LingoQA,20,21,significant_sdc,166,28,34,132,0.7951807228915663,0.5635936900096781,0.5795335322618484,0.14824593611972697,0.44844686798751354,0.6543544940650463,0.518490088200714,0.6174948147745664,underpowered
llava15_lingoqa,LLaVA-1.5-7B,LingoQA,21,22,non_sdc,7232,75,7232,0,0.0,0.8360388462549689,0.8425187468528748,0.0845531963295121,0.7842207749684652,0.9067670069634914,0.8179222847981528,0.8529911630627278,adequate
llava15_lingoqa,LLaVA-1.5-7B,LingoQA,21,22,non_significant_sdc,102,33,102,0,0.0,0.795607832424781,0.8099541068077087,0.07643352877469792,0.7539957836270332,0.831581823527813,0.7618683744753251,0.8212141695787496,adequate
llava15_lingoqa,LLaVA-1.5-7B,LingoQA,21,22,significant_sdc,166,27,33,133,0.8012048192771084,0.4394750365930976,0.4769532009959221,0.27638004586582177,0.1640377976000309,0.6746255457401276,0.34988187376569996,0.5367423329801942,underpowered
llava15_lingoqa,LLaVA-1.5-7B,LingoQA,22,23,non_sdc,7232,75,7232,0,0.0,0.7508866923166146,0.7568612620234489,0.10578284069148737,0.6776592433452606,0.8406376540660858,0.7282235263181226,0.7727406397106679,adequate
llava15_lingoqa,LLaVA-1.5-7B,LingoQA,22,23,non_significant_sdc,102,33,102,0,0.0,0.705656593775048,0.7141622751951218,0.10765288982076869,0.6262883096933365,0.7953809499740601,0.6514175593313657,0.7514799681263034,adequate
llava15_lingoqa,LLaVA-1.5-7B,LingoQA,22,23,significant_sdc,166,26,32,134,0.8072289156626506,0.4650422848353628,0.456555288285017,0.158703186813215,0.41661021672189236,0.5415156707167625,0.41003325937049734,0.5188198962323023,underpowered
llava15_lingoqa,LLaVA-1.5-7B,LingoQA,23,24,non_sdc,7232,75,7232,0,0.0,0.8172618859308631,0.8250012695789337,0.07809132313780331,0.7824138849973679,0.8708264715969563,0.8019331936491715,0.8323001643255709,adequate
llava15_lingoqa,LLaVA-1.5-7B,LingoQA,23,24,non_significant_sdc,102,33,102,0,0.0,0.7899287084446234,0.8090038821101189,0.06938029219465132,0.7702578939497471,0.8256250023841858,0.7662306495547585,0.8056522741427268,adequate
llava15_lingoqa,LLaVA-1.5-7B,LingoQA,23,24,significant_sdc,166,26,32,134,0.8072289156626506,0.6491364940884523,0.66670361161232,0.16826284504479738,0.6328635960817337,0.742551639676094,0.5913266940225315,0.6990555576805491,underpowered
llava15_lingoqa,LLaVA-1.5-7B,LingoQA,24,25,non_sdc,7232,75,7232,0,0.0,0.7401776999806241,0.7491557449102402,0.11638730433969229,0.6789270602166653,0.8238851986825466,0.7156885103475813,0.7635821510896416,adequate
llava15_lingoqa,LLaVA-1.5-7B,LingoQA,24,25,non_significant_sdc,102,33,102,0,0.0,0.6907056136714185,0.7132354155182838,0.12551602728423372,0.6305681206285954,0.8082236014306545,0.6393063495566593,0.7326380419950723,adequate
llava15_lingoqa,LLaVA-1.5-7B,LingoQA,24,25,significant_sdc,166,25,31,135,0.8132530120481928,0.3446711513604368,0.24837975576519966,0.2165989662930548,0.20402238052338362,0.4545034430921078,0.27733249052716163,0.4161813728183972,underpowered
llava15_lingoqa,LLaVA-1.5-7B,LingoQA,25,26,non_sdc,7232,75,7232,0,0.0,0.8353535816688804,0.8547174334526062,0.06840596051111227,0.7977120578289032,0.8851030841469765,0.820779477711212,0.8489720101556623,adequate
llava15_lingoqa,LLaVA-1.5-7B,LingoQA,25,26,non_significant_sdc,102,33,102,0,0.0,0.8065187103461986,0.7994746193289757,0.06452466151105474,0.7853216417133808,0.8483401276171207,0.7820907417728474,0.8335796429790923,adequate
llava15_lingoqa,LLaVA-1.5-7B,LingoQA,25,26,significant_sdc,166,25,31,135,0.8132530120481928,0.6492929256280824,0.6624373197555542,0.1681208192260929,0.6227844059467316,0.7263944819569588,0.5903164722896631,0.6979909431094973,underpowered
llava15_lingoqa,LLaVA-1.5-7B,LingoQA,26,27,non_sdc,7232,75,7232,0,0.0,0.834516129122067,0.8632149994373322,0.11251059546931917,0.7613730318844318,0.9311544448137283,0.8095319382688486,0.8583262496886856,adequate
llava15_lingoqa,LLaVA-1.5-7B,LingoQA,26,27,non_significant_sdc,102,33,102,0,0.0,0.723886414230162,0.7549530938267708,0.11472349325254869,0.629591841250658,0.8190104514360428,0.6773647905340521,0.7682965217329407,adequate
llava15_lingoqa,LLaVA-1.5-7B,LingoQA,26,27,significant_sdc,166,23,29,137,0.8253012048192772,0.455330524946852,0.391692484728992,0.25245540692862556,0.2957908036187291,0.6008272022008896,0.38213923462585975,0.5383012407370088,underpowered
llava15_lingoqa,LLaVA-1.5-7B,LingoQA,27,28,non_sdc,7232,75,7232,0,0.0,0.8218703113154957,0.8415417373180389,0.09366134385586597,0.7809599488973618,0.893175482749939,0.8019484341672756,0.8398595749108809,adequate
llava15_lingoqa,LLaVA-1.5-7B,LingoQA,27,28,non_significant_sdc,102,33,102,0,0.0,0.7549948840055103,0.7779239863157272,0.11866395747109622,0.7320439703762531,0.8309739902615547,0.7172883685926597,0.7811359769122452,adequate
llava15_lingoqa,LLaVA-1.5-7B,LingoQA,27,28,significant_sdc,166,21,24,142,0.8554216867469879,0.4642521381028928,0.44930560793727636,0.2276439977221836,0.3450681499671191,0.6252782326191664,0.37484603616806755,0.5508100950245178,underpowered
llava15_lingoqa,LLaVA-1.5-7B,LingoQA,28,29,non_sdc,7232,75,7232,0,0.0,0.832530961510781,0.8427454233169556,0.07003050567458427,0.7991372346878052,0.8790289238095284,0.8195124535321953,0.8448709264354117,adequate
llava15_lingoqa,LLaVA-1.5-7B,LingoQA,28,29,non_significant_sdc,102,33,102,0,0.0,0.7907289345657417,0.8139510005712509,0.08923475832531792,0.773576594889164,0.8386325314640999,0.7611725803992619,0.8090743117243888,adequate
llava15_lingoqa,LLaVA-1.5-7B,LingoQA,28,29,significant_sdc,166,20,22,144,0.8674698795180723,0.6145841189744797,0.6801240146160126,0.22250427926077493,0.5259301289916039,0.7742338813841343,0.514792127575228,0.6986569686972706,underpowered
llava15_lingoqa,LLaVA-1.5-7B,LingoQA,29,30,non_sdc,7232,75,7232,0,0.0,0.854585419725771,0.8649890720844269,0.06706991897569858,0.827914372086525,0.9017530828714371,0.8413800161552962,0.8667379554050341,adequate
llava15_lingoqa,LLaVA-1.5-7B,LingoQA,29,30,non_significant_sdc,102,33,102,0,0.0,0.7603379928817352,0.7974488213658333,0.12680170358962634,0.7719972729682922,0.8378737419843674,0.723699767422988,0.7841160034547893,adequate
llava15_lingoqa,LLaVA-1.5-7B,LingoQA,29,30,significant_sdc,166,17,19,147,0.8855421686746988,0.5453934343776813,0.5953832268714905,0.25988161472066384,0.4090935541316867,0.7500587105751038,0.42191563257460457,0.6532063435413875,underpowered
llava15_lingoqa,LLaVA-1.5-7B,LingoQA,30,31,non_sdc,7232,75,7232,0,0.0,0.8941362874059056,0.9139051735401154,0.06468650061187237,0.8580561652779579,0.9407887868583202,0.8808465091050067,0.9064499718186957,adequate
llava15_lingoqa,LLaVA-1.5-7B,LingoQA,30,31,non_significant_sdc,102,33,102,0,0.0,0.8300865365594041,0.8529414981603622,0.11786456562525507,0.8086969964206219,0.9080319739878178,0.7882374252733088,0.8582436704023739,adequate
llava15_lingoqa,LLaVA-1.5-7B,LingoQA,30,31,significant_sdc,166,11,12,154,0.927710843373494,0.6996637829579413,0.8375484719872475,0.25192037256739175,0.5745747480541468,0.8703414537012577,0.5598154873354361,0.8328824717678469,underpowered
