job,model,dataset,src_layer,tgt_layer,sdc_group,rows,finite_rows,non_finite_rows,non_finite_rate
qwen25_vl_earthvqa,Qwen2.5-VL-7B,EarthVQA,0,1,non_sdc,5540,5540,0,0.0
qwen25_vl_earthvqa,Qwen2.5-VL-7B,EarthVQA,0,1,non_significant_sdc,1723,1723,0,0.0
qwen25_vl_earthvqa,Qwen2.5-VL-7B,EarthVQA,0,1,significant_sdc,224,184,40,0.1785714285714286
qwen25_vl_earthvqa,Qwen2.5-VL-7B,EarthVQA,1,2,non_sdc,5540,5540,0,0.0
qwen25_vl_earthvqa,Qwen2.5-VL-7B,EarthVQA,1,2,non_significant_sdc,1723,1723,0,0.0
qwen25_vl_earthvqa,Qwen2.5-VL-7B,EarthVQA,1,2,significant_sdc,224,181,43,0.1919642857142857
qwen25_vl_earthvqa,Qwen2.5-VL-7B,EarthVQA,2,3,non_sdc,5540,5540,0,0.0
qwen25_vl_earthvqa,Qwen2.5-VL-7B,EarthVQA,2,3,non_significant_sdc,1723,1723,0,0.0
qwen25_vl_earthvqa,Qwen2.5-VL-7B,EarthVQA,2,3,significant_sdc,224,183,41,0.1830357142857143
qwen25_vl_earthvqa,Qwen2.5-VL-7B,EarthVQA,3,4,non_sdc,5540,5540,0,0.0
qwen25_vl_earthvqa,Qwen2.5-VL-7B,EarthVQA,3,4,non_significant_sdc,1723,1723,0,0.0
qwen25_vl_earthvqa,Qwen2.5-VL-7B,EarthVQA,3,4,significant_sdc,224,179,45,0.2008928571428571
qwen25_vl_earthvqa,Qwen2.5-VL-7B,EarthVQA,4,5,non_sdc,5540,5540,0,0.0
qwen25_vl_earthvqa,Qwen2.5-VL-7B,EarthVQA,4,5,non_significant_sdc,1723,1723,0,0.0
qwen25_vl_earthvqa,Qwen2.5-VL-7B,EarthVQA,4,5,significant_sdc,224,175,49,0.21875
qwen25_vl_earthvqa,Qwen2.5-VL-7B,EarthVQA,5,6,non_sdc,5540,5540,0,0.0
qwen25_vl_earthvqa,Qwen2.5-VL-7B,EarthVQA,5,6,non_significant_sdc,1723,1723,0,0.0
qwen25_vl_earthvqa,Qwen2.5-VL-7B,EarthVQA,5,6,significant_sdc,224,179,45,0.2008928571428571
qwen25_vl_earthvqa,Qwen2.5-VL-7B,EarthVQA,6,7,non_sdc,5540,5540,0,0.0
qwen25_vl_earthvqa,Qwen2.5-VL-7B,EarthVQA,6,7,non_significant_sdc,1723,1723,0,0.0
qwen25_vl_earthvqa,Qwen2.5-VL-7B,EarthVQA,6,7,significant_sdc,224,178,46,0.2053571428571429
qwen25_vl_earthvqa,Qwen2.5-VL-7B,EarthVQA,7,8,non_sdc,5540,5540,0,0.0
qwen25_vl_earthvqa,Qwen2.5-VL-7B,EarthVQA,7,8,non_significant_sdc,1723,1723,0,0.0
qwen25_vl_earthvqa,Qwen2.5-VL-7B,EarthVQA,7,8,significant_sdc,224,176,48,0.2142857142857143
qwen25_vl_earthvqa,Qwen2.5-VL-7B,EarthVQA,8,9,non_sdc,5540,5540,0,0.0
qwen25_vl_earthvqa,Qwen2.5-VL-7B,EarthVQA,8,9,non_significant_sdc,1723,1723,0,0.0
qwen25_vl_earthvqa,Qwen2.5-VL-7B,EarthVQA,8,9,significant_sdc,224,169,55,0.2455357142857143
qwen25_vl_earthvqa,Qwen2.5-VL-7B,EarthVQA,9,10,non_sdc,5540,5540,0,0.0
qwen25_vl_earthvqa,Qwen2.5-VL-7B,EarthVQA,9,10,non_significant_sdc,1723,1723,0,0.0
qwen25_vl_earthvqa,Qwen2.5-VL-7B,EarthVQA,9,10,significant_sdc,224,167,57,0.2544642857142857
qwen25_vl_earthvqa,Qwen2.5-VL-7B,EarthVQA,10,11,non_sdc,5540,5540,0,0.0
qwen25_vl_earthvqa,Qwen2.5-VL-7B,EarthVQA,10,11,non_significant_sdc,1723,1723,0,0.0
qwen25_vl_earthvqa,Qwen2.5-VL-7B,EarthVQA,10,11,significant_sdc,224,166,58,0.2589285714285714
qwen25_vl_earthvqa,Qwen2.5-VL-7B,EarthVQA,11,12,non_sdc,5540,5540,0,0.0
qwen25_vl_earthvqa,Qwen2.5-VL-7B,EarthVQA,11,12,non_significant_sdc,1723,1723,0,0.0
qwen25_vl_earthvqa,Qwen2.5-VL-7B,EarthVQA,11,12,significant_sdc,224,166,58,0.2589285714285714
qwen25_vl_earthvqa,Qwen2.5-VL-7B,EarthVQA,12,13,non_sdc,5540,5540,0,0.0
qwen25_vl_earthvqa,Qwen2.5-VL-7B,EarthVQA,12,13,non_significant_sdc,1723,1723,0,0.0
qwen25_vl_earthvqa,Qwen2.5-VL-7B,EarthVQA,12,13,significant_sdc,224,160,64,0.2857142857142857
qwen25_vl_earthvqa,Qwen2.5-VL-7B,EarthVQA,13,14,non_sdc,5540,5540,0,0.0
qwen25_vl_earthvqa,Qwen2.5-VL-7B,EarthVQA,13,14,non_significant_sdc,1723,1723,0,0.0
qwen25_vl_earthvqa,Qwen2.5-VL-7B,EarthVQA,13,14,significant_sdc,224,161,63,0.28125
qwen25_vl_earthvqa,Qwen2.5-VL-7B,EarthVQA,14,15,non_sdc,5540,5540,0,0.0
qwen25_vl_earthvqa,Qwen2.5-VL-7B,EarthVQA,14,15,non_significant_sdc,1723,1723,0,0.0
qwen25_vl_earthvqa,Qwen2.5-VL-7B,EarthVQA,14,15,significant_sdc,224,160,64,0.2857142857142857
qwen25_vl_earthvqa,Qwen2.5-VL-7B,EarthVQA,15,16,non_sdc,5540,5540,0,0.0
qwen25_vl_earthvqa,Qwen2.5-VL-7B,EarthVQA,15,16,non_significant_sdc,1723,1723,0,0.0
qwen25_vl_earthvqa,Qwen2.5-VL-7B,EarthVQA,15,16,significant_sdc,224,160,64,0.2857142857142857
qwen25_vl_earthvqa,Qwen2.5-VL-7B,EarthVQA,16,17,non_sdc,5540,5540,0,0.0
qwen25_vl_earthvqa,Qwen2.5-VL-7B,EarthVQA,16,17,non_significant_sdc,1723,1723,0,0.0
qwen25_vl_earthvqa,Qwen2.5-VL-7B,EarthVQA,16,17,significant_sdc,224,154,70,0.3125
qwen25_vl_earthvqa,Qwen2.5-VL-7B,EarthVQA,17,18,non_sdc,5540,5540,0,0.0
qwen25_vl_earthvqa,Qwen2.5-VL-7B,EarthVQA,17,18,non_significant_sdc,1723,1723,0,0.0
qwen25_vl_earthvqa,Qwen2.5-VL-7B,EarthVQA,17,18,significant_sdc,224,150,74,0.3303571428571429
qwen25_vl_earthvqa,Qwen2.5-VL-7B,EarthVQA,18,19,non_sdc,5540,5540,0,0.0
qwen25_vl_earthvqa,Qwen2.5-VL-7B,EarthVQA,18,19,non_significant_sdc,1723,1723,0,0.0
qwen25_vl_earthvqa,Qwen2.5-VL-7B,EarthVQA,18,19,significant_sdc,224,151,73,0.3258928571428571
qwen25_vl_earthvqa,Qwen2.5-VL-7B,EarthVQA,19,20,non_sdc,5540,5540,0,0.0
qwen25_vl_earthvqa,Qwen2.5-VL-7B,EarthVQA,19,20,non_significant_sdc,1723,1723,0,0.0
qwen25_vl_earthvqa,Qwen2.5-VL-7B,EarthVQA,19,20,significant_sdc,224,143,81,0.3616071428571429
qwen25_vl_earthvqa,Qwen2.5-VL-7B,EarthVQA,20,21,non_sdc,5540,5540,0,0.0
qwen25_vl_earthvqa,Qwen2.5-VL-7B,EarthVQA,20,21,non_significant_sdc,1723,1723,0,0.0
qwen25_vl_earthvqa,Qwen2.5-VL-7B,EarthVQA,20,21,significant_sdc,224,139,85,0.3794642857142857
qwen25_vl_earthvqa,Qwen2.5-VL-7B,EarthVQA,21,22,non_sdc,5540,5540,0,0.0
qwen25_vl_earthvqa,Qwen2.5-VL-7B,EarthVQA,21,22,non_significant_sdc,1723,1723,0,0.0
qwen25_vl_earthvqa,Qwen2.5-VL-7B,EarthVQA,21,22,significant_sdc,224,137,87,0.3883928571428571
qwen25_vl_earthvqa,Qwen2.5-VL-7B,EarthVQA,22,23,non_sdc,5540,5540,0,0.0
qwen25_vl_earthvqa,Qwen2.5-VL-7B,EarthVQA,22,23,non_significant_sdc,1723,1723,0,0.0
qwen25_vl_earthvqa,Qwen2.5-VL-7B,EarthVQA,22,23,significant_sdc,224,133,91,0.40625
qwen25_vl_earthvqa,Qwen2.5-VL-7B,EarthVQA,23,24,non_sdc,5540,5540,0,0.0
qwen25_vl_earthvqa,Qwen2.5-VL-7B,EarthVQA,23,24,non_significant_sdc,1723,1723,0,0.0
qwen25_vl_earthvqa,Qwen2.5-VL-7B,EarthVQA,23,24,significant_sdc,224,131,93,0.4151785714285714
qwen25_vl_earthvqa,Qwen2.5-VL-7B,EarthVQA,24,25,non_sdc,5540,5540,0,0.0
qwen25_vl_earthvqa,Qwen2.5-VL-7B,EarthVQA,24,25,non_significant_sdc,1723,1723,0,0.0
qwen25_vl_earthvqa,Qwen2.5-VL-7B,EarthVQA,24,25,significant_sdc,224,128,96,0.4285714285714286
qwen25_vl_earthvqa,Qwen2.5-VL-7B,EarthVQA,25,26,non_sdc,5540,5540,0,0.0
qwen25_vl_earthvqa,Qwen2.5-VL-7B,EarthVQA,25,26,non_significant_sdc,1723,1723,0,0.0
qwen25_vl_earthvqa,Qwen2.5-VL-7B,EarthVQA,25,26,significant_sdc,224,127,97,0.4330357142857143
qwen25_vl_earthvqa,Qwen2.5-VL-7B,EarthVQA,26,27,non_sdc,5540,5540,0,0.0
qwen25_vl_earthvqa,Qwen2.5-VL-7B,EarthVQA,26,27,non_significant_sdc,1723,1723,0,0.0
qwen25_vl_earthvqa,Qwen2.5-VL-7B,EarthVQA,26,27,significant_sdc,224,123,101,0.4508928571428571
qwen25_vl_lingoqa,Qwen2.5-VL-7B,LingoQA,0,1,non_sdc,5906,5906,0,0.0
qwen25_vl_lingoqa,Qwen2.5-VL-7B,LingoQA,0,1,non_significant_sdc,1327,1327,0,0.0
qwen25_vl_lingoqa,Qwen2.5-VL-7B,LingoQA,0,1,significant_sdc,264,216,48,0.18181818181818177
qwen25_vl_lingoqa,Qwen2.5-VL-7B,LingoQA,1,2,non_sdc,5906,5906,0,0.0
qwen25_vl_lingoqa,Qwen2.5-VL-7B,LingoQA,1,2,non_significant_sdc,1327,1327,0,0.0
qwen25_vl_lingoqa,Qwen2.5-VL-7B,LingoQA,1,2,significant_sdc,264,214,50,0.18939393939393945
qwen25_vl_lingoqa,Qwen2.5-VL-7B,LingoQA,2,3,non_sdc,5906,5906,0,0.0
qwen25_vl_lingoqa,Qwen2.5-VL-7B,LingoQA,2,3,non_significant_sdc,1327,1327,0,0.0
qwen25_vl_lingoqa,Qwen2.5-VL-7B,LingoQA,2,3,significant_sdc,264,212,52,0.19696969696969702
qwen25_vl_lingoqa,Qwen2.5-VL-7B,LingoQA,3,4,non_sdc,5906,5906,0,0.0
qwen25_vl_lingoqa,Qwen2.5-VL-7B,LingoQA,3,4,non_significant_sdc,1327,1327,0,0.0
qwen25_vl_lingoqa,Qwen2.5-VL-7B,LingoQA,3,4,significant_sdc,264,209,55,0.20833333333333337
qwen25_vl_lingoqa,Qwen2.5-VL-7B,LingoQA,4,5,non_sdc,5906,5906,0,0.0
qwen25_vl_lingoqa,Qwen2.5-VL-7B,LingoQA,4,5,non_significant_sdc,1327,1327,0,0.0
qwen25_vl_lingoqa,Qwen2.5-VL-7B,LingoQA,4,5,significant_sdc,264,205,59,0.2234848484848485
qwen25_vl_lingoqa,Qwen2.5-VL-7B,LingoQA,5,6,non_sdc,5906,5906,0,0.0
qwen25_vl_lingoqa,Qwen2.5-VL-7B,LingoQA,5,6,non_significant_sdc,1327,1327,0,0.0
qwen25_vl_lingoqa,Qwen2.5-VL-7B,LingoQA,5,6,significant_sdc,264,202,62,0.23484848484848486
qwen25_vl_lingoqa,Qwen2.5-VL-7B,LingoQA,6,7,non_sdc,5906,5906,0,0.0
qwen25_vl_lingoqa,Qwen2.5-VL-7B,LingoQA,6,7,non_significant_sdc,1327,1327,0,0.0
qwen25_vl_lingoqa,Qwen2.5-VL-7B,LingoQA,6,7,significant_sdc,264,204,60,0.2272727272727273
qwen25_vl_lingoqa,Qwen2.5-VL-7B,LingoQA,7,8,non_sdc,5906,5906,0,0.0
qwen25_vl_lingoqa,Qwen2.5-VL-7B,LingoQA,7,8,non_significant_sdc,1327,1327,0,0.0
qwen25_vl_lingoqa,Qwen2.5-VL-7B,LingoQA,7,8,significant_sdc,264,197,67,0.2537878787878788
qwen25_vl_lingoqa,Qwen2.5-VL-7B,LingoQA,8,9,non_sdc,5906,5906,0,0.0
qwen25_vl_lingoqa,Qwen2.5-VL-7B,LingoQA,8,9,non_significant_sdc,1327,1327,0,0.0
qwen25_vl_lingoqa,Qwen2.5-VL-7B,LingoQA,8,9,significant_sdc,264,189,75,0.28409090909090906
qwen25_vl_lingoqa,Qwen2.5-VL-7B,LingoQA,9,10,non_sdc,5906,5906,0,0.0
qwen25_vl_lingoqa,Qwen2.5-VL-7B,LingoQA,9,10,non_significant_sdc,1327,1327,0,0.0
qwen25_vl_lingoqa,Qwen2.5-VL-7B,LingoQA,9,10,significant_sdc,264,186,78,0.2954545454545454
qwen25_vl_lingoqa,Qwen2.5-VL-7B,LingoQA,10,11,non_sdc,5906,5906,0,0.0
qwen25_vl_lingoqa,Qwen2.5-VL-7B,LingoQA,10,11,non_significant_sdc,1327,1327,0,0.0
qwen25_vl_lingoqa,Qwen2.5-VL-7B,LingoQA,10,11,significant_sdc,264,184,80,0.303030303030303
qwen25_vl_lingoqa,Qwen2.5-VL-7B,LingoQA,11,12,non_sdc,5906,5906,0,0.0
qwen25_vl_lingoqa,Qwen2.5-VL-7B,LingoQA,11,12,non_significant_sdc,1327,1327,0,0.0
qwen25_vl_lingoqa,Qwen2.5-VL-7B,LingoQA,11,12,significant_sdc,264,180,84,0.31818181818181823
qwen25_vl_lingoqa,Qwen2.5-VL-7B,LingoQA,12,13,non_sdc,5906,5906,0,0.0
qwen25_vl_lingoqa,Qwen2.5-VL-7B,LingoQA,12,13,non_significant_sdc,1327,1327,0,0.0
qwen25_vl_lingoqa,Qwen2.5-VL-7B,LingoQA,12,13,significant_sdc,264,172,92,0.3484848484848485
qwen25_vl_lingoqa,Qwen2.5-VL-7B,LingoQA,13,14,non_sdc,5906,5906,0,0.0
qwen25_vl_lingoqa,Qwen2.5-VL-7B,LingoQA,13,14,non_significant_sdc,1327,1327,0,0.0
qwen25_vl_lingoqa,Qwen2.5-VL-7B,LingoQA,13,14,significant_sdc,264,168,96,0.36363636363636365
qwen25_vl_lingoqa,Qwen2.5-VL-7B,LingoQA,14,15,non_sdc,5906,5906,0,0.0
qwen25_vl_lingoqa,Qwen2.5-VL-7B,LingoQA,14,15,non_significant_sdc,1327,1327,0,0.0
qwen25_vl_lingoqa,Qwen2.5-VL-7B,LingoQA,14,15,significant_sdc,264,172,92,0.3484848484848485
qwen25_vl_lingoqa,Qwen2.5-VL-7B,LingoQA,15,16,non_sdc,5906,5906,0,0.0
qwen25_vl_lingoqa,Qwen2.5-VL-7B,LingoQA,15,16,non_significant_sdc,1327,1327,0,0.0
qwen25_vl_lingoqa,Qwen2.5-VL-7B,LingoQA,15,16,significant_sdc,264,169,95,0.35984848484848486
qwen25_vl_lingoqa,Qwen2.5-VL-7B,LingoQA,16,17,non_sdc,5906,5906,0,0.0
qwen25_vl_lingoqa,Qwen2.5-VL-7B,LingoQA,16,17,non_significant_sdc,1327,1327,0,0.0
qwen25_vl_lingoqa,Qwen2.5-VL-7B,LingoQA,16,17,significant_sdc,264,169,95,0.35984848484848486
qwen25_vl_lingoqa,Qwen2.5-VL-7B,LingoQA,17,18,non_sdc,5906,5906,0,0.0
qwen25_vl_lingoqa,Qwen2.5-VL-7B,LingoQA,17,18,non_significant_sdc,1327,1327,0,0.0
qwen25_vl_lingoqa,Qwen2.5-VL-7B,LingoQA,17,18,significant_sdc,264,165,99,0.375
qwen25_vl_lingoqa,Qwen2.5-VL-7B,LingoQA,18,19,non_sdc,5906,5906,0,0.0
qwen25_vl_lingoqa,Qwen2.5-VL-7B,LingoQA,18,19,non_significant_sdc,1327,1327,0,0.0
qwen25_vl_lingoqa,Qwen2.5-VL-7B,LingoQA,18,19,significant_sdc,264,161,103,0.39015151515151514
qwen25_vl_lingoqa,Qwen2.5-VL-7B,LingoQA,19,20,non_sdc,5906,5906,0,0.0
qwen25_vl_lingoqa,Qwen2.5-VL-7B,LingoQA,19,20,non_significant_sdc,1327,1327,0,0.0
qwen25_vl_lingoqa,Qwen2.5-VL-7B,LingoQA,19,20,significant_sdc,264,157,107,0.4053030303030303
qwen25_vl_lingoqa,Qwen2.5-VL-7B,LingoQA,20,21,non_sdc,5906,5906,0,0.0
qwen25_vl_lingoqa,Qwen2.5-VL-7B,LingoQA,20,21,non_significant_sdc,1327,1327,0,0.0
qwen25_vl_lingoqa,Qwen2.5-VL-7B,LingoQA,20,21,significant_sdc,264,154,110,0.41666666666666663
qwen25_vl_lingoqa,Qwen2.5-VL-7B,LingoQA,21,22,non_sdc,5906,5906,0,0.0
qwen25_vl_lingoqa,Qwen2.5-VL-7B,LingoQA,21,22,non_significant_sdc,1327,1327,0,0.0
qwen25_vl_lingoqa,Qwen2.5-VL-7B,LingoQA,21,22,significant_sdc,264,152,112,0.4242424242424242
qwen25_vl_lingoqa,Qwen2.5-VL-7B,LingoQA,22,23,non_sdc,5906,5906,0,0.0
qwen25_vl_lingoqa,Qwen2.5-VL-7B,LingoQA,22,23,non_significant_sdc,1327,1327,0,0.0
qwen25_vl_lingoqa,Qwen2.5-VL-7B,LingoQA,22,23,significant_sdc,264,147,117,0.44318181818181823
qwen25_vl_lingoqa,Qwen2.5-VL-7B,LingoQA,23,24,non_sdc,5906,5906,0,0.0
qwen25_vl_lingoqa,Qwen2.5-VL-7B,LingoQA,23,24,non_significant_sdc,1327,1327,0,0.0
qwen25_vl_lingoqa,Qwen2.5-VL-7B,LingoQA,23,24,significant_sdc,264,144,120,0.4545454545454546
qwen25_vl_lingoqa,Qwen2.5-VL-7B,LingoQA,24,25,non_sdc,5906,5906,0,0.0
qwen25_vl_lingoqa,Qwen2.5-VL-7B,LingoQA,24,25,non_significant_sdc,1327,1327,0,0.0
qwen25_vl_lingoqa,Qwen2.5-VL-7B,LingoQA,24,25,significant_sdc,264,139,125,0.4734848484848485
qwen25_vl_lingoqa,Qwen2.5-VL-7B,LingoQA,25,26,non_sdc,5906,5906,0,0.0
qwen25_vl_lingoqa,Qwen2.5-VL-7B,LingoQA,25,26,non_significant_sdc,1327,1327,0,0.0
qwen25_vl_lingoqa,Qwen2.5-VL-7B,LingoQA,25,26,significant_sdc,264,134,130,0.49242424242424243
qwen25_vl_lingoqa,Qwen2.5-VL-7B,LingoQA,26,27,non_sdc,5906,5906,0,0.0
qwen25_vl_lingoqa,Qwen2.5-VL-7B,LingoQA,26,27,non_significant_sdc,1327,1327,0,0.0
qwen25_vl_lingoqa,Qwen2.5-VL-7B,LingoQA,26,27,significant_sdc,264,126,138,0.5227272727272727
qwen25_vl_vqav2,Qwen2.5-VL-7B,VQAv2,0,1,non_sdc,6331,6331,0,0.0
qwen25_vl_vqav2,Qwen2.5-VL-7B,VQAv2,0,1,non_significant_sdc,911,911,0,0.0
qwen25_vl_vqav2,Qwen2.5-VL-7B,VQAv2,0,1,significant_sdc,258,199,59,0.22868217054263562
qwen25_vl_vqav2,Qwen2.5-VL-7B,VQAv2,1,2,non_sdc,6331,6331,0,0.0
qwen25_vl_vqav2,Qwen2.5-VL-7B,VQAv2,1,2,non_significant_sdc,911,911,0,0.0
qwen25_vl_vqav2,Qwen2.5-VL-7B,VQAv2,1,2,significant_sdc,258,197,61,0.23643410852713176
qwen25_vl_vqav2,Qwen2.5-VL-7B,VQAv2,2,3,non_sdc,6331,6331,0,0.0
qwen25_vl_vqav2,Qwen2.5-VL-7B,VQAv2,2,3,non_significant_sdc,911,911,0,0.0
qwen25_vl_vqav2,Qwen2.5-VL-7B,VQAv2,2,3,significant_sdc,258,196,62,0.24031007751937983
qwen25_vl_vqav2,Qwen2.5-VL-7B,VQAv2,3,4,non_sdc,6331,6331,0,0.0
qwen25_vl_vqav2,Qwen2.5-VL-7B,VQAv2,3,4,non_significant_sdc,911,911,0,0.0
qwen25_vl_vqav2,Qwen2.5-VL-7B,VQAv2,3,4,significant_sdc,258,192,66,0.2558139534883721
qwen25_vl_vqav2,Qwen2.5-VL-7B,VQAv2,4,5,non_sdc,6331,6331,0,0.0
qwen25_vl_vqav2,Qwen2.5-VL-7B,VQAv2,4,5,non_significant_sdc,911,911,0,0.0
qwen25_vl_vqav2,Qwen2.5-VL-7B,VQAv2,4,5,significant_sdc,258,188,70,0.2713178294573644
qwen25_vl_vqav2,Qwen2.5-VL-7B,VQAv2,5,6,non_sdc,6331,6331,0,0.0
qwen25_vl_vqav2,Qwen2.5-VL-7B,VQAv2,5,6,non_significant_sdc,911,911,0,0.0
qwen25_vl_vqav2,Qwen2.5-VL-7B,VQAv2,5,6,significant_sdc,258,184,74,0.28682170542635654
qwen25_vl_vqav2,Qwen2.5-VL-7B,VQAv2,6,7,non_sdc,6331,6331,0,0.0
qwen25_vl_vqav2,Qwen2.5-VL-7B,VQAv2,6,7,non_significant_sdc,911,911,0,0.0
qwen25_vl_vqav2,Qwen2.5-VL-7B,VQAv2,6,7,significant_sdc,258,185,73,0.2829457364341085
qwen25_vl_vqav2,Qwen2.5-VL-7B,VQAv2,7,8,non_sdc,6331,6331,0,0.0
qwen25_vl_vqav2,Qwen2.5-VL-7B,VQAv2,7,8,non_significant_sdc,911,911,0,0.0
qwen25_vl_vqav2,Qwen2.5-VL-7B,VQAv2,7,8,significant_sdc,258,182,76,0.2945736434108527
qwen25_vl_vqav2,Qwen2.5-VL-7B,VQAv2,8,9,non_sdc,6331,6331,0,0.0
qwen25_vl_vqav2,Qwen2.5-VL-7B,VQAv2,8,9,non_significant_sdc,911,911,0,0.0
qwen25_vl_vqav2,Qwen2.5-VL-7B,VQAv2,8,9,significant_sdc,258,181,77,0.29844961240310075
qwen25_vl_vqav2,Qwen2.5-VL-7B,VQAv2,9,10,non_sdc,6331,6331,0,0.0
qwen25_vl_vqav2,Qwen2.5-VL-7B,VQAv2,9,10,non_significant_sdc,911,911,0,0.0
qwen25_vl_vqav2,Qwen2.5-VL-7B,VQAv2,9,10,significant_sdc,258,181,77,0.29844961240310075
qwen25_vl_vqav2,Qwen2.5-VL-7B,VQAv2,10,11,non_sdc,6331,6331,0,0.0
qwen25_vl_vqav2,Qwen2.5-VL-7B,VQAv2,10,11,non_significant_sdc,911,911,0,0.0
qwen25_vl_vqav2,Qwen2.5-VL-7B,VQAv2,10,11,significant_sdc,258,173,85,0.3294573643410853
qwen25_vl_vqav2,Qwen2.5-VL-7B,VQAv2,11,12,non_sdc,6331,6331,0,0.0
qwen25_vl_vqav2,Qwen2.5-VL-7B,VQAv2,11,12,non_significant_sdc,911,911,0,0.0
qwen25_vl_vqav2,Qwen2.5-VL-7B,VQAv2,11,12,significant_sdc,258,171,87,0.33720930232558144
qwen25_vl_vqav2,Qwen2.5-VL-7B,VQAv2,12,13,non_sdc,6331,6331,0,0.0
qwen25_vl_vqav2,Qwen2.5-VL-7B,VQAv2,12,13,non_significant_sdc,911,911,0,0.0
qwen25_vl_vqav2,Qwen2.5-VL-7B,VQAv2,12,13,significant_sdc,258,165,93,0.36046511627906974
qwen25_vl_vqav2,Qwen2.5-VL-7B,VQAv2,13,14,non_sdc,6331,6331,0,0.0
qwen25_vl_vqav2,Qwen2.5-VL-7B,VQAv2,13,14,non_significant_sdc,911,911,0,0.0
qwen25_vl_vqav2,Qwen2.5-VL-7B,VQAv2,13,14,significant_sdc,258,162,96,0.37209302325581395
qwen25_vl_vqav2,Qwen2.5-VL-7B,VQAv2,14,15,non_sdc,6331,6331,0,0.0
qwen25_vl_vqav2,Qwen2.5-VL-7B,VQAv2,14,15,non_significant_sdc,911,911,0,0.0
qwen25_vl_vqav2,Qwen2.5-VL-7B,VQAv2,14,15,significant_sdc,258,160,98,0.3798449612403101
qwen25_vl_vqav2,Qwen2.5-VL-7B,VQAv2,15,16,non_sdc,6331,6331,0,0.0
qwen25_vl_vqav2,Qwen2.5-VL-7B,VQAv2,15,16,non_significant_sdc,911,911,0,0.0
qwen25_vl_vqav2,Qwen2.5-VL-7B,VQAv2,15,16,significant_sdc,258,148,110,0.4263565891472868
qwen25_vl_vqav2,Qwen2.5-VL-7B,VQAv2,16,17,non_sdc,6331,6331,0,0.0
qwen25_vl_vqav2,Qwen2.5-VL-7B,VQAv2,16,17,non_significant_sdc,911,911,0,0.0
qwen25_vl_vqav2,Qwen2.5-VL-7B,VQAv2,16,17,significant_sdc,258,149,109,0.42248062015503873
qwen25_vl_vqav2,Qwen2.5-VL-7B,VQAv2,17,18,non_sdc,6331,6331,0,0.0
qwen25_vl_vqav2,Qwen2.5-VL-7B,VQAv2,17,18,non_significant_sdc,911,911,0,0.0
qwen25_vl_vqav2,Qwen2.5-VL-7B,VQAv2,17,18,significant_sdc,258,141,117,0.4534883720930233
qwen25_vl_vqav2,Qwen2.5-VL-7B,VQAv2,18,19,non_sdc,6331,6331,0,0.0
qwen25_vl_vqav2,Qwen2.5-VL-7B,VQAv2,18,19,non_significant_sdc,911,911,0,0.0
qwen25_vl_vqav2,Qwen2.5-VL-7B,VQAv2,18,19,significant_sdc,258,143,115,0.44573643410852715
qwen25_vl_vqav2,Qwen2.5-VL-7B,VQAv2,19,20,non_sdc,6331,6331,0,0.0
qwen25_vl_vqav2,Qwen2.5-VL-7B,VQAv2,19,20,non_significant_sdc,911,911,0,0.0
qwen25_vl_vqav2,Qwen2.5-VL-7B,VQAv2,19,20,significant_sdc,258,136,122,0.4728682170542635
qwen25_vl_vqav2,Qwen2.5-VL-7B,VQAv2,20,21,non_sdc,6331,6331,0,0.0
qwen25_vl_vqav2,Qwen2.5-VL-7B,VQAv2,20,21,non_significant_sdc,911,911,0,0.0
qwen25_vl_vqav2,Qwen2.5-VL-7B,VQAv2,20,21,significant_sdc,258,133,125,0.4844961240310077
qwen25_vl_vqav2,Qwen2.5-VL-7B,VQAv2,21,22,non_sdc,6331,6331,0,0.0
qwen25_vl_vqav2,Qwen2.5-VL-7B,VQAv2,21,22,non_significant_sdc,911,911,0,0.0
qwen25_vl_vqav2,Qwen2.5-VL-7B,VQAv2,21,22,significant_sdc,258,126,132,0.5116279069767442
qwen25_vl_vqav2,Qwen2.5-VL-7B,VQAv2,22,23,non_sdc,6331,6331,0,0.0
qwen25_vl_vqav2,Qwen2.5-VL-7B,VQAv2,22,23,non_significant_sdc,911,911,0,0.0
qwen25_vl_vqav2,Qwen2.5-VL-7B,VQAv2,22,23,significant_sdc,258,127,131,0.5077519379844961
qwen25_vl_vqav2,Qwen2.5-VL-7B,VQAv2,23,24,non_sdc,6331,6331,0,0.0
qwen25_vl_vqav2,Qwen2.5-VL-7B,VQAv2,23,24,non_significant_sdc,911,911,0,0.0
qwen25_vl_vqav2,Qwen2.5-VL-7B,VQAv2,23,24,significant_sdc,258,125,133,0.5155038759689923
qwen25_vl_vqav2,Qwen2.5-VL-7B,VQAv2,24,25,non_sdc,6331,6331,0,0.0
qwen25_vl_vqav2,Qwen2.5-VL-7B,VQAv2,24,25,non_significant_sdc,911,911,0,0.0
qwen25_vl_vqav2,Qwen2.5-VL-7B,VQAv2,24,25,significant_sdc,258,121,137,0.5310077519379846
qwen25_vl_vqav2,Qwen2.5-VL-7B,VQAv2,25,26,non_sdc,6331,6331,0,0.0
qwen25_vl_vqav2,Qwen2.5-VL-7B,VQAv2,25,26,non_significant_sdc,911,911,0,0.0
qwen25_vl_vqav2,Qwen2.5-VL-7B,VQAv2,25,26,significant_sdc,258,119,139,0.5387596899224807
qwen25_vl_vqav2,Qwen2.5-VL-7B,VQAv2,26,27,non_sdc,6331,6331,0,0.0
qwen25_vl_vqav2,Qwen2.5-VL-7B,VQAv2,26,27,non_significant_sdc,911,911,0,0.0
qwen25_vl_vqav2,Qwen2.5-VL-7B,VQAv2,26,27,significant_sdc,258,115,143,0.5542635658914729
internvl3_earthvqa,InternVL3-8B,EarthVQA,0,1,non_sdc,5364,5364,0,0.0
internvl3_earthvqa,InternVL3-8B,EarthVQA,0,1,non_significant_sdc,1685,1685,0,0.0
internvl3_earthvqa,InternVL3-8B,EarthVQA,0,1,significant_sdc,436,417,19,0.04357798165137616
internvl3_earthvqa,InternVL3-8B,EarthVQA,1,2,non_sdc,5364,5364,0,0.0
internvl3_earthvqa,InternVL3-8B,EarthVQA,1,2,non_significant_sdc,1685,1685,0,0.0
internvl3_earthvqa,InternVL3-8B,EarthVQA,1,2,significant_sdc,436,413,23,0.05275229357798161
internvl3_earthvqa,InternVL3-8B,EarthVQA,2,3,non_sdc,5364,5364,0,0.0
internvl3_earthvqa,InternVL3-8B,EarthVQA,2,3,non_significant_sdc,1685,1685,0,0.0
internvl3_earthvqa,InternVL3-8B,EarthVQA,2,3,significant_sdc,436,405,31,0.07110091743119262
internvl3_earthvqa,InternVL3-8B,EarthVQA,3,4,non_sdc,5364,5364,0,0.0
internvl3_earthvqa,InternVL3-8B,EarthVQA,3,4,non_significant_sdc,1685,1685,0,0.0
internvl3_earthvqa,InternVL3-8B,EarthVQA,3,4,significant_sdc,436,399,37,0.08486238532110091
internvl3_earthvqa,InternVL3-8B,EarthVQA,4,5,non_sdc,5364,5364,0,0.0
internvl3_earthvqa,InternVL3-8B,EarthVQA,4,5,non_significant_sdc,1685,1685,0,0.0
internvl3_earthvqa,InternVL3-8B,EarthVQA,4,5,significant_sdc,436,388,48,0.11009174311926606
internvl3_earthvqa,InternVL3-8B,EarthVQA,5,6,non_sdc,5364,5364,0,0.0
internvl3_earthvqa,InternVL3-8B,EarthVQA,5,6,non_significant_sdc,1685,1685,0,0.0
internvl3_earthvqa,InternVL3-8B,EarthVQA,5,6,significant_sdc,436,378,58,0.1330275229357798
internvl3_earthvqa,InternVL3-8B,EarthVQA,6,7,non_sdc,5364,5364,0,0.0
internvl3_earthvqa,InternVL3-8B,EarthVQA,6,7,non_significant_sdc,1685,1685,0,0.0
internvl3_earthvqa,InternVL3-8B,EarthVQA,6,7,significant_sdc,436,368,68,0.15596330275229353
internvl3_earthvqa,InternVL3-8B,EarthVQA,7,8,non_sdc,5364,5364,0,0.0
internvl3_earthvqa,InternVL3-8B,EarthVQA,7,8,non_significant_sdc,1685,1685,0,0.0
internvl3_earthvqa,InternVL3-8B,EarthVQA,7,8,significant_sdc,436,354,82,0.18807339449541283
internvl3_earthvqa,InternVL3-8B,EarthVQA,8,9,non_sdc,5364,5364,0,0.0
internvl3_earthvqa,InternVL3-8B,EarthVQA,8,9,non_significant_sdc,1685,1685,0,0.0
internvl3_earthvqa,InternVL3-8B,EarthVQA,8,9,significant_sdc,436,344,92,0.21100917431192656
internvl3_earthvqa,InternVL3-8B,EarthVQA,9,10,non_sdc,5364,5364,0,0.0
internvl3_earthvqa,InternVL3-8B,EarthVQA,9,10,non_significant_sdc,1685,1685,0,0.0
internvl3_earthvqa,InternVL3-8B,EarthVQA,9,10,significant_sdc,436,335,101,0.231651376146789
internvl3_earthvqa,InternVL3-8B,EarthVQA,10,11,non_sdc,5364,5364,0,0.0
internvl3_earthvqa,InternVL3-8B,EarthVQA,10,11,non_significant_sdc,1685,1685,0,0.0
internvl3_earthvqa,InternVL3-8B,EarthVQA,10,11,significant_sdc,436,326,110,0.2522935779816514
internvl3_earthvqa,InternVL3-8B,EarthVQA,11,12,non_sdc,5364,5364,0,0.0
internvl3_earthvqa,InternVL3-8B,EarthVQA,11,12,non_significant_sdc,1685,1685,0,0.0
internvl3_earthvqa,InternVL3-8B,EarthVQA,11,12,significant_sdc,436,305,131,0.3004587155963303
internvl3_earthvqa,InternVL3-8B,EarthVQA,12,13,non_sdc,5364,5364,0,0.0
internvl3_earthvqa,InternVL3-8B,EarthVQA,12,13,non_significant_sdc,1685,1685,0,0.0
internvl3_earthvqa,InternVL3-8B,EarthVQA,12,13,significant_sdc,436,294,142,0.32568807339449546
internvl3_earthvqa,InternVL3-8B,EarthVQA,13,14,non_sdc,5364,5364,0,0.0
internvl3_earthvqa,InternVL3-8B,EarthVQA,13,14,non_significant_sdc,1685,1685,0,0.0
internvl3_earthvqa,InternVL3-8B,EarthVQA,13,14,significant_sdc,436,286,150,0.34403669724770647
internvl3_earthvqa,InternVL3-8B,EarthVQA,14,15,non_sdc,5364,5364,0,0.0
internvl3_earthvqa,InternVL3-8B,EarthVQA,14,15,non_significant_sdc,1685,1685,0,0.0
internvl3_earthvqa,InternVL3-8B,EarthVQA,14,15,significant_sdc,436,271,165,0.37844036697247707
internvl3_earthvqa,InternVL3-8B,EarthVQA,15,16,non_sdc,5364,5364,0,0.0
internvl3_earthvqa,InternVL3-8B,EarthVQA,15,16,non_significant_sdc,1685,1685,0,0.0
internvl3_earthvqa,InternVL3-8B,EarthVQA,15,16,significant_sdc,436,261,175,0.4013761467889908
internvl3_earthvqa,InternVL3-8B,EarthVQA,16,17,non_sdc,5364,5364,0,0.0
internvl3_earthvqa,InternVL3-8B,EarthVQA,16,17,non_significant_sdc,1685,1685,0,0.0
internvl3_earthvqa,InternVL3-8B,EarthVQA,16,17,significant_sdc,436,251,185,0.42431192660550454
internvl3_earthvqa,InternVL3-8B,EarthVQA,17,18,non_sdc,5364,5364,0,0.0
internvl3_earthvqa,InternVL3-8B,EarthVQA,17,18,non_significant_sdc,1685,1685,0,0.0
internvl3_earthvqa,InternVL3-8B,EarthVQA,17,18,significant_sdc,436,235,201,0.46100917431192656
internvl3_earthvqa,InternVL3-8B,EarthVQA,18,19,non_sdc,5364,5364,0,0.0
internvl3_earthvqa,InternVL3-8B,EarthVQA,18,19,non_significant_sdc,1685,1685,0,0.0
internvl3_earthvqa,InternVL3-8B,EarthVQA,18,19,significant_sdc,436,230,206,0.47247706422018354
internvl3_earthvqa,InternVL3-8B,EarthVQA,19,20,non_sdc,5364,5364,0,0.0
internvl3_earthvqa,InternVL3-8B,EarthVQA,19,20,non_significant_sdc,1685,1685,0,0.0
internvl3_earthvqa,InternVL3-8B,EarthVQA,19,20,significant_sdc,436,218,218,0.5
internvl3_earthvqa,InternVL3-8B,EarthVQA,20,21,non_sdc,5364,5364,0,0.0
internvl3_earthvqa,InternVL3-8B,EarthVQA,20,21,non_significant_sdc,1685,1685,0,0.0
internvl3_earthvqa,InternVL3-8B,EarthVQA,20,21,significant_sdc,436,212,224,0.5137614678899083
internvl3_earthvqa,InternVL3-8B,EarthVQA,21,22,non_sdc,5364,5364,0,0.0
internvl3_earthvqa,InternVL3-8B,EarthVQA,21,22,non_significant_sdc,1685,1685,0,0.0
internvl3_earthvqa,InternVL3-8B,EarthVQA,21,22,significant_sdc,436,197,239,0.5481651376146789
internvl3_earthvqa,InternVL3-8B,EarthVQA,22,23,non_sdc,5364,5364,0,0.0
internvl3_earthvqa,InternVL3-8B,EarthVQA,22,23,non_significant_sdc,1685,1685,0,0.0
internvl3_earthvqa,InternVL3-8B,EarthVQA,22,23,significant_sdc,436,181,255,0.5848623853211009
internvl3_earthvqa,InternVL3-8B,EarthVQA,23,24,non_sdc,5364,5364,0,0.0
internvl3_earthvqa,InternVL3-8B,EarthVQA,23,24,non_significant_sdc,1685,1685,0,0.0
internvl3_earthvqa,InternVL3-8B,EarthVQA,23,24,significant_sdc,436,171,265,0.6077981651376148
internvl3_earthvqa,InternVL3-8B,EarthVQA,24,25,non_sdc,5364,5364,0,0.0
internvl3_earthvqa,InternVL3-8B,EarthVQA,24,25,non_significant_sdc,1685,1685,0,0.0
internvl3_earthvqa,InternVL3-8B,EarthVQA,24,25,significant_sdc,436,158,278,0.6376146788990826
internvl3_earthvqa,InternVL3-8B,EarthVQA,25,26,non_sdc,5364,5364,0,0.0
internvl3_earthvqa,InternVL3-8B,EarthVQA,25,26,non_significant_sdc,1685,1685,0,0.0
internvl3_earthvqa,InternVL3-8B,EarthVQA,25,26,significant_sdc,436,151,285,0.6536697247706422
internvl3_earthvqa,InternVL3-8B,EarthVQA,26,27,non_sdc,5364,5364,0,0.0
internvl3_earthvqa,InternVL3-8B,EarthVQA,26,27,non_significant_sdc,1685,1685,0,0.0
internvl3_earthvqa,InternVL3-8B,EarthVQA,26,27,significant_sdc,436,141,295,0.676605504587156
internvl3_lingoqa,InternVL3-8B,LingoQA,0,1,non_sdc,5762,5762,0,0.0
internvl3_lingoqa,InternVL3-8B,LingoQA,0,1,non_significant_sdc,1293,1293,0,0.0
internvl3_lingoqa,InternVL3-8B,LingoQA,0,1,significant_sdc,433,422,11,0.025404157043879882
internvl3_lingoqa,InternVL3-8B,LingoQA,1,2,non_sdc,5762,5762,0,0.0
internvl3_lingoqa,InternVL3-8B,LingoQA,1,2,non_significant_sdc,1293,1293,0,0.0
internvl3_lingoqa,InternVL3-8B,LingoQA,1,2,significant_sdc,433,412,21,0.0484988452655889
internvl3_lingoqa,InternVL3-8B,LingoQA,2,3,non_sdc,5762,5762,0,0.0
internvl3_lingoqa,InternVL3-8B,LingoQA,2,3,non_significant_sdc,1293,1293,0,0.0
internvl3_lingoqa,InternVL3-8B,LingoQA,2,3,significant_sdc,433,405,28,0.0646651270207852
internvl3_lingoqa,InternVL3-8B,LingoQA,3,4,non_sdc,5762,5762,0,0.0
internvl3_lingoqa,InternVL3-8B,LingoQA,3,4,non_significant_sdc,1293,1293,0,0.0
internvl3_lingoqa,InternVL3-8B,LingoQA,3,4,significant_sdc,433,398,35,0.0808314087759815
internvl3_lingoqa,InternVL3-8B,LingoQA,4,5,non_sdc,5762,5762,0,0.0
internvl3_lingoqa,InternVL3-8B,LingoQA,4,5,non_significant_sdc,1293,1293,0,0.0
internvl3_lingoqa,InternVL3-8B,LingoQA,4,5,significant_sdc,433,386,47,0.10854503464203236
internvl3_lingoqa,InternVL3-8B,LingoQA,5,6,non_sdc,5762,5762,0,0.0
internvl3_lingoqa,InternVL3-8B,LingoQA,5,6,non_significant_sdc,1293,1293,0,0.0
internvl3_lingoqa,InternVL3-8B,LingoQA,5,6,significant_sdc,433,376,57,0.13163972286374137
internvl3_lingoqa,InternVL3-8B,LingoQA,6,7,non_sdc,5762,5762,0,0.0
internvl3_lingoqa,InternVL3-8B,LingoQA,6,7,non_significant_sdc,1293,1293,0,0.0
internvl3_lingoqa,InternVL3-8B,LingoQA,6,7,significant_sdc,433,366,67,0.15473441108545039
internvl3_lingoqa,InternVL3-8B,LingoQA,7,8,non_sdc,5762,5762,0,0.0
internvl3_lingoqa,InternVL3-8B,LingoQA,7,8,non_significant_sdc,1293,1293,0,0.0
internvl3_lingoqa,InternVL3-8B,LingoQA,7,8,significant_sdc,433,360,73,0.1685912240184757
internvl3_lingoqa,InternVL3-8B,LingoQA,8,9,non_sdc,5762,5762,0,0.0
internvl3_lingoqa,InternVL3-8B,LingoQA,8,9,non_significant_sdc,1293,1293,0,0.0
internvl3_lingoqa,InternVL3-8B,LingoQA,8,9,significant_sdc,433,344,89,0.20554272517321015
internvl3_lingoqa,InternVL3-8B,LingoQA,9,10,non_sdc,5762,5762,0,0.0
internvl3_lingoqa,InternVL3-8B,LingoQA,9,10,non_significant_sdc,1293,1293,0,0.0
internvl3_lingoqa,InternVL3-8B,LingoQA,9,10,significant_sdc,433,332,101,0.233256351039261
internvl3_lingoqa,InternVL3-8B,LingoQA,10,11,non_sdc,5762,5762,0,0.0
internvl3_lingoqa,InternVL3-8B,LingoQA,10,11,non_significant_sdc,1293,1293,0,0.0
internvl3_lingoqa,InternVL3-8B,LingoQA,10,11,significant_sdc,433,320,113,0.26096997690531176
internvl3_lingoqa,InternVL3-8B,LingoQA,11,12,non_sdc,5762,5762,0,0.0
internvl3_lingoqa,InternVL3-8B,LingoQA,11,12,non_significant_sdc,1293,1293,0,0.0
internvl3_lingoqa,InternVL3-8B,LingoQA,11,12,significant_sdc,433,311,122,0.2817551963048499
internvl3_lingoqa,InternVL3-8B,LingoQA,12,13,non_sdc,5762,5762,0,0.0
internvl3_lingoqa,InternVL3-8B,LingoQA,12,13,non_significant_sdc,1293,1293,0,0.0
internvl3_lingoqa,InternVL3-8B,LingoQA,12,13,significant_sdc,433,299,134,0.30946882217090066
internvl3_lingoqa,InternVL3-8B,LingoQA,13,14,non_sdc,5762,5762,0,0.0
internvl3_lingoqa,InternVL3-8B,LingoQA,13,14,non_significant_sdc,1293,1293,0,0.0
internvl3_lingoqa,InternVL3-8B,LingoQA,13,14,significant_sdc,433,292,141,0.32563510392609696
internvl3_lingoqa,InternVL3-8B,LingoQA,14,15,non_sdc,5762,5762,0,0.0
internvl3_lingoqa,InternVL3-8B,LingoQA,14,15,non_significant_sdc,1293,1293,0,0.0
internvl3_lingoqa,InternVL3-8B,LingoQA,14,15,significant_sdc,433,277,156,0.36027713625866054
internvl3_lingoqa,InternVL3-8B,LingoQA,15,16,non_sdc,5762,5762,0,0.0
internvl3_lingoqa,InternVL3-8B,LingoQA,15,16,non_significant_sdc,1293,1293,0,0.0
internvl3_lingoqa,InternVL3-8B,LingoQA,15,16,significant_sdc,433,272,161,0.371824480369515
internvl3_lingoqa,InternVL3-8B,LingoQA,16,17,non_sdc,5762,5762,0,0.0
internvl3_lingoqa,InternVL3-8B,LingoQA,16,17,non_significant_sdc,1293,1293,0,0.0
internvl3_lingoqa,InternVL3-8B,LingoQA,16,17,significant_sdc,433,251,182,0.4203233256351039
internvl3_lingoqa,InternVL3-8B,LingoQA,17,18,non_sdc,5762,5762,0,0.0
internvl3_lingoqa,InternVL3-8B,LingoQA,17,18,non_significant_sdc,1293,1293,0,0.0
internvl3_lingoqa,InternVL3-8B,LingoQA,17,18,significant_sdc,433,240,193,0.4457274826789839
internvl3_lingoqa,InternVL3-8B,LingoQA,18,19,non_sdc,5762,5762,0,0.0
internvl3_lingoqa,InternVL3-8B,LingoQA,18,19,non_significant_sdc,1293,1293,0,0.0
internvl3_lingoqa,InternVL3-8B,LingoQA,18,19,significant_sdc,433,232,201,0.46420323325635104
internvl3_lingoqa,InternVL3-8B,LingoQA,19,20,non_sdc,5762,5762,0,0.0
internvl3_lingoqa,InternVL3-8B,LingoQA,19,20,non_significant_sdc,1293,1293,0,0.0
internvl3_lingoqa,InternVL3-8B,LingoQA,19,20,significant_sdc,433,217,216,0.4988452655889145
internvl3_lingoqa,InternVL3-8B,LingoQA,20,21,non_sdc,5762,5762,0,0.0
internvl3_lingoqa,InternVL3-8B,LingoQA,20,21,non_significant_sdc,1293,1293,0,0.0
internvl3_lingoqa,InternVL3-8B,LingoQA,20,21,significant_sdc,433,214,219,0.5057736720554272
internvl3_lingoqa,InternVL3-8B,LingoQA,21,22,non_sdc,5762,5762,0,0.0
internvl3_lingoqa,InternVL3-8B,LingoQA,21,22,non_significant_sdc,1293,1293,0,0.0
internvl3_lingoqa,InternVL3-8B,LingoQA,21,22,significant_sdc,433,199,234,0.5404157043879907
internvl3_lingoqa,InternVL3-8B,LingoQA,22,23,non_sdc,5762,5762,0,0.0
internvl3_lingoqa,InternVL3-8B,LingoQA,22,23,non_significant_sdc,1293,1293,0,0.0
internvl3_lingoqa,InternVL3-8B,LingoQA,22,23,significant_sdc,433,195,238,0.5496535796766744
internvl3_lingoqa,InternVL3-8B,LingoQA,23,24,non_sdc,5762,5762,0,0.0
internvl3_lingoqa,InternVL3-8B,LingoQA,23,24,non_significant_sdc,1293,1293,0,0.0
internvl3_lingoqa,InternVL3-8B,LingoQA,23,24,significant_sdc,433,179,254,0.5866050808314087
internvl3_lingoqa,InternVL3-8B,LingoQA,24,25,non_sdc,5762,5762,0,0.0
internvl3_lingoqa,InternVL3-8B,LingoQA,24,25,non_significant_sdc,1293,1293,0,0.0
internvl3_lingoqa,InternVL3-8B,LingoQA,24,25,significant_sdc,433,163,270,0.6235565819861432
internvl3_lingoqa,InternVL3-8B,LingoQA,25,26,non_sdc,5762,5762,0,0.0
internvl3_lingoqa,InternVL3-8B,LingoQA,25,26,non_significant_sdc,1293,1293,0,0.0
internvl3_lingoqa,InternVL3-8B,LingoQA,25,26,significant_sdc,433,155,278,0.6420323325635104
internvl3_lingoqa,InternVL3-8B,LingoQA,26,27,non_sdc,5762,5762,0,0.0
internvl3_lingoqa,InternVL3-8B,LingoQA,26,27,non_significant_sdc,1293,1293,0,0.0
internvl3_lingoqa,InternVL3-8B,LingoQA,26,27,significant_sdc,433,143,290,0.6697459584295612
internvl3_vqav2,InternVL3-8B,VQAv2,0,1,non_sdc,5786,5786,0,0.0
internvl3_vqav2,InternVL3-8B,VQAv2,0,1,non_significant_sdc,1239,1239,0,0.0
internvl3_vqav2,InternVL3-8B,VQAv2,0,1,significant_sdc,465,451,14,0.03010752688172047
internvl3_vqav2,InternVL3-8B,VQAv2,1,2,non_sdc,5786,5786,0,0.0
internvl3_vqav2,InternVL3-8B,VQAv2,1,2,non_significant_sdc,1239,1239,0,0.0
internvl3_vqav2,InternVL3-8B,VQAv2,1,2,significant_sdc,465,446,19,0.04086021505376347
internvl3_vqav2,InternVL3-8B,VQAv2,2,3,non_sdc,5786,5786,0,0.0
internvl3_vqav2,InternVL3-8B,VQAv2,2,3,non_significant_sdc,1239,1239,0,0.0
internvl3_vqav2,InternVL3-8B,VQAv2,2,3,significant_sdc,465,433,32,0.0688172043010753
internvl3_vqav2,InternVL3-8B,VQAv2,3,4,non_sdc,5786,5786,0,0.0
internvl3_vqav2,InternVL3-8B,VQAv2,3,4,non_significant_sdc,1239,1239,0,0.0
internvl3_vqav2,InternVL3-8B,VQAv2,3,4,significant_sdc,465,416,49,0.10537634408602148
internvl3_vqav2,InternVL3-8B,VQAv2,4,5,non_sdc,5786,5786,0,0.0
internvl3_vqav2,InternVL3-8B,VQAv2,4,5,non_significant_sdc,1239,1239,0,0.0
internvl3_vqav2,InternVL3-8B,VQAv2,4,5,significant_sdc,465,403,62,0.1333333333333333
internvl3_vqav2,InternVL3-8B,VQAv2,5,6,non_sdc,5786,5786,0,0.0
internvl3_vqav2,InternVL3-8B,VQAv2,5,6,non_significant_sdc,1239,1239,0,0.0
internvl3_vqav2,InternVL3-8B,VQAv2,5,6,significant_sdc,465,387,78,0.16774193548387095
internvl3_vqav2,InternVL3-8B,VQAv2,6,7,non_sdc,5786,5786,0,0.0
internvl3_vqav2,InternVL3-8B,VQAv2,6,7,non_significant_sdc,1239,1239,0,0.0
internvl3_vqav2,InternVL3-8B,VQAv2,6,7,significant_sdc,465,378,87,0.18709677419354842
internvl3_vqav2,InternVL3-8B,VQAv2,7,8,non_sdc,5786,5786,0,0.0
internvl3_vqav2,InternVL3-8B,VQAv2,7,8,non_significant_sdc,1239,1239,0,0.0
internvl3_vqav2,InternVL3-8B,VQAv2,7,8,significant_sdc,465,369,96,0.20645161290322578
internvl3_vqav2,InternVL3-8B,VQAv2,8,9,non_sdc,5786,5786,0,0.0
internvl3_vqav2,InternVL3-8B,VQAv2,8,9,non_significant_sdc,1239,1239,0,0.0
internvl3_vqav2,InternVL3-8B,VQAv2,8,9,significant_sdc,465,364,101,0.21720430107526878
internvl3_vqav2,InternVL3-8B,VQAv2,9,10,non_sdc,5786,5786,0,0.0
internvl3_vqav2,InternVL3-8B,VQAv2,9,10,non_significant_sdc,1239,1239,0,0.0
internvl3_vqav2,InternVL3-8B,VQAv2,9,10,significant_sdc,465,354,111,0.2387096774193549
internvl3_vqav2,InternVL3-8B,VQAv2,10,11,non_sdc,5786,5786,0,0.0
internvl3_vqav2,InternVL3-8B,VQAv2,10,11,non_significant_sdc,1239,1239,0,0.0
internvl3_vqav2,InternVL3-8B,VQAv2,10,11,significant_sdc,465,345,120,0.25806451612903225
internvl3_vqav2,InternVL3-8B,VQAv2,11,12,non_sdc,5786,5786,0,0.0
internvl3_vqav2,InternVL3-8B,VQAv2,11,12,non_significant_sdc,1239,1239,0,0.0
internvl3_vqav2,InternVL3-8B,VQAv2,11,12,significant_sdc,465,335,130,0.27956989247311825
internvl3_vqav2,InternVL3-8B,VQAv2,12,13,non_sdc,5786,5786,0,0.0
internvl3_vqav2,InternVL3-8B,VQAv2,12,13,non_significant_sdc,1239,1239,0,0.0
internvl3_vqav2,InternVL3-8B,VQAv2,12,13,significant_sdc,465,318,147,0.31612903225806455
internvl3_vqav2,InternVL3-8B,VQAv2,13,14,non_sdc,5786,5786,0,0.0
internvl3_vqav2,InternVL3-8B,VQAv2,13,14,non_significant_sdc,1239,1239,0,0.0
internvl3_vqav2,InternVL3-8B,VQAv2,13,14,significant_sdc,465,309,156,0.3354838709677419
internvl3_vqav2,InternVL3-8B,VQAv2,14,15,non_sdc,5786,5786,0,0.0
internvl3_vqav2,InternVL3-8B,VQAv2,14,15,non_significant_sdc,1239,1239,0,0.0
internvl3_vqav2,InternVL3-8B,VQAv2,14,15,significant_sdc,465,304,161,0.3462365591397849
internvl3_vqav2,InternVL3-8B,VQAv2,15,16,non_sdc,5786,5786,0,0.0
internvl3_vqav2,InternVL3-8B,VQAv2,15,16,non_significant_sdc,1239,1239,0,0.0
internvl3_vqav2,InternVL3-8B,VQAv2,15,16,significant_sdc,465,289,176,0.378494623655914
internvl3_vqav2,InternVL3-8B,VQAv2,16,17,non_sdc,5786,5786,0,0.0
internvl3_vqav2,InternVL3-8B,VQAv2,16,17,non_significant_sdc,1239,1239,0,0.0
internvl3_vqav2,InternVL3-8B,VQAv2,16,17,significant_sdc,465,275,190,0.4086021505376344
internvl3_vqav2,InternVL3-8B,VQAv2,17,18,non_sdc,5786,5786,0,0.0
internvl3_vqav2,InternVL3-8B,VQAv2,17,18,non_significant_sdc,1239,1239,0,0.0
internvl3_vqav2,InternVL3-8B,VQAv2,17,18,significant_sdc,465,257,208,0.4473118279569892
internvl3_vqav2,InternVL3-8B,VQAv2,18,19,non_sdc,5786,5786,0,0.0
internvl3_vqav2,InternVL3-8B,VQAv2,18,19,non_significant_sdc,1239,1239,0,0.0
internvl3_vqav2,InternVL3-8B,VQAv2,18,19,significant_sdc,465,242,223,0.4795698924731183
internvl3_vqav2,InternVL3-8B,VQAv2,19,20,non_sdc,5786,5786,0,0.0
internvl3_vqav2,InternVL3-8B,VQAv2,19,20,non_significant_sdc,1239,1239,0,0.0
internvl3_vqav2,InternVL3-8B,VQAv2,19,20,significant_sdc,465,225,240,0.5161290322580645
internvl3_vqav2,InternVL3-8B,VQAv2,20,21,non_sdc,5786,5786,0,0.0
internvl3_vqav2,InternVL3-8B,VQAv2,20,21,non_significant_sdc,1239,1239,0,0.0
internvl3_vqav2,InternVL3-8B,VQAv2,20,21,significant_sdc,465,221,244,0.5247311827956989
internvl3_vqav2,InternVL3-8B,VQAv2,21,22,non_sdc,5786,5786,0,0.0
internvl3_vqav2,InternVL3-8B,VQAv2,21,22,non_significant_sdc,1239,1239,0,0.0
internvl3_vqav2,InternVL3-8B,VQAv2,21,22,significant_sdc,465,212,253,0.5440860215053763
internvl3_vqav2,InternVL3-8B,VQAv2,22,23,non_sdc,5786,5786,0,0.0
internvl3_vqav2,InternVL3-8B,VQAv2,22,23,non_significant_sdc,1239,1239,0,0.0
internvl3_vqav2,InternVL3-8B,VQAv2,22,23,significant_sdc,465,200,265,0.5698924731182795
internvl3_vqav2,InternVL3-8B,VQAv2,23,24,non_sdc,5786,5786,0,0.0
internvl3_vqav2,InternVL3-8B,VQAv2,23,24,non_significant_sdc,1239,1239,0,0.0
internvl3_vqav2,InternVL3-8B,VQAv2,23,24,significant_sdc,465,182,283,0.6086021505376344
internvl3_vqav2,InternVL3-8B,VQAv2,24,25,non_sdc,5786,5786,0,0.0
internvl3_vqav2,InternVL3-8B,VQAv2,24,25,non_significant_sdc,1239,1239,0,0.0
internvl3_vqav2,InternVL3-8B,VQAv2,24,25,significant_sdc,465,168,297,0.6387096774193548
internvl3_vqav2,InternVL3-8B,VQAv2,25,26,non_sdc,5786,5786,0,0.0
internvl3_vqav2,InternVL3-8B,VQAv2,25,26,non_significant_sdc,1239,1239,0,0.0
internvl3_vqav2,InternVL3-8B,VQAv2,25,26,significant_sdc,465,157,308,0.6623655913978495
internvl3_vqav2,InternVL3-8B,VQAv2,26,27,non_sdc,5786,5786,0,0.0
internvl3_vqav2,InternVL3-8B,VQAv2,26,27,non_significant_sdc,1239,1239,0,0.0
internvl3_vqav2,InternVL3-8B,VQAv2,26,27,significant_sdc,465,136,329,0.7075268817204301
llava15_earthvqa,LLaVA-1.5-7B,EarthVQA,0,1,non_sdc,7249,7249,0,0.0
llava15_earthvqa,LLaVA-1.5-7B,EarthVQA,0,1,non_significant_sdc,68,68,0,0.0
llava15_earthvqa,LLaVA-1.5-7B,EarthVQA,0,1,significant_sdc,183,73,110,0.6010928961748634
llava15_earthvqa,LLaVA-1.5-7B,EarthVQA,1,2,non_sdc,7249,7249,0,0.0
llava15_earthvqa,LLaVA-1.5-7B,EarthVQA,1,2,non_significant_sdc,68,68,0,0.0
llava15_earthvqa,LLaVA-1.5-7B,EarthVQA,1,2,significant_sdc,183,70,113,0.6174863387978142
llava15_earthvqa,LLaVA-1.5-7B,EarthVQA,2,3,non_sdc,7249,7249,0,0.0
llava15_earthvqa,LLaVA-1.5-7B,EarthVQA,2,3,non_significant_sdc,68,68,0,0.0
llava15_earthvqa,LLaVA-1.5-7B,EarthVQA,2,3,significant_sdc,183,70,113,0.6174863387978142
llava15_earthvqa,LLaVA-1.5-7B,EarthVQA,3,4,non_sdc,7249,7249,0,0.0
llava15_earthvqa,LLaVA-1.5-7B,EarthVQA,3,4,non_significant_sdc,68,68,0,0.0
llava15_earthvqa,LLaVA-1.5-7B,EarthVQA,3,4,significant_sdc,183,67,116,0.6338797814207651
llava15_earthvqa,LLaVA-1.5-7B,EarthVQA,4,5,non_sdc,7249,7249,0,0.0
llava15_earthvqa,LLaVA-1.5-7B,EarthVQA,4,5,non_significant_sdc,68,68,0,0.0
llava15_earthvqa,LLaVA-1.5-7B,EarthVQA,4,5,significant_sdc,183,63,120,0.6557377049180328
llava15_earthvqa,LLaVA-1.5-7B,EarthVQA,5,6,non_sdc,7249,7249,0,0.0
llava15_earthvqa,LLaVA-1.5-7B,EarthVQA,5,6,non_significant_sdc,68,68,0,0.0
llava15_earthvqa,LLaVA-1.5-7B,EarthVQA,5,6,significant_sdc,183,60,123,0.6721311475409837
llava15_earthvqa,LLaVA-1.5-7B,EarthVQA,6,7,non_sdc,7249,7249,0,0.0
llava15_earthvqa,LLaVA-1.5-7B,EarthVQA,6,7,non_significant_sdc,68,68,0,0.0
llava15_earthvqa,LLaVA-1.5-7B,EarthVQA,6,7,significant_sdc,183,59,124,0.6775956284153005
llava15_earthvqa,LLaVA-1.5-7B,EarthVQA,7,8,non_sdc,7249,7249,0,0.0
llava15_earthvqa,LLaVA-1.5-7B,EarthVQA,7,8,non_significant_sdc,68,68,0,0.0
llava15_earthvqa,LLaVA-1.5-7B,EarthVQA,7,8,significant_sdc,183,58,125,0.6830601092896175
llava15_earthvqa,LLaVA-1.5-7B,EarthVQA,8,9,non_sdc,7249,7249,0,0.0
llava15_earthvqa,LLaVA-1.5-7B,EarthVQA,8,9,non_significant_sdc,68,68,0,0.0
llava15_earthvqa,LLaVA-1.5-7B,EarthVQA,8,9,significant_sdc,183,56,127,0.6939890710382514
llava15_earthvqa,LLaVA-1.5-7B,EarthVQA,9,10,non_sdc,7249,7249,0,0.0
llava15_earthvqa,LLaVA-1.5-7B,EarthVQA,9,10,non_significant_sdc,68,68,0,0.0
llava15_earthvqa,LLaVA-1.5-7B,EarthVQA,9,10,significant_sdc,183,54,129,0.7049180327868853
llava15_earthvqa,LLaVA-1.5-7B,EarthVQA,10,11,non_sdc,7249,7249,0,0.0
llava15_earthvqa,LLaVA-1.5-7B,EarthVQA,10,11,non_significant_sdc,68,68,0,0.0
llava15_earthvqa,LLaVA-1.5-7B,EarthVQA,10,11,significant_sdc,183,53,130,0.7103825136612022
llava15_earthvqa,LLaVA-1.5-7B,EarthVQA,11,12,non_sdc,7249,7249,0,0.0
llava15_earthvqa,LLaVA-1.5-7B,EarthVQA,11,12,non_significant_sdc,68,68,0,0.0
llava15_earthvqa,LLaVA-1.5-7B,EarthVQA,11,12,significant_sdc,183,53,130,0.7103825136612022
llava15_earthvqa,LLaVA-1.5-7B,EarthVQA,12,13,non_sdc,7249,7249,0,0.0
llava15_earthvqa,LLaVA-1.5-7B,EarthVQA,12,13,non_significant_sdc,68,68,0,0.0
llava15_earthvqa,LLaVA-1.5-7B,EarthVQA,12,13,significant_sdc,183,52,131,0.7158469945355191
llava15_earthvqa,LLaVA-1.5-7B,EarthVQA,13,14,non_sdc,7249,7249,0,0.0
llava15_earthvqa,LLaVA-1.5-7B,EarthVQA,13,14,non_significant_sdc,68,68,0,0.0
llava15_earthvqa,LLaVA-1.5-7B,EarthVQA,13,14,significant_sdc,183,50,133,0.7267759562841529
llava15_earthvqa,LLaVA-1.5-7B,EarthVQA,14,15,non_sdc,7249,7249,0,0.0
llava15_earthvqa,LLaVA-1.5-7B,EarthVQA,14,15,non_significant_sdc,68,68,0,0.0
llava15_earthvqa,LLaVA-1.5-7B,EarthVQA,14,15,significant_sdc,183,50,133,0.7267759562841529
llava15_earthvqa,LLaVA-1.5-7B,EarthVQA,15,16,non_sdc,7249,7249,0,0.0
llava15_earthvqa,LLaVA-1.5-7B,EarthVQA,15,16,non_significant_sdc,68,68,0,0.0
llava15_earthvqa,LLaVA-1.5-7B,EarthVQA,15,16,significant_sdc,183,49,134,0.7322404371584699
llava15_earthvqa,LLaVA-1.5-7B,EarthVQA,16,17,non_sdc,7249,7249,0,0.0
llava15_earthvqa,LLaVA-1.5-7B,EarthVQA,16,17,non_significant_sdc,68,68,0,0.0
llava15_earthvqa,LLaVA-1.5-7B,EarthVQA,16,17,significant_sdc,183,47,136,0.7431693989071038
llava15_earthvqa,LLaVA-1.5-7B,EarthVQA,17,18,non_sdc,7249,7249,0,0.0
llava15_earthvqa,LLaVA-1.5-7B,EarthVQA,17,18,non_significant_sdc,68,68,0,0.0
llava15_earthvqa,LLaVA-1.5-7B,EarthVQA,17,18,significant_sdc,183,46,137,0.7486338797814207
llava15_earthvqa,LLaVA-1.5-7B,EarthVQA,18,19,non_sdc,7249,7249,0,0.0
llava15_earthvqa,LLaVA-1.5-7B,EarthVQA,18,19,non_significant_sdc,68,68,0,0.0
llava15_earthvqa,LLaVA-1.5-7B,EarthVQA,18,19,significant_sdc,183,42,141,0.7704918032786885
llava15_earthvqa,LLaVA-1.5-7B,EarthVQA,19,20,non_sdc,7249,7249,0,0.0
llava15_earthvqa,LLaVA-1.5-7B,EarthVQA,19,20,non_significant_sdc,68,68,0,0.0
llava15_earthvqa,LLaVA-1.5-7B,EarthVQA,19,20,significant_sdc,183,41,142,0.7759562841530054
llava15_earthvqa,LLaVA-1.5-7B,EarthVQA,20,21,non_sdc,7249,7249,0,0.0
llava15_earthvqa,LLaVA-1.5-7B,EarthVQA,20,21,non_significant_sdc,68,68,0,0.0
llava15_earthvqa,LLaVA-1.5-7B,EarthVQA,20,21,significant_sdc,183,39,144,0.7868852459016393
llava15_earthvqa,LLaVA-1.5-7B,EarthVQA,21,22,non_sdc,7249,7249,0,0.0
llava15_earthvqa,LLaVA-1.5-7B,EarthVQA,21,22,non_significant_sdc,68,68,0,0.0
llava15_earthvqa,LLaVA-1.5-7B,EarthVQA,21,22,significant_sdc,183,36,147,0.8032786885245902
llava15_earthvqa,LLaVA-1.5-7B,EarthVQA,22,23,non_sdc,7249,7249,0,0.0
llava15_earthvqa,LLaVA-1.5-7B,EarthVQA,22,23,non_significant_sdc,68,68,0,0.0
llava15_earthvqa,LLaVA-1.5-7B,EarthVQA,22,23,significant_sdc,183,33,150,0.819672131147541
llava15_earthvqa,LLaVA-1.5-7B,EarthVQA,23,24,non_sdc,7249,7249,0,0.0
llava15_earthvqa,LLaVA-1.5-7B,EarthVQA,23,24,non_significant_sdc,68,68,0,0.0
llava15_earthvqa,LLaVA-1.5-7B,EarthVQA,23,24,significant_sdc,183,33,150,0.819672131147541
llava15_earthvqa,LLaVA-1.5-7B,EarthVQA,24,25,non_sdc,7249,7249,0,0.0
llava15_earthvqa,LLaVA-1.5-7B,EarthVQA,24,25,non_significant_sdc,68,68,0,0.0
llava15_earthvqa,LLaVA-1.5-7B,EarthVQA,24,25,significant_sdc,183,29,154,0.8415300546448088
llava15_earthvqa,LLaVA-1.5-7B,EarthVQA,25,26,non_sdc,7249,7249,0,0.0
llava15_earthvqa,LLaVA-1.5-7B,EarthVQA,25,26,non_significant_sdc,68,68,0,0.0
llava15_earthvqa,LLaVA-1.5-7B,EarthVQA,25,26,significant_sdc,183,27,156,0.8524590163934427
llava15_earthvqa,LLaVA-1.5-7B,EarthVQA,26,27,non_sdc,7249,7249,0,0.0
llava15_earthvqa,LLaVA-1.5-7B,EarthVQA,26,27,non_significant_sdc,68,68,0,0.0
llava15_earthvqa,LLaVA-1.5-7B,EarthVQA,26,27,significant_sdc,183,24,159,0.8688524590163934
llava15_earthvqa,LLaVA-1.5-7B,EarthVQA,27,28,non_sdc,7249,7249,0,0.0
llava15_earthvqa,LLaVA-1.5-7B,EarthVQA,27,28,non_significant_sdc,68,68,0,0.0
llava15_earthvqa,LLaVA-1.5-7B,EarthVQA,27,28,significant_sdc,183,22,161,0.8797814207650273
llava15_earthvqa,LLaVA-1.5-7B,EarthVQA,28,29,non_sdc,7249,7249,0,0.0
llava15_earthvqa,LLaVA-1.5-7B,EarthVQA,28,29,non_significant_sdc,68,68,0,0.0
llava15_earthvqa,LLaVA-1.5-7B,EarthVQA,28,29,significant_sdc,183,19,164,0.8961748633879781
llava15_earthvqa,LLaVA-1.5-7B,EarthVQA,29,30,non_sdc,7249,7249,0,0.0
llava15_earthvqa,LLaVA-1.5-7B,EarthVQA,29,30,non_significant_sdc,68,68,0,0.0
llava15_earthvqa,LLaVA-1.5-7B,EarthVQA,29,30,significant_sdc,183,17,166,0.907103825136612
llava15_earthvqa,LLaVA-1.5-7B,EarthVQA,30,31,non_sdc,7249,7249,0,0.0
llava15_earthvqa,LLaVA-1.5-7B,EarthVQA,30,31,non_significant_sdc,68,68,0,0.0
llava15_earthvqa,LLaVA-1.5-7B,EarthVQA,30,31,significant_sdc,183,11,172,0.9398907103825137
llava15_lingoqa,LLaVA-1.5-7B,LingoQA,0,1,non_sdc,7232,7232,0,0.0
llava15_lingoqa,LLaVA-1.5-7B,LingoQA,0,1,non_significant_sdc,102,102,0,0.0
llava15_lingoqa,LLaVA-1.5-7B,LingoQA,0,1,significant_sdc,166,59,107,0.6445783132530121
llava15_lingoqa,LLaVA-1.5-7B,LingoQA,1,2,non_sdc,7232,7232,0,0.0
llava15_lingoqa,LLaVA-1.5-7B,LingoQA,1,2,non_significant_sdc,102,102,0,0.0
llava15_lingoqa,LLaVA-1.5-7B,LingoQA,1,2,significant_sdc,166,57,109,0.6566265060240963
llava15_lingoqa,LLaVA-1.5-7B,LingoQA,2,3,non_sdc,7232,7232,0,0.0
llava15_lingoqa,LLaVA-1.5-7B,LingoQA,2,3,non_significant_sdc,102,102,0,0.0
llava15_lingoqa,LLaVA-1.5-7B,LingoQA,2,3,significant_sdc,166,57,109,0.6566265060240963
llava15_lingoqa,LLaVA-1.5-7B,LingoQA,3,4,non_sdc,7232,7232,0,0.0
llava15_lingoqa,LLaVA-1.5-7B,LingoQA,3,4,non_significant_sdc,102,102,0,0.0
llava15_lingoqa,LLaVA-1.5-7B,LingoQA,3,4,significant_sdc,166,57,109,0.6566265060240963
llava15_lingoqa,LLaVA-1.5-7B,LingoQA,4,5,non_sdc,7232,7232,0,0.0
llava15_lingoqa,LLaVA-1.5-7B,LingoQA,4,5,non_significant_sdc,102,102,0,0.0
llava15_lingoqa,LLaVA-1.5-7B,LingoQA,4,5,significant_sdc,166,57,109,0.6566265060240963
llava15_lingoqa,LLaVA-1.5-7B,LingoQA,5,6,non_sdc,7232,7232,0,0.0
llava15_lingoqa,LLaVA-1.5-7B,LingoQA,5,6,non_significant_sdc,102,102,0,0.0
llava15_lingoqa,LLaVA-1.5-7B,LingoQA,5,6,significant_sdc,166,54,112,0.6746987951807228
llava15_lingoqa,LLaVA-1.5-7B,LingoQA,6,7,non_sdc,7232,7232,0,0.0
llava15_lingoqa,LLaVA-1.5-7B,LingoQA,6,7,non_significant_sdc,102,102,0,0.0
llava15_lingoqa,LLaVA-1.5-7B,LingoQA,6,7,significant_sdc,166,54,112,0.6746987951807228
llava15_lingoqa,LLaVA-1.5-7B,LingoQA,7,8,non_sdc,7232,7232,0,0.0
llava15_lingoqa,LLaVA-1.5-7B,LingoQA,7,8,non_significant_sdc,102,102,0,0.0
llava15_lingoqa,LLaVA-1.5-7B,LingoQA,7,8,significant_sdc,166,52,114,0.6867469879518072
llava15_lingoqa,LLaVA-1.5-7B,LingoQA,8,9,non_sdc,7232,7232,0,0.0
llava15_lingoqa,LLaVA-1.5-7B,LingoQA,8,9,non_significant_sdc,102,102,0,0.0
llava15_lingoqa,LLaVA-1.5-7B,LingoQA,8,9,significant_sdc,166,50,116,0.6987951807228916
llava15_lingoqa,LLaVA-1.5-7B,LingoQA,9,10,non_sdc,7232,7232,0,0.0
llava15_lingoqa,LLaVA-1.5-7B,LingoQA,9,10,non_significant_sdc,102,102,0,0.0
llava15_lingoqa,LLaVA-1.5-7B,LingoQA,9,10,significant_sdc,166,48,118,0.7108433734939759
llava15_lingoqa,LLaVA-1.5-7B,LingoQA,10,11,non_sdc,7232,7232,0,0.0
llava15_lingoqa,LLaVA-1.5-7B,LingoQA,10,11,non_significant_sdc,102,102,0,0.0
llava15_lingoqa,LLaVA-1.5-7B,LingoQA,10,11,significant_sdc,166,47,119,0.7168674698795181
llava15_lingoqa,LLaVA-1.5-7B,LingoQA,11,12,non_sdc,7232,7232,0,0.0
llava15_lingoqa,LLaVA-1.5-7B,LingoQA,11,12,non_significant_sdc,102,102,0,0.0
llava15_lingoqa,LLaVA-1.5-7B,LingoQA,11,12,significant_sdc,166,44,122,0.7349397590361446
llava15_lingoqa,LLaVA-1.5-7B,LingoQA,12,13,non_sdc,7232,7232,0,0.0
llava15_lingoqa,LLaVA-1.5-7B,LingoQA,12,13,non_significant_sdc,102,102,0,0.0
llava15_lingoqa,LLaVA-1.5-7B,LingoQA,12,13,significant_sdc,166,44,122,0.7349397590361446
llava15_lingoqa,LLaVA-1.5-7B,LingoQA,13,14,non_sdc,7232,7232,0,0.0
llava15_lingoqa,LLaVA-1.5-7B,LingoQA,13,14,non_significant_sdc,102,102,0,0.0
llava15_lingoqa,LLaVA-1.5-7B,LingoQA,13,14,significant_sdc,166,44,122,0.7349397590361446
llava15_lingoqa,LLaVA-1.5-7B,LingoQA,14,15,non_sdc,7232,7232,0,0.0
llava15_lingoqa,LLaVA-1.5-7B,LingoQA,14,15,non_significant_sdc,102,102,0,0.0
llava15_lingoqa,LLaVA-1.5-7B,LingoQA,14,15,significant_sdc,166,41,125,0.7530120481927711
llava15_lingoqa,LLaVA-1.5-7B,LingoQA,15,16,non_sdc,7232,7232,0,0.0
llava15_lingoqa,LLaVA-1.5-7B,LingoQA,15,16,non_significant_sdc,102,102,0,0.0
llava15_lingoqa,LLaVA-1.5-7B,LingoQA,15,16,significant_sdc,166,40,126,0.7590361445783133
llava15_lingoqa,LLaVA-1.5-7B,LingoQA,16,17,non_sdc,7232,7232,0,0.0
llava15_lingoqa,LLaVA-1.5-7B,LingoQA,16,17,non_significant_sdc,102,102,0,0.0
llava15_lingoqa,LLaVA-1.5-7B,LingoQA,16,17,significant_sdc,166,37,129,0.7771084337349398
llava15_lingoqa,LLaVA-1.5-7B,LingoQA,17,18,non_sdc,7232,7232,0,0.0
llava15_lingoqa,LLaVA-1.5-7B,LingoQA,17,18,non_significant_sdc,102,102,0,0.0
llava15_lingoqa,LLaVA-1.5-7B,LingoQA,17,18,significant_sdc,166,37,129,0.7771084337349398
llava15_lingoqa,LLaVA-1.5-7B,LingoQA,18,19,non_sdc,7232,7232,0,0.0
llava15_lingoqa,LLaVA-1.5-7B,LingoQA,18,19,non_significant_sdc,102,102,0,0.0
llava15_lingoqa,LLaVA-1.5-7B,LingoQA,18,19,significant_sdc,166,35,131,0.7891566265060241
llava15_lingoqa,LLaVA-1.5-7B,LingoQA,19,20,non_sdc,7232,7232,0,0.0
llava15_lingoqa,LLaVA-1.5-7B,LingoQA,19,20,non_significant_sdc,102,102,0,0.0
llava15_lingoqa,LLaVA-1.5-7B,LingoQA,19,20,significant_sdc,166,34,132,0.7951807228915663
llava15_lingoqa,LLaVA-1.5-7B,LingoQA,20,21,non_sdc,7232,7232,0,0.0
llava15_lingoqa,LLaVA-1.5-7B,LingoQA,20,21,non_significant_sdc,102,102,0,0.0
llava15_lingoqa,LLaVA-1.5-7B,LingoQA,20,21,significant_sdc,166,34,132,0.7951807228915663
llava15_lingoqa,LLaVA-1.5-7B,LingoQA,21,22,non_sdc,7232,7232,0,0.0
llava15_lingoqa,LLaVA-1.5-7B,LingoQA,21,22,non_significant_sdc,102,102,0,0.0
llava15_lingoqa,LLaVA-1.5-7B,LingoQA,21,22,significant_sdc,166,33,133,0.8012048192771084
llava15_lingoqa,LLaVA-1.5-7B,LingoQA,22,23,non_sdc,7232,7232,0,0.0
llava15_lingoqa,LLaVA-1.5-7B,LingoQA,22,23,non_significant_sdc,102,102,0,0.0
llava15_lingoqa,LLaVA-1.5-7B,LingoQA,22,23,significant_sdc,166,32,134,0.8072289156626506
llava15_lingoqa,LLaVA-1.5-7B,LingoQA,23,24,non_sdc,7232,7232,0,0.0
llava15_lingoqa,LLaVA-1.5-7B,LingoQA,23,24,non_significant_sdc,102,102,0,0.0
llava15_lingoqa,LLaVA-1.5-7B,LingoQA,23,24,significant_sdc,166,32,134,0.8072289156626506
llava15_lingoqa,LLaVA-1.5-7B,LingoQA,24,25,non_sdc,7232,7232,0,0.0
llava15_lingoqa,LLaVA-1.5-7B,LingoQA,24,25,non_significant_sdc,102,102,0,0.0
llava15_lingoqa,LLaVA-1.5-7B,LingoQA,24,25,significant_sdc,166,31,135,0.8132530120481928
llava15_lingoqa,LLaVA-1.5-7B,LingoQA,25,26,non_sdc,7232,7232,0,0.0
llava15_lingoqa,LLaVA-1.5-7B,LingoQA,25,26,non_significant_sdc,102,102,0,0.0
llava15_lingoqa,LLaVA-1.5-7B,LingoQA,25,26,significant_sdc,166,31,135,0.8132530120481928
llava15_lingoqa,LLaVA-1.5-7B,LingoQA,26,27,non_sdc,7232,7232,0,0.0
llava15_lingoqa,LLaVA-1.5-7B,LingoQA,26,27,non_significant_sdc,102,102,0,0.0
llava15_lingoqa,LLaVA-1.5-7B,LingoQA,26,27,significant_sdc,166,29,137,0.8253012048192772
llava15_lingoqa,LLaVA-1.5-7B,LingoQA,27,28,non_sdc,7232,7232,0,0.0
llava15_lingoqa,LLaVA-1.5-7B,LingoQA,27,28,non_significant_sdc,102,102,0,0.0
llava15_lingoqa,LLaVA-1.5-7B,LingoQA,27,28,significant_sdc,166,24,142,0.8554216867469879
llava15_lingoqa,LLaVA-1.5-7B,LingoQA,28,29,non_sdc,7232,7232,0,0.0
llava15_lingoqa,LLaVA-1.5-7B,LingoQA,28,29,non_significant_sdc,102,102,0,0.0
llava15_lingoqa,LLaVA-1.5-7B,LingoQA,28,29,significant_sdc,166,22,144,0.8674698795180723
llava15_lingoqa,LLaVA-1.5-7B,LingoQA,29,30,non_sdc,7232,7232,0,0.0
llava15_lingoqa,LLaVA-1.5-7B,LingoQA,29,30,non_significant_sdc,102,102,0,0.0
llava15_lingoqa,LLaVA-1.5-7B,LingoQA,29,30,significant_sdc,166,19,147,0.8855421686746988
llava15_lingoqa,LLaVA-1.5-7B,LingoQA,30,31,non_sdc,7232,7232,0,0.0
llava15_lingoqa,LLaVA-1.5-7B,LingoQA,30,31,non_significant_sdc,102,102,0,0.0
llava15_lingoqa,LLaVA-1.5-7B,LingoQA,30,31,significant_sdc,166,12,154,0.927710843373494
llava15_vqav2,LLaVA-1.5-7B,VQAv2,0,1,non_sdc,7304,7304,0,0.0
llava15_vqav2,LLaVA-1.5-7B,VQAv2,0,1,non_significant_sdc,14,14,0,0.0
llava15_vqav2,LLaVA-1.5-7B,VQAv2,0,1,significant_sdc,182,71,111,0.6098901098901099
llava15_vqav2,LLaVA-1.5-7B,VQAv2,1,2,non_sdc,7304,7304,0,0.0
llava15_vqav2,LLaVA-1.5-7B,VQAv2,1,2,non_significant_sdc,14,14,0,0.0
llava15_vqav2,LLaVA-1.5-7B,VQAv2,1,2,significant_sdc,182,69,113,0.6208791208791209
llava15_vqav2,LLaVA-1.5-7B,VQAv2,2,3,non_sdc,7304,7304,0,0.0
llava15_vqav2,LLaVA-1.5-7B,VQAv2,2,3,non_significant_sdc,14,14,0,0.0
llava15_vqav2,LLaVA-1.5-7B,VQAv2,2,3,significant_sdc,182,67,115,0.6318681318681318
llava15_vqav2,LLaVA-1.5-7B,VQAv2,3,4,non_sdc,7304,7304,0,0.0
llava15_vqav2,LLaVA-1.5-7B,VQAv2,3,4,non_significant_sdc,14,14,0,0.0
llava15_vqav2,LLaVA-1.5-7B,VQAv2,3,4,significant_sdc,182,65,117,0.6428571428571428
llava15_vqav2,LLaVA-1.5-7B,VQAv2,4,5,non_sdc,7304,7304,0,0.0
llava15_vqav2,LLaVA-1.5-7B,VQAv2,4,5,non_significant_sdc,14,14,0,0.0
llava15_vqav2,LLaVA-1.5-7B,VQAv2,4,5,significant_sdc,182,64,118,0.6483516483516483
llava15_vqav2,LLaVA-1.5-7B,VQAv2,5,6,non_sdc,7304,7304,0,0.0
llava15_vqav2,LLaVA-1.5-7B,VQAv2,5,6,non_significant_sdc,14,14,0,0.0
llava15_vqav2,LLaVA-1.5-7B,VQAv2,5,6,significant_sdc,182,62,120,0.6593406593406593
llava15_vqav2,LLaVA-1.5-7B,VQAv2,6,7,non_sdc,7304,7304,0,0.0
llava15_vqav2,LLaVA-1.5-7B,VQAv2,6,7,non_significant_sdc,14,14,0,0.0
llava15_vqav2,LLaVA-1.5-7B,VQAv2,6,7,significant_sdc,182,62,120,0.6593406593406593
llava15_vqav2,LLaVA-1.5-7B,VQAv2,7,8,non_sdc,7304,7304,0,0.0
llava15_vqav2,LLaVA-1.5-7B,VQAv2,7,8,non_significant_sdc,14,14,0,0.0
llava15_vqav2,LLaVA-1.5-7B,VQAv2,7,8,significant_sdc,182,61,121,0.6648351648351649
llava15_vqav2,LLaVA-1.5-7B,VQAv2,8,9,non_sdc,7304,7304,0,0.0
llava15_vqav2,LLaVA-1.5-7B,VQAv2,8,9,non_significant_sdc,14,14,0,0.0
llava15_vqav2,LLaVA-1.5-7B,VQAv2,8,9,significant_sdc,182,60,122,0.6703296703296704
llava15_vqav2,LLaVA-1.5-7B,VQAv2,9,10,non_sdc,7304,7304,0,0.0
llava15_vqav2,LLaVA-1.5-7B,VQAv2,9,10,non_significant_sdc,14,14,0,0.0
llava15_vqav2,LLaVA-1.5-7B,VQAv2,9,10,significant_sdc,182,59,123,0.6758241758241759
llava15_vqav2,LLaVA-1.5-7B,VQAv2,10,11,non_sdc,7304,7304,0,0.0
llava15_vqav2,LLaVA-1.5-7B,VQAv2,10,11,non_significant_sdc,14,14,0,0.0
llava15_vqav2,LLaVA-1.5-7B,VQAv2,10,11,significant_sdc,182,57,125,0.6868131868131868
llava15_vqav2,LLaVA-1.5-7B,VQAv2,11,12,non_sdc,7304,7304,0,0.0
llava15_vqav2,LLaVA-1.5-7B,VQAv2,11,12,non_significant_sdc,14,14,0,0.0
llava15_vqav2,LLaVA-1.5-7B,VQAv2,11,12,significant_sdc,182,54,128,0.7032967032967032
llava15_vqav2,LLaVA-1.5-7B,VQAv2,12,13,non_sdc,7304,7304,0,0.0
llava15_vqav2,LLaVA-1.5-7B,VQAv2,12,13,non_significant_sdc,14,14,0,0.0
llava15_vqav2,LLaVA-1.5-7B,VQAv2,12,13,significant_sdc,182,52,130,0.7142857142857143
llava15_vqav2,LLaVA-1.5-7B,VQAv2,13,14,non_sdc,7304,7304,0,0.0
llava15_vqav2,LLaVA-1.5-7B,VQAv2,13,14,non_significant_sdc,14,14,0,0.0
llava15_vqav2,LLaVA-1.5-7B,VQAv2,13,14,significant_sdc,182,52,130,0.7142857142857143
llava15_vqav2,LLaVA-1.5-7B,VQAv2,14,15,non_sdc,7304,7304,0,0.0
llava15_vqav2,LLaVA-1.5-7B,VQAv2,14,15,non_significant_sdc,14,14,0,0.0
llava15_vqav2,LLaVA-1.5-7B,VQAv2,14,15,significant_sdc,182,52,130,0.7142857142857143
llava15_vqav2,LLaVA-1.5-7B,VQAv2,15,16,non_sdc,7304,7304,0,0.0
llava15_vqav2,LLaVA-1.5-7B,VQAv2,15,16,non_significant_sdc,14,14,0,0.0
llava15_vqav2,LLaVA-1.5-7B,VQAv2,15,16,significant_sdc,182,49,133,0.7307692307692308
llava15_vqav2,LLaVA-1.5-7B,VQAv2,16,17,non_sdc,7304,7304,0,0.0
llava15_vqav2,LLaVA-1.5-7B,VQAv2,16,17,non_significant_sdc,14,14,0,0.0
llava15_vqav2,LLaVA-1.5-7B,VQAv2,16,17,significant_sdc,182,48,134,0.7362637362637363
llava15_vqav2,LLaVA-1.5-7B,VQAv2,17,18,non_sdc,7304,7304,0,0.0
llava15_vqav2,LLaVA-1.5-7B,VQAv2,17,18,non_significant_sdc,14,14,0,0.0
llava15_vqav2,LLaVA-1.5-7B,VQAv2,17,18,significant_sdc,182,47,135,0.7417582417582418
llava15_vqav2,LLaVA-1.5-7B,VQAv2,18,19,non_sdc,7304,7304,0,0.0
llava15_vqav2,LLaVA-1.5-7B,VQAv2,18,19,non_significant_sdc,14,14,0,0.0
llava15_vqav2,LLaVA-1.5-7B,VQAv2,18,19,significant_sdc,182,46,136,0.7472527472527473
llava15_vqav2,LLaVA-1.5-7B,VQAv2,19,20,non_sdc,7304,7304,0,0.0
llava15_vqav2,LLaVA-1.5-7B,VQAv2,19,20,non_significant_sdc,14,14,0,0.0
llava15_vqav2,LLaVA-1.5-7B,VQAv2,19,20,significant_sdc,182,45,137,0.7527472527472527
llava15_vqav2,LLaVA-1.5-7B,VQAv2,20,21,non_sdc,7304,7304,0,0.0
llava15_vqav2,LLaVA-1.5-7B,VQAv2,20,21,non_significant_sdc,14,14,0,0.0
llava15_vqav2,LLaVA-1.5-7B,VQAv2,20,21,significant_sdc,182,42,140,0.7692307692307692
llava15_vqav2,LLaVA-1.5-7B,VQAv2,21,22,non_sdc,7304,7304,0,0.0
llava15_vqav2,LLaVA-1.5-7B,VQAv2,21,22,non_significant_sdc,14,14,0,0.0
llava15_vqav2,LLaVA-1.5-7B,VQAv2,21,22,significant_sdc,182,41,141,0.7747252747252747
llava15_vqav2,LLaVA-1.5-7B,VQAv2,22,23,non_sdc,7304,7304,0,0.0
llava15_vqav2,LLaVA-1.5-7B,VQAv2,22,23,non_significant_sdc,14,14,0,0.0
llava15_vqav2,LLaVA-1.5-7B,VQAv2,22,23,significant_sdc,182,40,142,0.7802197802197802
llava15_vqav2,LLaVA-1.5-7B,VQAv2,23,24,non_sdc,7304,7304,0,0.0
llava15_vqav2,LLaVA-1.5-7B,VQAv2,23,24,non_significant_sdc,14,14,0,0.0
llava15_vqav2,LLaVA-1.5-7B,VQAv2,23,24,significant_sdc,182,37,145,0.7967032967032968
llava15_vqav2,LLaVA-1.5-7B,VQAv2,24,25,non_sdc,7304,7304,0,0.0
llava15_vqav2,LLaVA-1.5-7B,VQAv2,24,25,non_significant_sdc,14,14,0,0.0
llava15_vqav2,LLaVA-1.5-7B,VQAv2,24,25,significant_sdc,182,37,145,0.7967032967032968
llava15_vqav2,LLaVA-1.5-7B,VQAv2,25,26,non_sdc,7304,7304,0,0.0
llava15_vqav2,LLaVA-1.5-7B,VQAv2,25,26,non_significant_sdc,14,14,0,0.0
llava15_vqav2,LLaVA-1.5-7B,VQAv2,25,26,significant_sdc,182,35,147,0.8076923076923077
llava15_vqav2,LLaVA-1.5-7B,VQAv2,26,27,non_sdc,7304,7304,0,0.0
llava15_vqav2,LLaVA-1.5-7B,VQAv2,26,27,non_significant_sdc,14,14,0,0.0
llava15_vqav2,LLaVA-1.5-7B,VQAv2,26,27,significant_sdc,182,32,150,0.8241758241758241
llava15_vqav2,LLaVA-1.5-7B,VQAv2,27,28,non_sdc,7304,7304,0,0.0
llava15_vqav2,LLaVA-1.5-7B,VQAv2,27,28,non_significant_sdc,14,14,0,0.0
llava15_vqav2,LLaVA-1.5-7B,VQAv2,27,28,significant_sdc,182,30,152,0.8351648351648352
llava15_vqav2,LLaVA-1.5-7B,VQAv2,28,29,non_sdc,7304,7304,0,0.0
llava15_vqav2,LLaVA-1.5-7B,VQAv2,28,29,non_significant_sdc,14,14,0,0.0
llava15_vqav2,LLaVA-1.5-7B,VQAv2,28,29,significant_sdc,182,25,157,0.8626373626373627
llava15_vqav2,LLaVA-1.5-7B,VQAv2,29,30,non_sdc,7304,7304,0,0.0
llava15_vqav2,LLaVA-1.5-7B,VQAv2,29,30,non_significant_sdc,14,14,0,0.0
llava15_vqav2,LLaVA-1.5-7B,VQAv2,29,30,significant_sdc,182,24,158,0.8681318681318682
llava15_vqav2,LLaVA-1.5-7B,VQAv2,30,31,non_sdc,7304,7304,0,0.0
llava15_vqav2,LLaVA-1.5-7B,VQAv2,30,31,non_significant_sdc,14,14,0,0.0
llava15_vqav2,LLaVA-1.5-7B,VQAv2,30,31,significant_sdc,182,18,164,0.9010989010989011
