job,model,dataset,profile,k,feature_count,cohort,selection_validation_rows,strict_reference_feature_count,support,pred_total,tp,fp,fn,tn,precision,recall,false_positive_rate,f1
internvl3_earthvqa,internvl3,earthvqa,36D,1,36,strict_finite,5551,36,89,77,73,4,16,5458,0.948051948051948,0.8202247191011236,0.0007323324789454412,0.8795180722891566
internvl3_lingoqa,internvl3,lingoqa,36D,1,36,strict_finite,5596,36,93,92,87,5,6,5498,0.9456521739130435,0.9354838709677419,0.0009085953116481918,0.9405405405405406
internvl3_vqav2,internvl3,vqav2,36D,1,36,strict_finite,5841,36,99,89,75,14,24,5728,0.8426966292134831,0.7575757575757576,0.0024381748519679554,0.7978723404255319
llava15_earthvqa,llava15,earthvqa,36D,1,36,strict_finite,5669,36,14,7,6,1,8,5654,0.8571428571428571,0.42857142857142855,0.00017683465959328028,0.5714285714285714
llava15_lingoqa,llava15,lingoqa,36D,1,36,strict_finite,5719,36,29,8,7,1,22,5689,0.875,0.2413793103448276,0.0001757469244288225,0.3783783783783784
llava15_vqav2,llava15,vqav2,36D,1,36,strict_finite,5993,36,23,19,6,13,17,5957,0.3157894736842105,0.2608695652173913,0.0021775544388609714,0.2857142857142857
qwen25_vl_earthvqa,qwen25_vl,earthvqa,36D,1,36,strict_finite,5659,36,56,48,46,2,10,5601,0.9583333333333334,0.8214285714285714,0.0003569516330537212,0.8846153846153846
qwen25_vl_lingoqa,qwen25_vl,lingoqa,36D,1,36,strict_finite,5732,36,87,72,48,24,39,5621,0.6666666666666666,0.5517241379310345,0.004251550044286979,0.6037735849056604
qwen25_vl_vqav2,qwen25_vl,vqav2,36D,1,36,strict_finite,5993,36,99,58,45,13,54,5881,0.7758620689655172,0.45454545454545453,0.002205632846963013,0.5732484076433121
internvl3_earthvqa,internvl3,earthvqa,36D,2,36,strict_finite,5551,36,89,72,71,1,18,5461,0.9861111111111112,0.797752808988764,0.0001830831197363603,0.8819875776397516
internvl3_lingoqa,internvl3,lingoqa,36D,2,36,strict_finite,5596,36,93,91,86,5,7,5498,0.945054945054945,0.9247311827956989,0.0009085953116481918,0.9347826086956522
internvl3_vqav2,internvl3,vqav2,36D,2,36,strict_finite,5841,36,99,89,76,13,23,5729,0.8539325842696629,0.7676767676767676,0.0022640195053988156,0.8085106382978723
llava15_earthvqa,llava15,earthvqa,36D,2,36,strict_finite,5669,36,14,10,7,3,7,5652,0.7,0.5,0.0005305039787798408,0.5833333333333334
llava15_lingoqa,llava15,lingoqa,36D,2,36,strict_finite,5719,36,29,35,8,27,21,5663,0.22857142857142856,0.27586206896551724,0.004745166959578207,0.25
llava15_vqav2,llava15,vqav2,36D,2,36,strict_finite,5993,36,23,7,5,2,18,5968,0.7142857142857143,0.21739130434782608,0.00033500837520938025,0.3333333333333333
qwen25_vl_earthvqa,qwen25_vl,earthvqa,36D,2,36,strict_finite,5659,36,56,47,46,1,10,5602,0.9787234042553191,0.8214285714285714,0.0001784758165268606,0.8932038834951457
qwen25_vl_lingoqa,qwen25_vl,lingoqa,36D,2,36,strict_finite,5732,36,87,72,47,25,40,5620,0.6527777777777778,0.5402298850574713,0.0044286979627989375,0.5911949685534591
qwen25_vl_vqav2,qwen25_vl,vqav2,36D,2,36,strict_finite,5993,36,99,45,43,2,56,5892,0.9555555555555556,0.43434343434343436,0.00033932813030200206,0.5972222222222222
internvl3_earthvqa,internvl3,earthvqa,36D,4,36,strict_finite,5551,36,89,98,73,25,16,5437,0.7448979591836735,0.8202247191011236,0.0045770779934090075,0.7807486631016043
internvl3_lingoqa,internvl3,lingoqa,36D,4,36,strict_finite,5596,36,93,91,85,6,8,5497,0.9340659340659341,0.9139784946236559,0.0010903143739778303,0.9239130434782609
internvl3_vqav2,internvl3,vqav2,36D,4,36,strict_finite,5841,36,99,124,79,45,20,5697,0.6370967741935484,0.797979797979798,0.007836990595611285,0.7085201793721974
llava15_earthvqa,llava15,earthvqa,36D,4,36,strict_finite,5669,36,14,7,7,0,7,5655,1.0,0.5,0.0,0.6666666666666666
llava15_lingoqa,llava15,lingoqa,36D,4,36,strict_finite,5719,36,29,6,5,1,24,5689,0.8333333333333334,0.1724137931034483,0.0001757469244288225,0.2857142857142857
llava15_vqav2,llava15,vqav2,36D,4,36,strict_finite,5993,36,23,6,6,0,17,5970,1.0,0.2608695652173913,0.0,0.41379310344827586
qwen25_vl_earthvqa,qwen25_vl,earthvqa,36D,4,36,strict_finite,5659,36,56,47,46,1,10,5602,0.9787234042553191,0.8214285714285714,0.0001784758165268606,0.8932038834951457
qwen25_vl_lingoqa,qwen25_vl,lingoqa,36D,4,36,strict_finite,5732,36,87,51,50,1,37,5644,0.9803921568627451,0.5747126436781609,0.0001771479185119575,0.7246376811594203
qwen25_vl_vqav2,qwen25_vl,vqav2,36D,4,36,strict_finite,5993,36,99,65,42,23,57,5871,0.6461538461538462,0.42424242424242425,0.003902273498473023,0.5121951219512195
internvl3_earthvqa,internvl3,earthvqa,36D,8,36,strict_finite,5551,36,89,71,71,0,18,5462,1.0,0.797752808988764,0.0,0.8875
internvl3_lingoqa,internvl3,lingoqa,36D,8,36,strict_finite,5596,36,93,109,86,23,7,5480,0.7889908256880734,0.9247311827956989,0.004179538433581683,0.8514851485148515
internvl3_vqav2,internvl3,vqav2,36D,8,36,strict_finite,5841,36,99,98,77,21,22,5721,0.7857142857142857,0.7777777777777778,0.0036572622779519333,0.7817258883248731
llava15_earthvqa,llava15,earthvqa,36D,8,36,strict_finite,5669,36,14,7,6,1,8,5654,0.8571428571428571,0.42857142857142855,0.00017683465959328028,0.5714285714285714
llava15_lingoqa,llava15,lingoqa,36D,8,36,strict_finite,5719,36,29,9,9,0,20,5690,1.0,0.3103448275862069,0.0,0.47368421052631576
llava15_vqav2,llava15,vqav2,36D,8,36,strict_finite,5993,36,23,29,5,24,18,5946,0.1724137931034483,0.21739130434782608,0.004020100502512563,0.19230769230769232
qwen25_vl_earthvqa,qwen25_vl,earthvqa,36D,8,36,strict_finite,5659,36,56,46,46,0,10,5603,1.0,0.8214285714285714,0.0,0.9019607843137255
qwen25_vl_lingoqa,qwen25_vl,lingoqa,36D,8,36,strict_finite,5732,36,87,51,50,1,37,5644,0.9803921568627451,0.5747126436781609,0.0001771479185119575,0.7246376811594203
qwen25_vl_vqav2,qwen25_vl,vqav2,36D,8,36,strict_finite,5993,36,99,60,46,14,53,5880,0.7666666666666667,0.46464646464646464,0.0023752969121140144,0.5786163522012578
internvl3_earthvqa,internvl3,earthvqa,36D,12,36,strict_finite,5551,36,89,69,69,0,20,5462,1.0,0.7752808988764045,0.0,0.8734177215189873
internvl3_lingoqa,internvl3,lingoqa,36D,12,36,strict_finite,5596,36,93,92,86,6,7,5497,0.9347826086956522,0.9247311827956989,0.0010903143739778303,0.9297297297297298
internvl3_vqav2,internvl3,vqav2,36D,12,36,strict_finite,5841,36,99,90,78,12,21,5730,0.8666666666666667,0.7878787878787878,0.0020898641588296763,0.8253968253968254
llava15_earthvqa,llava15,earthvqa,36D,12,36,strict_finite,5669,36,14,6,6,0,8,5655,1.0,0.42857142857142855,0.0,0.6
llava15_lingoqa,llava15,lingoqa,36D,12,36,strict_finite,5719,36,29,8,8,0,21,5690,1.0,0.27586206896551724,0.0,0.43243243243243246
llava15_vqav2,llava15,vqav2,36D,12,36,strict_finite,5993,36,23,6,6,0,17,5970,1.0,0.2608695652173913,0.0,0.41379310344827586
qwen25_vl_earthvqa,qwen25_vl,earthvqa,36D,12,36,strict_finite,5659,36,56,46,46,0,10,5603,1.0,0.8214285714285714,0.0,0.9019607843137255
qwen25_vl_lingoqa,qwen25_vl,lingoqa,36D,12,36,strict_finite,5732,36,87,62,50,12,37,5633,0.8064516129032258,0.5747126436781609,0.0021257750221434896,0.6711409395973155
qwen25_vl_vqav2,qwen25_vl,vqav2,36D,12,36,strict_finite,5993,36,99,48,46,2,53,5892,0.9583333333333334,0.46464646464646464,0.00033932813030200206,0.6258503401360545
internvl3_earthvqa,internvl3,earthvqa,36D,16,36,strict_finite,5551,36,89,73,72,1,17,5461,0.9863013698630136,0.8089887640449438,0.0001830831197363603,0.8888888888888888
internvl3_lingoqa,internvl3,lingoqa,36D,16,36,strict_finite,5596,36,93,90,86,4,7,5499,0.9555555555555556,0.9247311827956989,0.0007268762493185535,0.9398907103825137
internvl3_vqav2,internvl3,vqav2,36D,16,36,strict_finite,5841,36,99,76,76,0,23,5742,1.0,0.7676767676767676,0.0,0.8685714285714285
llava15_earthvqa,llava15,earthvqa,36D,16,36,strict_finite,5669,36,14,7,6,1,8,5654,0.8571428571428571,0.42857142857142855,0.00017683465959328028,0.5714285714285714
llava15_lingoqa,llava15,lingoqa,36D,16,36,strict_finite,5719,36,29,81,9,72,20,5618,0.1111111111111111,0.3103448275862069,0.01265377855887522,0.16363636363636364
llava15_vqav2,llava15,vqav2,36D,16,36,strict_finite,5993,36,23,7,7,0,16,5970,1.0,0.30434782608695654,0.0,0.4666666666666667
qwen25_vl_earthvqa,qwen25_vl,earthvqa,36D,16,36,strict_finite,5659,36,56,46,46,0,10,5603,1.0,0.8214285714285714,0.0,0.9019607843137255
qwen25_vl_lingoqa,qwen25_vl,lingoqa,36D,16,36,strict_finite,5732,36,87,75,51,24,36,5621,0.68,0.5862068965517241,0.004251550044286979,0.6296296296296297
qwen25_vl_vqav2,qwen25_vl,vqav2,36D,16,36,strict_finite,5993,36,99,60,46,14,53,5880,0.7666666666666667,0.46464646464646464,0.0023752969121140144,0.5786163522012578
internvl3_earthvqa,internvl3,earthvqa,36D,20,36,strict_finite,5551,36,89,71,71,0,18,5462,1.0,0.797752808988764,0.0,0.8875
internvl3_lingoqa,internvl3,lingoqa,36D,20,36,strict_finite,5596,36,93,87,84,3,9,5500,0.9655172413793104,0.9032258064516129,0.0005451571869889151,0.9333333333333333
internvl3_vqav2,internvl3,vqav2,36D,20,36,strict_finite,5841,36,99,78,78,0,21,5742,1.0,0.7878787878787878,0.0,0.8813559322033898
llava15_earthvqa,llava15,earthvqa,36D,20,36,strict_finite,5669,36,14,9,7,2,7,5653,0.7777777777777778,0.5,0.00035366931918656057,0.6086956521739131
llava15_lingoqa,llava15,lingoqa,36D,20,36,strict_finite,5719,36,29,12,9,3,20,5687,0.75,0.3103448275862069,0.0005272407732864675,0.43902439024390244
llava15_vqav2,llava15,vqav2,36D,20,36,strict_finite,5993,36,23,8,7,1,16,5969,0.875,0.30434782608695654,0.00016750418760469013,0.45161290322580644
qwen25_vl_earthvqa,qwen25_vl,earthvqa,36D,20,36,strict_finite,5659,36,56,46,46,0,10,5603,1.0,0.8214285714285714,0.0,0.9019607843137255
qwen25_vl_lingoqa,qwen25_vl,lingoqa,36D,20,36,strict_finite,5732,36,87,95,51,44,36,5601,0.5368421052631579,0.5862068965517241,0.007794508414526129,0.5604395604395604
qwen25_vl_vqav2,qwen25_vl,vqav2,36D,20,36,strict_finite,5993,36,99,47,46,1,53,5893,0.9787234042553191,0.46464646464646464,0.00016966406515100103,0.6301369863013698
internvl3_earthvqa,internvl3,earthvqa,36D,24,36,strict_finite,5551,36,89,73,72,1,17,5461,0.9863013698630136,0.8089887640449438,0.0001830831197363603,0.8888888888888888
internvl3_lingoqa,internvl3,lingoqa,36D,24,36,strict_finite,5596,36,93,89,85,4,8,5499,0.9550561797752809,0.9139784946236559,0.0007268762493185535,0.9340659340659341
internvl3_vqav2,internvl3,vqav2,36D,24,36,strict_finite,5841,36,99,78,77,1,22,5741,0.9871794871794872,0.7777777777777778,0.00017415534656913968,0.8700564971751412
llava15_earthvqa,llava15,earthvqa,36D,24,36,strict_finite,5669,36,14,8,7,1,7,5654,0.875,0.5,0.00017683465959328028,0.6363636363636364
llava15_lingoqa,llava15,lingoqa,36D,24,36,strict_finite,5719,36,29,77,9,68,20,5622,0.11688311688311688,0.3103448275862069,0.01195079086115993,0.16981132075471697
llava15_vqav2,llava15,vqav2,36D,24,36,strict_finite,5993,36,23,8,7,1,16,5969,0.875,0.30434782608695654,0.00016750418760469013,0.45161290322580644
qwen25_vl_earthvqa,qwen25_vl,earthvqa,36D,24,36,strict_finite,5659,36,56,46,46,0,10,5603,1.0,0.8214285714285714,0.0,0.9019607843137255
qwen25_vl_lingoqa,qwen25_vl,lingoqa,36D,24,36,strict_finite,5732,36,87,51,49,2,38,5643,0.9607843137254902,0.5632183908045977,0.000354295837023915,0.7101449275362319
qwen25_vl_vqav2,qwen25_vl,vqav2,36D,24,36,strict_finite,5993,36,99,47,46,1,53,5893,0.9787234042553191,0.46464646464646464,0.00016966406515100103,0.6301369863013698
internvl3_earthvqa,internvl3,earthvqa,36D,28,36,strict_finite,5551,36,89,71,71,0,18,5462,1.0,0.797752808988764,0.0,0.8875
internvl3_lingoqa,internvl3,lingoqa,36D,28,36,strict_finite,5596,36,93,95,88,7,5,5496,0.9263157894736842,0.946236559139785,0.0012720334363074686,0.9361702127659575
internvl3_vqav2,internvl3,vqav2,36D,28,36,strict_finite,5841,36,99,77,77,0,22,5742,1.0,0.7777777777777778,0.0,0.875
llava15_earthvqa,llava15,earthvqa,36D,28,36,strict_finite,5669,36,14,6,6,0,8,5655,1.0,0.42857142857142855,0.0,0.6
llava15_lingoqa,llava15,lingoqa,36D,28,36,strict_finite,5719,36,29,11,9,2,20,5688,0.8181818181818182,0.3103448275862069,0.000351493848857645,0.45
llava15_vqav2,llava15,vqav2,36D,28,36,strict_finite,5993,36,23,8,7,1,16,5969,0.875,0.30434782608695654,0.00016750418760469013,0.45161290322580644
qwen25_vl_earthvqa,qwen25_vl,earthvqa,36D,28,36,strict_finite,5659,36,56,47,46,1,10,5602,0.9787234042553191,0.8214285714285714,0.0001784758165268606,0.8932038834951457
qwen25_vl_lingoqa,qwen25_vl,lingoqa,36D,28,36,strict_finite,5732,36,87,51,49,2,38,5643,0.9607843137254902,0.5632183908045977,0.000354295837023915,0.7101449275362319
qwen25_vl_vqav2,qwen25_vl,vqav2,36D,28,36,strict_finite,5993,36,99,47,46,1,53,5893,0.9787234042553191,0.46464646464646464,0.00016966406515100103,0.6301369863013698
internvl3_earthvqa,internvl3,earthvqa,36D,32,36,strict_finite,5551,36,89,72,72,0,17,5462,1.0,0.8089887640449438,0.0,0.8944099378881988
internvl3_lingoqa,internvl3,lingoqa,36D,32,36,strict_finite,5596,36,93,94,87,7,6,5496,0.925531914893617,0.9354838709677419,0.0012720334363074686,0.93048128342246
internvl3_vqav2,internvl3,vqav2,36D,32,36,strict_finite,5841,36,99,92,78,14,21,5728,0.8478260869565217,0.7878787878787878,0.0024381748519679554,0.8167539267015707
llava15_earthvqa,llava15,earthvqa,36D,32,36,strict_finite,5669,36,14,6,6,0,8,5655,1.0,0.42857142857142855,0.0,0.6
llava15_lingoqa,llava15,lingoqa,36D,32,36,strict_finite,5719,36,29,9,9,0,20,5690,1.0,0.3103448275862069,0.0,0.47368421052631576
llava15_vqav2,llava15,vqav2,36D,32,36,strict_finite,5993,36,23,8,7,1,16,5969,0.875,0.30434782608695654,0.00016750418760469013,0.45161290322580644
qwen25_vl_earthvqa,qwen25_vl,earthvqa,36D,32,36,strict_finite,5659,36,56,47,46,1,10,5602,0.9787234042553191,0.8214285714285714,0.0001784758165268606,0.8932038834951457
qwen25_vl_lingoqa,qwen25_vl,lingoqa,36D,32,36,strict_finite,5732,36,87,74,50,24,37,5621,0.6756756756756757,0.5747126436781609,0.004251550044286979,0.6211180124223602
qwen25_vl_vqav2,qwen25_vl,vqav2,36D,32,36,strict_finite,5993,36,99,47,46,1,53,5893,0.9787234042553191,0.46464646464646464,0.00016966406515100103,0.6301369863013698
internvl3_earthvqa,internvl3,earthvqa,48D,1,48,strict_finite,5551,36,89,76,73,3,16,5459,0.9605263157894737,0.8202247191011236,0.0005492493592090809,0.8848484848484849
internvl3_lingoqa,internvl3,lingoqa,48D,1,48,strict_finite,5596,36,93,89,85,4,8,5499,0.9550561797752809,0.9139784946236559,0.0007268762493185535,0.9340659340659341
internvl3_vqav2,internvl3,vqav2,48D,1,48,strict_finite,5841,36,99,113,76,37,23,5705,0.672566371681416,0.7676767676767676,0.006443747823058168,0.7169811320754716
llava15_earthvqa,llava15,earthvqa,48D,1,48,strict_finite,5669,36,14,7,6,1,8,5654,0.8571428571428571,0.42857142857142855,0.00017683465959328028,0.5714285714285714
llava15_lingoqa,llava15,lingoqa,48D,1,48,strict_finite,5719,36,29,6,6,0,23,5690,1.0,0.20689655172413793,0.0,0.34285714285714286
llava15_vqav2,llava15,vqav2,48D,1,48,strict_finite,5993,36,23,27,6,21,17,5949,0.2222222222222222,0.2608695652173913,0.0035175879396984926,0.24
qwen25_vl_earthvqa,qwen25_vl,earthvqa,48D,1,48,strict_finite,5659,36,56,46,46,0,10,5603,1.0,0.8214285714285714,0.0,0.9019607843137255
qwen25_vl_lingoqa,qwen25_vl,lingoqa,48D,1,48,strict_finite,5732,36,87,70,47,23,40,5622,0.6714285714285714,0.5402298850574713,0.004074402125775022,0.5987261146496815
qwen25_vl_vqav2,qwen25_vl,vqav2,48D,1,48,strict_finite,5993,36,99,63,47,16,52,5878,0.746031746031746,0.47474747474747475,0.0027146250424160165,0.5802469135802469
internvl3_earthvqa,internvl3,earthvqa,48D,2,48,strict_finite,5551,36,89,72,71,1,18,5461,0.9861111111111112,0.797752808988764,0.0001830831197363603,0.8819875776397516
internvl3_lingoqa,internvl3,lingoqa,48D,2,48,strict_finite,5596,36,93,87,85,2,8,5501,0.9770114942528736,0.9139784946236559,0.00036343812465927677,0.9444444444444444
internvl3_vqav2,internvl3,vqav2,48D,2,48,strict_finite,5841,36,99,77,76,1,23,5741,0.987012987012987,0.7676767676767676,0.00017415534656913968,0.8636363636363636
llava15_earthvqa,llava15,earthvqa,48D,2,48,strict_finite,5669,36,14,6,6,0,8,5655,1.0,0.42857142857142855,0.0,0.6
llava15_lingoqa,llava15,lingoqa,48D,2,48,strict_finite,5719,36,29,10,9,1,20,5689,0.9,0.3103448275862069,0.0001757469244288225,0.46153846153846156
llava15_vqav2,llava15,vqav2,48D,2,48,strict_finite,5993,36,23,7,5,2,18,5968,0.7142857142857143,0.21739130434782608,0.00033500837520938025,0.3333333333333333
qwen25_vl_earthvqa,qwen25_vl,earthvqa,48D,2,48,strict_finite,5659,36,56,47,46,1,10,5602,0.9787234042553191,0.8214285714285714,0.0001784758165268606,0.8932038834951457
qwen25_vl_lingoqa,qwen25_vl,lingoqa,48D,2,48,strict_finite,5732,36,87,114,48,66,39,5579,0.42105263157894735,0.5517241379310345,0.011691762621789194,0.47761194029850745
qwen25_vl_vqav2,qwen25_vl,vqav2,48D,2,48,strict_finite,5993,36,99,52,43,9,56,5885,0.8269230769230769,0.43434343434343436,0.001526976586359009,0.5695364238410596
internvl3_earthvqa,internvl3,earthvqa,48D,4,48,strict_finite,5551,36,89,119,74,45,15,5417,0.6218487394957983,0.8314606741573034,0.008238740388136214,0.7115384615384616
internvl3_lingoqa,internvl3,lingoqa,48D,4,48,strict_finite,5596,36,93,98,87,11,6,5492,0.8877551020408163,0.9354838709677419,0.001998909685626022,0.9109947643979057
internvl3_vqav2,internvl3,vqav2,48D,4,48,strict_finite,5841,36,99,79,77,2,22,5740,0.9746835443037974,0.7777777777777778,0.00034831069313827936,0.8651685393258427
llava15_earthvqa,llava15,earthvqa,48D,4,48,strict_finite,5669,36,14,9,7,2,7,5653,0.7777777777777778,0.5,0.00035366931918656057,0.6086956521739131
llava15_lingoqa,llava15,lingoqa,48D,4,48,strict_finite,5719,36,29,10,9,1,20,5689,0.9,0.3103448275862069,0.0001757469244288225,0.46153846153846156
llava15_vqav2,llava15,vqav2,48D,4,48,strict_finite,5993,36,23,8,4,4,19,5966,0.5,0.17391304347826086,0.0006700167504187605,0.25806451612903225
qwen25_vl_earthvqa,qwen25_vl,earthvqa,48D,4,48,strict_finite,5659,36,56,45,45,0,11,5603,1.0,0.8035714285714286,0.0,0.8910891089108911
qwen25_vl_lingoqa,qwen25_vl,lingoqa,48D,4,48,strict_finite,5732,36,87,52,51,1,36,5644,0.9807692307692307,0.5862068965517241,0.0001771479185119575,0.7338129496402878
qwen25_vl_vqav2,qwen25_vl,vqav2,48D,4,48,strict_finite,5993,36,99,78,46,32,53,5862,0.5897435897435898,0.46464646464646464,0.005429250084832033,0.519774011299435
internvl3_earthvqa,internvl3,earthvqa,48D,8,48,strict_finite,5551,36,89,83,73,10,16,5452,0.8795180722891566,0.8202247191011236,0.001830831197363603,0.8488372093023255
internvl3_lingoqa,internvl3,lingoqa,48D,8,48,strict_finite,5596,36,93,114,87,27,6,5476,0.7631578947368421,0.9354838709677419,0.004906414682900236,0.8405797101449275
internvl3_vqav2,internvl3,vqav2,48D,8,48,strict_finite,5841,36,99,90,78,12,21,5730,0.8666666666666667,0.7878787878787878,0.0020898641588296763,0.8253968253968254
llava15_earthvqa,llava15,earthvqa,48D,8,48,strict_finite,5669,36,14,9,8,1,6,5654,0.8888888888888888,0.5714285714285714,0.00017683465959328028,0.6956521739130435
llava15_lingoqa,llava15,lingoqa,48D,8,48,strict_finite,5719,36,29,9,9,0,20,5690,1.0,0.3103448275862069,0.0,0.47368421052631576
llava15_vqav2,llava15,vqav2,48D,8,48,strict_finite,5993,36,23,45,5,40,18,5930,0.1111111111111111,0.21739130434782608,0.006700167504187605,0.14705882352941177
qwen25_vl_earthvqa,qwen25_vl,earthvqa,48D,8,48,strict_finite,5659,36,56,46,46,0,10,5603,1.0,0.8214285714285714,0.0,0.9019607843137255
qwen25_vl_lingoqa,qwen25_vl,lingoqa,48D,8,48,strict_finite,5732,36,87,55,51,4,36,5641,0.9272727272727272,0.5862068965517241,0.00070859167404783,0.7183098591549296
qwen25_vl_vqav2,qwen25_vl,vqav2,48D,8,48,strict_finite,5993,36,99,79,46,33,53,5861,0.5822784810126582,0.46464646464646464,0.005598914149983034,0.5168539325842697
internvl3_earthvqa,internvl3,earthvqa,48D,12,48,strict_finite,5551,36,89,77,73,4,16,5458,0.948051948051948,0.8202247191011236,0.0007323324789454412,0.8795180722891566
internvl3_lingoqa,internvl3,lingoqa,48D,12,48,strict_finite,5596,36,93,89,86,3,7,5500,0.9662921348314607,0.9247311827956989,0.0005451571869889151,0.945054945054945
internvl3_vqav2,internvl3,vqav2,48D,12,48,strict_finite,5841,36,99,88,77,11,22,5731,0.875,0.7777777777777778,0.0019157088122605363,0.8235294117647058
llava15_earthvqa,llava15,earthvqa,48D,12,48,strict_finite,5669,36,14,7,6,1,8,5654,0.8571428571428571,0.42857142857142855,0.00017683465959328028,0.5714285714285714
llava15_lingoqa,llava15,lingoqa,48D,12,48,strict_finite,5719,36,29,31,8,23,21,5667,0.25806451612903225,0.27586206896551724,0.0040421792618629175,0.26666666666666666
llava15_vqav2,llava15,vqav2,48D,12,48,strict_finite,5993,36,23,6,6,0,17,5970,1.0,0.2608695652173913,0.0,0.41379310344827586
qwen25_vl_earthvqa,qwen25_vl,earthvqa,48D,12,48,strict_finite,5659,36,56,46,46,0,10,5603,1.0,0.8214285714285714,0.0,0.9019607843137255
qwen25_vl_lingoqa,qwen25_vl,lingoqa,48D,12,48,strict_finite,5732,36,87,52,50,2,37,5643,0.9615384615384616,0.5747126436781609,0.000354295837023915,0.7194244604316546
qwen25_vl_vqav2,qwen25_vl,vqav2,48D,12,48,strict_finite,5993,36,99,48,46,2,53,5892,0.9583333333333334,0.46464646464646464,0.00033932813030200206,0.6258503401360545
internvl3_earthvqa,internvl3,earthvqa,48D,16,48,strict_finite,5551,36,89,75,73,2,16,5460,0.9733333333333334,0.8202247191011236,0.0003661662394727206,0.8902439024390244
internvl3_lingoqa,internvl3,lingoqa,48D,16,48,strict_finite,5596,36,93,87,86,1,7,5502,0.9885057471264368,0.9247311827956989,0.00018171906232963838,0.9555555555555556
internvl3_vqav2,internvl3,vqav2,48D,16,48,strict_finite,5841,36,99,91,80,11,19,5731,0.8791208791208791,0.8080808080808081,0.0019157088122605363,0.8421052631578947
llava15_earthvqa,llava15,earthvqa,48D,16,48,strict_finite,5669,36,14,14,8,6,6,5649,0.5714285714285714,0.5714285714285714,0.0010610079575596816,0.5714285714285714
llava15_lingoqa,llava15,lingoqa,48D,16,48,strict_finite,5719,36,29,8,8,0,21,5690,1.0,0.27586206896551724,0.0,0.43243243243243246
llava15_vqav2,llava15,vqav2,48D,16,48,strict_finite,5993,36,23,29,6,23,17,5947,0.20689655172413793,0.2608695652173913,0.0038525963149078726,0.23076923076923078
qwen25_vl_earthvqa,qwen25_vl,earthvqa,48D,16,48,strict_finite,5659,36,56,47,46,1,10,5602,0.9787234042553191,0.8214285714285714,0.0001784758165268606,0.8932038834951457
qwen25_vl_lingoqa,qwen25_vl,lingoqa,48D,16,48,strict_finite,5732,36,87,53,51,2,36,5643,0.9622641509433962,0.5862068965517241,0.000354295837023915,0.7285714285714285
qwen25_vl_vqav2,qwen25_vl,vqav2,48D,16,48,strict_finite,5993,36,99,47,45,2,54,5892,0.9574468085106383,0.45454545454545453,0.00033932813030200206,0.6164383561643836
internvl3_earthvqa,internvl3,earthvqa,48D,20,48,strict_finite,5551,36,89,75,73,2,16,5460,0.9733333333333334,0.8202247191011236,0.0003661662394727206,0.8902439024390244
internvl3_lingoqa,internvl3,lingoqa,48D,20,48,strict_finite,5596,36,93,91,85,6,8,5497,0.9340659340659341,0.9139784946236559,0.0010903143739778303,0.9239130434782609
internvl3_vqav2,internvl3,vqav2,48D,20,48,strict_finite,5841,36,99,77,77,0,22,5742,1.0,0.7777777777777778,0.0,0.875
llava15_earthvqa,llava15,earthvqa,48D,20,48,strict_finite,5669,36,14,16,8,8,6,5647,0.5,0.5714285714285714,0.0014146772767462423,0.5333333333333333
llava15_lingoqa,llava15,lingoqa,48D,20,48,strict_finite,5719,36,29,52,9,43,20,5647,0.17307692307692307,0.3103448275862069,0.007557117750439367,0.2222222222222222
llava15_vqav2,llava15,vqav2,48D,20,48,strict_finite,5993,36,23,17,6,11,17,5959,0.35294117647058826,0.2608695652173913,0.0018425460636515912,0.3
qwen25_vl_earthvqa,qwen25_vl,earthvqa,48D,20,48,strict_finite,5659,36,56,46,46,0,10,5603,1.0,0.8214285714285714,0.0,0.9019607843137255
qwen25_vl_lingoqa,qwen25_vl,lingoqa,48D,20,48,strict_finite,5732,36,87,83,50,33,37,5612,0.6024096385542169,0.5747126436781609,0.005845881310894597,0.5882352941176471
qwen25_vl_vqav2,qwen25_vl,vqav2,48D,20,48,strict_finite,5993,36,99,46,46,0,53,5894,1.0,0.46464646464646464,0.0,0.6344827586206897
internvl3_earthvqa,internvl3,earthvqa,48D,24,48,strict_finite,5551,36,89,74,72,2,17,5460,0.972972972972973,0.8089887640449438,0.0003661662394727206,0.8834355828220859
internvl3_lingoqa,internvl3,lingoqa,48D,24,48,strict_finite,5596,36,93,90,86,4,7,5499,0.9555555555555556,0.9247311827956989,0.0007268762493185535,0.9398907103825137
internvl3_vqav2,internvl3,vqav2,48D,24,48,strict_finite,5841,36,99,77,77,0,22,5742,1.0,0.7777777777777778,0.0,0.875
llava15_earthvqa,llava15,earthvqa,48D,24,48,strict_finite,5669,36,14,26,8,18,6,5637,0.3076923076923077,0.5714285714285714,0.003183023872679045,0.4
llava15_lingoqa,llava15,lingoqa,48D,24,48,strict_finite,5719,36,29,44,9,35,20,5655,0.20454545454545456,0.3103448275862069,0.006151142355008787,0.2465753424657534
llava15_vqav2,llava15,vqav2,48D,24,48,strict_finite,5993,36,23,35,6,29,17,5941,0.17142857142857143,0.2608695652173913,0.004857621440536013,0.20689655172413793
qwen25_vl_earthvqa,qwen25_vl,earthvqa,48D,24,48,strict_finite,5659,36,56,46,46,0,10,5603,1.0,0.8214285714285714,0.0,0.9019607843137255
qwen25_vl_lingoqa,qwen25_vl,lingoqa,48D,24,48,strict_finite,5732,36,87,52,50,2,37,5643,0.9615384615384616,0.5747126436781609,0.000354295837023915,0.7194244604316546
qwen25_vl_vqav2,qwen25_vl,vqav2,48D,24,48,strict_finite,5993,36,99,45,45,0,54,5894,1.0,0.45454545454545453,0.0,0.625
internvl3_earthvqa,internvl3,earthvqa,48D,28,48,strict_finite,5551,36,89,72,71,1,18,5461,0.9861111111111112,0.797752808988764,0.0001830831197363603,0.8819875776397516
internvl3_lingoqa,internvl3,lingoqa,48D,28,48,strict_finite,5596,36,93,92,87,5,6,5498,0.9456521739130435,0.9354838709677419,0.0009085953116481918,0.9405405405405406
internvl3_vqav2,internvl3,vqav2,48D,28,48,strict_finite,5841,36,99,95,80,15,19,5727,0.8421052631578947,0.8080808080808081,0.002612330198537095,0.8247422680412371
llava15_earthvqa,llava15,earthvqa,48D,28,48,strict_finite,5669,36,14,14,8,6,6,5649,0.5714285714285714,0.5714285714285714,0.0010610079575596816,0.5714285714285714
llava15_lingoqa,llava15,lingoqa,48D,28,48,strict_finite,5719,36,29,9,9,0,20,5690,1.0,0.3103448275862069,0.0,0.47368421052631576
llava15_vqav2,llava15,vqav2,48D,28,48,strict_finite,5993,36,23,35,6,29,17,5941,0.17142857142857143,0.2608695652173913,0.004857621440536013,0.20689655172413793
qwen25_vl_earthvqa,qwen25_vl,earthvqa,48D,28,48,strict_finite,5659,36,56,56,46,10,10,5593,0.8214285714285714,0.8214285714285714,0.001784758165268606,0.8214285714285714
qwen25_vl_lingoqa,qwen25_vl,lingoqa,48D,28,48,strict_finite,5732,36,87,84,52,32,35,5613,0.6190476190476191,0.5977011494252874,0.00566873339238264,0.6081871345029239
qwen25_vl_vqav2,qwen25_vl,vqav2,48D,28,48,strict_finite,5993,36,99,47,46,1,53,5893,0.9787234042553191,0.46464646464646464,0.00016966406515100103,0.6301369863013698
internvl3_earthvqa,internvl3,earthvqa,48D,32,48,strict_finite,5551,36,89,73,72,1,17,5461,0.9863013698630136,0.8089887640449438,0.0001830831197363603,0.8888888888888888
internvl3_lingoqa,internvl3,lingoqa,48D,32,48,strict_finite,5596,36,93,88,86,2,7,5501,0.9772727272727273,0.9247311827956989,0.00036343812465927677,0.9502762430939227
internvl3_vqav2,internvl3,vqav2,48D,32,48,strict_finite,5841,36,99,94,80,14,19,5728,0.851063829787234,0.8080808080808081,0.0024381748519679554,0.8290155440414507
llava15_earthvqa,llava15,earthvqa,48D,32,48,strict_finite,5669,36,14,14,8,6,6,5649,0.5714285714285714,0.5714285714285714,0.0010610079575596816,0.5714285714285714
llava15_lingoqa,llava15,lingoqa,48D,32,48,strict_finite,5719,36,29,27,8,19,21,5671,0.2962962962962963,0.27586206896551724,0.0033391915641476275,0.2857142857142857
llava15_vqav2,llava15,vqav2,48D,32,48,strict_finite,5993,36,23,36,7,29,16,5941,0.19444444444444445,0.30434782608695654,0.004857621440536013,0.23728813559322035
qwen25_vl_earthvqa,qwen25_vl,earthvqa,48D,32,48,strict_finite,5659,36,56,69,46,23,10,5580,0.6666666666666666,0.8214285714285714,0.004104943780117794,0.736
qwen25_vl_lingoqa,qwen25_vl,lingoqa,48D,32,48,strict_finite,5732,36,87,77,51,26,36,5619,0.6623376623376623,0.5862068965517241,0.004605845881310895,0.6219512195121951
qwen25_vl_vqav2,qwen25_vl,vqav2,48D,32,48,strict_finite,5993,36,99,45,45,0,54,5894,1.0,0.45454545454545453,0.0,0.625
internvl3_earthvqa,internvl3,earthvqa,60D,1,60,strict_finite,5551,36,89,79,73,6,16,5456,0.9240506329113924,0.8202247191011236,0.0010984987184181618,0.8690476190476191
internvl3_lingoqa,internvl3,lingoqa,60D,1,60,strict_finite,5596,36,93,109,85,24,8,5479,0.7798165137614679,0.9139784946236559,0.004361257495911321,0.8415841584158416
internvl3_vqav2,internvl3,vqav2,60D,1,60,strict_finite,5841,36,99,85,76,9,23,5733,0.8941176470588236,0.7676767676767676,0.001567398119122257,0.8260869565217391
llava15_earthvqa,llava15,earthvqa,60D,1,60,strict_finite,5669,36,14,7,6,1,8,5654,0.8571428571428571,0.42857142857142855,0.00017683465959328028,0.5714285714285714
llava15_lingoqa,llava15,lingoqa,60D,1,60,strict_finite,5719,36,29,10,7,3,22,5687,0.7,0.2413793103448276,0.0005272407732864675,0.358974358974359
llava15_vqav2,llava15,vqav2,60D,1,60,strict_finite,5993,36,23,7,7,0,16,5970,1.0,0.30434782608695654,0.0,0.4666666666666667
qwen25_vl_earthvqa,qwen25_vl,earthvqa,60D,1,60,strict_finite,5659,36,56,42,42,0,14,5603,1.0,0.75,0.0,0.8571428571428571
qwen25_vl_lingoqa,qwen25_vl,lingoqa,60D,1,60,strict_finite,5732,36,87,120,44,76,43,5569,0.36666666666666664,0.5057471264367817,0.013463241806908768,0.4251207729468599
qwen25_vl_vqav2,qwen25_vl,vqav2,60D,1,60,strict_finite,5993,36,99,40,40,0,59,5894,1.0,0.40404040404040403,0.0,0.5755395683453237
internvl3_earthvqa,internvl3,earthvqa,60D,2,60,strict_finite,5551,36,89,88,72,16,17,5446,0.8181818181818182,0.8089887640449438,0.0029293299157817647,0.8135593220338984
internvl3_lingoqa,internvl3,lingoqa,60D,2,60,strict_finite,5596,36,93,88,85,3,8,5500,0.9659090909090909,0.9139784946236559,0.0005451571869889151,0.9392265193370166
internvl3_vqav2,internvl3,vqav2,60D,2,60,strict_finite,5841,36,99,100,77,23,22,5719,0.77,0.7777777777777778,0.004005572971090212,0.7738693467336684
llava15_earthvqa,llava15,earthvqa,60D,2,60,strict_finite,5669,36,14,6,6,0,8,5655,1.0,0.42857142857142855,0.0,0.6
llava15_lingoqa,llava15,lingoqa,60D,2,60,strict_finite,5719,36,29,30,8,22,21,5668,0.26666666666666666,0.27586206896551724,0.003866432337434095,0.2711864406779661
llava15_vqav2,llava15,vqav2,60D,2,60,strict_finite,5993,36,23,5,5,0,18,5970,1.0,0.21739130434782608,0.0,0.35714285714285715
qwen25_vl_earthvqa,qwen25_vl,earthvqa,60D,2,60,strict_finite,5659,36,56,46,46,0,10,5603,1.0,0.8214285714285714,0.0,0.9019607843137255
qwen25_vl_lingoqa,qwen25_vl,lingoqa,60D,2,60,strict_finite,5732,36,87,94,50,44,37,5601,0.5319148936170213,0.5747126436781609,0.007794508414526129,0.5524861878453039
qwen25_vl_vqav2,qwen25_vl,vqav2,60D,2,60,strict_finite,5993,36,99,51,39,12,60,5882,0.7647058823529411,0.3939393939393939,0.0020359687818120122,0.52
internvl3_earthvqa,internvl3,earthvqa,60D,4,60,strict_finite,5551,36,89,88,73,15,16,5447,0.8295454545454546,0.8202247191011236,0.0027462467960454044,0.8248587570621468
internvl3_lingoqa,internvl3,lingoqa,60D,4,60,strict_finite,5596,36,93,91,86,5,7,5498,0.945054945054945,0.9247311827956989,0.0009085953116481918,0.9347826086956522
internvl3_vqav2,internvl3,vqav2,60D,4,60,strict_finite,5841,36,99,101,78,23,21,5719,0.7722772277227723,0.7878787878787878,0.004005572971090212,0.78
llava15_earthvqa,llava15,earthvqa,60D,4,60,strict_finite,5669,36,14,9,7,2,7,5653,0.7777777777777778,0.5,0.00035366931918656057,0.6086956521739131
llava15_lingoqa,llava15,lingoqa,60D,4,60,strict_finite,5719,36,29,9,8,1,21,5689,0.8888888888888888,0.27586206896551724,0.0001757469244288225,0.42105263157894735
llava15_vqav2,llava15,vqav2,60D,4,60,strict_finite,5993,36,23,6,6,0,17,5970,1.0,0.2608695652173913,0.0,0.41379310344827586
qwen25_vl_earthvqa,qwen25_vl,earthvqa,60D,4,60,strict_finite,5659,36,56,46,45,1,11,5602,0.9782608695652174,0.8035714285714286,0.0001784758165268606,0.8823529411764706
qwen25_vl_lingoqa,qwen25_vl,lingoqa,60D,4,60,strict_finite,5732,36,87,50,50,0,37,5645,1.0,0.5747126436781609,0.0,0.7299270072992701
qwen25_vl_vqav2,qwen25_vl,vqav2,60D,4,60,strict_finite,5993,36,99,63,40,23,59,5871,0.6349206349206349,0.40404040404040403,0.003902273498473023,0.49382716049382713
internvl3_earthvqa,internvl3,earthvqa,60D,8,60,strict_finite,5551,36,89,73,72,1,17,5461,0.9863013698630136,0.8089887640449438,0.0001830831197363603,0.8888888888888888
internvl3_lingoqa,internvl3,lingoqa,60D,8,60,strict_finite,5596,36,93,133,86,47,7,5456,0.6466165413533834,0.9247311827956989,0.008540795929493004,0.7610619469026548
internvl3_vqav2,internvl3,vqav2,60D,8,60,strict_finite,5841,36,99,112,79,33,20,5709,0.7053571428571429,0.797979797979798,0.005747126436781609,0.7488151658767772
llava15_earthvqa,llava15,earthvqa,60D,8,60,strict_finite,5669,36,14,10,8,2,6,5653,0.8,0.5714285714285714,0.00035366931918656057,0.6666666666666666
llava15_lingoqa,llava15,lingoqa,60D,8,60,strict_finite,5719,36,29,9,8,1,21,5689,0.8888888888888888,0.27586206896551724,0.0001757469244288225,0.42105263157894735
llava15_vqav2,llava15,vqav2,60D,8,60,strict_finite,5993,36,23,6,6,0,17,5970,1.0,0.2608695652173913,0.0,0.41379310344827586
qwen25_vl_earthvqa,qwen25_vl,earthvqa,60D,8,60,strict_finite,5659,36,56,45,45,0,11,5603,1.0,0.8035714285714286,0.0,0.8910891089108911
qwen25_vl_lingoqa,qwen25_vl,lingoqa,60D,8,60,strict_finite,5732,36,87,50,50,0,37,5645,1.0,0.5747126436781609,0.0,0.7299270072992701
qwen25_vl_vqav2,qwen25_vl,vqav2,60D,8,60,strict_finite,5993,36,99,64,42,22,57,5872,0.65625,0.42424242424242425,0.0037326094333220224,0.5153374233128835
internvl3_earthvqa,internvl3,earthvqa,60D,12,60,strict_finite,5551,36,89,72,71,1,18,5461,0.9861111111111112,0.797752808988764,0.0001830831197363603,0.8819875776397516
internvl3_lingoqa,internvl3,lingoqa,60D,12,60,strict_finite,5596,36,93,111,85,26,8,5477,0.7657657657657657,0.9139784946236559,0.004724695620570598,0.8333333333333334
internvl3_vqav2,internvl3,vqav2,60D,12,60,strict_finite,5841,36,99,89,78,11,21,5731,0.8764044943820225,0.7878787878787878,0.0019157088122605363,0.8297872340425532
llava15_earthvqa,llava15,earthvqa,60D,12,60,strict_finite,5669,36,14,8,6,2,8,5653,0.75,0.42857142857142855,0.00035366931918656057,0.5454545454545454
llava15_lingoqa,llava15,lingoqa,60D,12,60,strict_finite,5719,36,29,8,8,0,21,5690,1.0,0.27586206896551724,0.0,0.43243243243243246
llava15_vqav2,llava15,vqav2,60D,12,60,strict_finite,5993,36,23,7,7,0,16,5970,1.0,0.30434782608695654,0.0,0.4666666666666667
qwen25_vl_earthvqa,qwen25_vl,earthvqa,60D,12,60,strict_finite,5659,36,56,43,43,0,13,5603,1.0,0.7678571428571429,0.0,0.8686868686868687
qwen25_vl_lingoqa,qwen25_vl,lingoqa,60D,12,60,strict_finite,5732,36,87,52,51,1,36,5644,0.9807692307692307,0.5862068965517241,0.0001771479185119575,0.7338129496402878
qwen25_vl_vqav2,qwen25_vl,vqav2,60D,12,60,strict_finite,5993,36,99,45,42,3,57,5891,0.9333333333333333,0.42424242424242425,0.0005089921954530031,0.5833333333333334
internvl3_earthvqa,internvl3,earthvqa,60D,16,60,strict_finite,5551,36,89,74,73,1,16,5461,0.9864864864864865,0.8202247191011236,0.0001830831197363603,0.8957055214723927
internvl3_lingoqa,internvl3,lingoqa,60D,16,60,strict_finite,5596,36,93,108,85,23,8,5480,0.7870370370370371,0.9139784946236559,0.004179538433581683,0.845771144278607
internvl3_vqav2,internvl3,vqav2,60D,16,60,strict_finite,5841,36,99,89,78,11,21,5731,0.8764044943820225,0.7878787878787878,0.0019157088122605363,0.8297872340425532
llava15_earthvqa,llava15,earthvqa,60D,16,60,strict_finite,5669,36,14,8,7,1,7,5654,0.875,0.5,0.00017683465959328028,0.6363636363636364
llava15_lingoqa,llava15,lingoqa,60D,16,60,strict_finite,5719,36,29,8,8,0,21,5690,1.0,0.27586206896551724,0.0,0.43243243243243246
llava15_vqav2,llava15,vqav2,60D,16,60,strict_finite,5993,36,23,30,7,23,16,5947,0.23333333333333334,0.30434782608695654,0.0038525963149078726,0.2641509433962264
qwen25_vl_earthvqa,qwen25_vl,earthvqa,60D,16,60,strict_finite,5659,36,56,55,46,9,10,5594,0.8363636363636363,0.8214285714285714,0.0016062823487417454,0.8288288288288288
qwen25_vl_lingoqa,qwen25_vl,lingoqa,60D,16,60,strict_finite,5732,36,87,50,50,0,37,5645,1.0,0.5747126436781609,0.0,0.7299270072992701
qwen25_vl_vqav2,qwen25_vl,vqav2,60D,16,60,strict_finite,5993,36,99,40,40,0,59,5894,1.0,0.40404040404040403,0.0,0.5755395683453237
internvl3_earthvqa,internvl3,earthvqa,60D,20,60,strict_finite,5551,36,89,74,73,1,16,5461,0.9864864864864865,0.8202247191011236,0.0001830831197363603,0.8957055214723927
internvl3_lingoqa,internvl3,lingoqa,60D,20,60,strict_finite,5596,36,93,107,86,21,7,5482,0.8037383177570093,0.9247311827956989,0.003816100308922406,0.86
internvl3_vqav2,internvl3,vqav2,60D,20,60,strict_finite,5841,36,99,101,79,22,20,5720,0.7821782178217822,0.797979797979798,0.0038314176245210726,0.79
llava15_earthvqa,llava15,earthvqa,60D,20,60,strict_finite,5669,36,14,9,7,2,7,5653,0.7777777777777778,0.5,0.00035366931918656057,0.6086956521739131
llava15_lingoqa,llava15,lingoqa,60D,20,60,strict_finite,5719,36,29,32,9,23,20,5667,0.28125,0.3103448275862069,0.0040421792618629175,0.29508196721311475
llava15_vqav2,llava15,vqav2,60D,20,60,strict_finite,5993,36,23,41,7,34,16,5936,0.17073170731707318,0.30434782608695654,0.005695142378559464,0.21875
qwen25_vl_earthvqa,qwen25_vl,earthvqa,60D,20,60,strict_finite,5659,36,56,46,46,0,10,5603,1.0,0.8214285714285714,0.0,0.9019607843137255
qwen25_vl_lingoqa,qwen25_vl,lingoqa,60D,20,60,strict_finite,5732,36,87,81,49,32,38,5613,0.6049382716049383,0.5632183908045977,0.00566873339238264,0.5833333333333334
qwen25_vl_vqav2,qwen25_vl,vqav2,60D,20,60,strict_finite,5993,36,99,41,41,0,58,5894,1.0,0.41414141414141414,0.0,0.5857142857142857
internvl3_earthvqa,internvl3,earthvqa,60D,24,60,strict_finite,5551,36,89,74,73,1,16,5461,0.9864864864864865,0.8202247191011236,0.0001830831197363603,0.8957055214723927
internvl3_lingoqa,internvl3,lingoqa,60D,24,60,strict_finite,5596,36,93,123,86,37,7,5466,0.6991869918699187,0.9247311827956989,0.00672360530619662,0.7962962962962963
internvl3_vqav2,internvl3,vqav2,60D,24,60,strict_finite,5841,36,99,90,79,11,20,5731,0.8777777777777778,0.797979797979798,0.0019157088122605363,0.8359788359788359
llava15_earthvqa,llava15,earthvqa,60D,24,60,strict_finite,5669,36,14,8,7,1,7,5654,0.875,0.5,0.00017683465959328028,0.6363636363636364
llava15_lingoqa,llava15,lingoqa,60D,24,60,strict_finite,5719,36,29,11,9,2,20,5688,0.8181818181818182,0.3103448275862069,0.000351493848857645,0.45
llava15_vqav2,llava15,vqav2,60D,24,60,strict_finite,5993,36,23,41,7,34,16,5936,0.17073170731707318,0.30434782608695654,0.005695142378559464,0.21875
qwen25_vl_earthvqa,qwen25_vl,earthvqa,60D,24,60,strict_finite,5659,36,56,46,46,0,10,5603,1.0,0.8214285714285714,0.0,0.9019607843137255
qwen25_vl_lingoqa,qwen25_vl,lingoqa,60D,24,60,strict_finite,5732,36,87,72,49,23,38,5622,0.6805555555555556,0.5632183908045977,0.004074402125775022,0.6163522012578616
qwen25_vl_vqav2,qwen25_vl,vqav2,60D,24,60,strict_finite,5993,36,99,44,44,0,55,5894,1.0,0.4444444444444444,0.0,0.6153846153846154
internvl3_earthvqa,internvl3,earthvqa,60D,28,60,strict_finite,5551,36,89,72,71,1,18,5461,0.9861111111111112,0.797752808988764,0.0001830831197363603,0.8819875776397516
internvl3_lingoqa,internvl3,lingoqa,60D,28,60,strict_finite,5596,36,93,148,87,61,6,5442,0.5878378378378378,0.9354838709677419,0.011084862802107942,0.7219917012448133
internvl3_vqav2,internvl3,vqav2,60D,28,60,strict_finite,5841,36,99,87,76,11,23,5731,0.8735632183908046,0.7676767676767676,0.0019157088122605363,0.8172043010752689
llava15_earthvqa,llava15,earthvqa,60D,28,60,strict_finite,5669,36,14,8,7,1,7,5654,0.875,0.5,0.00017683465959328028,0.6363636363636364
llava15_lingoqa,llava15,lingoqa,60D,28,60,strict_finite,5719,36,29,32,8,24,21,5666,0.25,0.27586206896551724,0.00421792618629174,0.26229508196721313
llava15_vqav2,llava15,vqav2,60D,28,60,strict_finite,5993,36,23,42,7,35,16,5935,0.16666666666666666,0.30434782608695654,0.005862646566164154,0.2153846153846154
qwen25_vl_earthvqa,qwen25_vl,earthvqa,60D,28,60,strict_finite,5659,36,56,49,46,3,10,5600,0.9387755102040817,0.8214285714285714,0.0005354274495805819,0.8761904761904762
qwen25_vl_lingoqa,qwen25_vl,lingoqa,60D,28,60,strict_finite,5732,36,87,53,51,2,36,5643,0.9622641509433962,0.5862068965517241,0.000354295837023915,0.7285714285714285
qwen25_vl_vqav2,qwen25_vl,vqav2,60D,28,60,strict_finite,5993,36,99,41,41,0,58,5894,1.0,0.41414141414141414,0.0,0.5857142857142857
internvl3_earthvqa,internvl3,earthvqa,60D,32,60,strict_finite,5551,36,89,74,72,2,17,5460,0.972972972972973,0.8089887640449438,0.0003661662394727206,0.8834355828220859
internvl3_lingoqa,internvl3,lingoqa,60D,32,60,strict_finite,5596,36,93,129,87,42,6,5461,0.6744186046511628,0.9354838709677419,0.007632200617844812,0.7837837837837838
internvl3_vqav2,internvl3,vqav2,60D,32,60,strict_finite,5841,36,99,89,78,11,21,5731,0.8764044943820225,0.7878787878787878,0.0019157088122605363,0.8297872340425532
llava15_earthvqa,llava15,earthvqa,60D,32,60,strict_finite,5669,36,14,13,8,5,6,5650,0.6153846153846154,0.5714285714285714,0.0008841732979664014,0.5925925925925926
llava15_lingoqa,llava15,lingoqa,60D,32,60,strict_finite,5719,36,29,11,8,3,21,5687,0.7272727272727273,0.27586206896551724,0.0005272407732864675,0.4
llava15_vqav2,llava15,vqav2,60D,32,60,strict_finite,5993,36,23,52,7,45,16,5925,0.1346153846153846,0.30434782608695654,0.007537688442211055,0.18666666666666668
qwen25_vl_earthvqa,qwen25_vl,earthvqa,60D,32,60,strict_finite,5659,36,56,54,46,8,10,5595,0.8518518518518519,0.8214285714285714,0.0014278065322148848,0.8363636363636363
qwen25_vl_lingoqa,qwen25_vl,lingoqa,60D,32,60,strict_finite,5732,36,87,59,51,8,36,5637,0.864406779661017,0.5862068965517241,0.00141718334809566,0.6986301369863014
qwen25_vl_vqav2,qwen25_vl,vqav2,60D,32,60,strict_finite,5993,36,99,41,41,0,58,5894,1.0,0.41414141414141414,0.0,0.5857142857142857
internvl3_earthvqa,internvl3,earthvqa,72D,1,72,strict_finite,5551,36,89,76,73,3,16,5459,0.9605263157894737,0.8202247191011236,0.0005492493592090809,0.8848484848484849
internvl3_lingoqa,internvl3,lingoqa,72D,1,72,strict_finite,5596,36,93,119,87,32,6,5471,0.7310924369747899,0.9354838709677419,0.005815009994548428,0.8207547169811321
internvl3_vqav2,internvl3,vqav2,72D,1,72,strict_finite,5841,36,99,76,75,1,24,5741,0.9868421052631579,0.7575757575757576,0.00017415534656913968,0.8571428571428571
llava15_earthvqa,llava15,earthvqa,72D,1,72,strict_finite,5669,36,14,6,6,0,8,5655,1.0,0.42857142857142855,0.0,0.6
llava15_lingoqa,llava15,lingoqa,72D,1,72,strict_finite,5719,36,29,7,6,1,23,5689,0.8571428571428571,0.20689655172413793,0.0001757469244288225,0.3333333333333333
llava15_vqav2,llava15,vqav2,72D,1,72,strict_finite,5993,36,23,6,6,0,17,5970,1.0,0.2608695652173913,0.0,0.41379310344827586
qwen25_vl_earthvqa,qwen25_vl,earthvqa,72D,1,72,strict_finite,5659,36,56,51,47,4,9,5599,0.9215686274509803,0.8392857142857143,0.0007139032661074424,0.8785046728971962
qwen25_vl_lingoqa,qwen25_vl,lingoqa,72D,1,72,strict_finite,5732,36,87,70,47,23,40,5622,0.6714285714285714,0.5402298850574713,0.004074402125775022,0.5987261146496815
qwen25_vl_vqav2,qwen25_vl,vqav2,72D,1,72,strict_finite,5993,36,99,69,46,23,53,5871,0.6666666666666666,0.46464646464646464,0.003902273498473023,0.5476190476190477
internvl3_earthvqa,internvl3,earthvqa,72D,2,72,strict_finite,5551,36,89,73,72,1,17,5461,0.9863013698630136,0.8089887640449438,0.0001830831197363603,0.8888888888888888
internvl3_lingoqa,internvl3,lingoqa,72D,2,72,strict_finite,5596,36,93,91,87,4,6,5499,0.9560439560439561,0.9354838709677419,0.0007268762493185535,0.9456521739130435
internvl3_vqav2,internvl3,vqav2,72D,2,72,strict_finite,5841,36,99,77,76,1,23,5741,0.987012987012987,0.7676767676767676,0.00017415534656913968,0.8636363636363636
llava15_earthvqa,llava15,earthvqa,72D,2,72,strict_finite,5669,36,14,6,6,0,8,5655,1.0,0.42857142857142855,0.0,0.6
llava15_lingoqa,llava15,lingoqa,72D,2,72,strict_finite,5719,36,29,14,9,5,20,5685,0.6428571428571429,0.3103448275862069,0.0008787346221441124,0.4186046511627907
llava15_vqav2,llava15,vqav2,72D,2,72,strict_finite,5993,36,23,8,5,3,18,5967,0.625,0.21739130434782608,0.0005025125628140704,0.3225806451612903
qwen25_vl_earthvqa,qwen25_vl,earthvqa,72D,2,72,strict_finite,5659,36,56,50,46,4,10,5599,0.92,0.8214285714285714,0.0007139032661074424,0.8679245283018868
qwen25_vl_lingoqa,qwen25_vl,lingoqa,72D,2,72,strict_finite,5732,36,87,69,47,22,40,5623,0.6811594202898551,0.5402298850574713,0.0038972542072630645,0.6025641025641025
qwen25_vl_vqav2,qwen25_vl,vqav2,72D,2,72,strict_finite,5993,36,99,67,44,23,55,5871,0.6567164179104478,0.4444444444444444,0.003902273498473023,0.5301204819277109
internvl3_earthvqa,internvl3,earthvqa,72D,4,72,strict_finite,5551,36,89,106,75,31,14,5431,0.7075471698113207,0.8426966292134831,0.005675576711827169,0.7692307692307693
internvl3_lingoqa,internvl3,lingoqa,72D,4,72,strict_finite,5596,36,93,93,87,6,6,5497,0.9354838709677419,0.9354838709677419,0.0010903143739778303,0.9354838709677419
internvl3_vqav2,internvl3,vqav2,72D,4,72,strict_finite,5841,36,99,92,79,13,20,5729,0.8586956521739131,0.797979797979798,0.0022640195053988156,0.8272251308900523
llava15_earthvqa,llava15,earthvqa,72D,4,72,strict_finite,5669,36,14,8,6,2,8,5653,0.75,0.42857142857142855,0.00035366931918656057,0.5454545454545454
llava15_lingoqa,llava15,lingoqa,72D,4,72,strict_finite,5719,36,29,31,9,22,20,5668,0.2903225806451613,0.3103448275862069,0.003866432337434095,0.3
llava15_vqav2,llava15,vqav2,72D,4,72,strict_finite,5993,36,23,17,6,11,17,5959,0.35294117647058826,0.2608695652173913,0.0018425460636515912,0.3
qwen25_vl_earthvqa,qwen25_vl,earthvqa,72D,4,72,strict_finite,5659,36,56,45,45,0,11,5603,1.0,0.8035714285714286,0.0,0.8910891089108911
qwen25_vl_lingoqa,qwen25_vl,lingoqa,72D,4,72,strict_finite,5732,36,87,52,50,2,37,5643,0.9615384615384616,0.5747126436781609,0.000354295837023915,0.7194244604316546
qwen25_vl_vqav2,qwen25_vl,vqav2,72D,4,72,strict_finite,5993,36,99,78,46,32,53,5862,0.5897435897435898,0.46464646464646464,0.005429250084832033,0.519774011299435
internvl3_earthvqa,internvl3,earthvqa,72D,8,72,strict_finite,5551,36,89,73,72,1,17,5461,0.9863013698630136,0.8089887640449438,0.0001830831197363603,0.8888888888888888
internvl3_lingoqa,internvl3,lingoqa,72D,8,72,strict_finite,5596,36,93,99,86,13,7,5490,0.8686868686868687,0.9247311827956989,0.002362347810285299,0.8958333333333334
internvl3_vqav2,internvl3,vqav2,72D,8,72,strict_finite,5841,36,99,89,77,12,22,5730,0.8651685393258427,0.7777777777777778,0.0020898641588296763,0.8191489361702128
llava15_earthvqa,llava15,earthvqa,72D,8,72,strict_finite,5669,36,14,8,7,1,7,5654,0.875,0.5,0.00017683465959328028,0.6363636363636364
llava15_lingoqa,llava15,lingoqa,72D,8,72,strict_finite,5719,36,29,11,10,1,19,5689,0.9090909090909091,0.3448275862068966,0.0001757469244288225,0.5
llava15_vqav2,llava15,vqav2,72D,8,72,strict_finite,5993,36,23,31,7,24,16,5946,0.22580645161290322,0.30434782608695654,0.004020100502512563,0.25925925925925924
qwen25_vl_earthvqa,qwen25_vl,earthvqa,72D,8,72,strict_finite,5659,36,56,46,46,0,10,5603,1.0,0.8214285714285714,0.0,0.9019607843137255
qwen25_vl_lingoqa,qwen25_vl,lingoqa,72D,8,72,strict_finite,5732,36,87,54,51,3,36,5642,0.9444444444444444,0.5862068965517241,0.0005314437555358724,0.723404255319149
qwen25_vl_vqav2,qwen25_vl,vqav2,72D,8,72,strict_finite,5993,36,99,77,46,31,53,5863,0.5974025974025974,0.46464646464646464,0.005259586019681031,0.5227272727272727
internvl3_earthvqa,internvl3,earthvqa,72D,12,72,strict_finite,5551,36,89,72,71,1,18,5461,0.9861111111111112,0.797752808988764,0.0001830831197363603,0.8819875776397516
internvl3_lingoqa,internvl3,lingoqa,72D,12,72,strict_finite,5596,36,93,88,85,3,8,5500,0.9659090909090909,0.9139784946236559,0.0005451571869889151,0.9392265193370166
internvl3_vqav2,internvl3,vqav2,72D,12,72,strict_finite,5841,36,99,88,77,11,22,5731,0.875,0.7777777777777778,0.0019157088122605363,0.8235294117647058
llava15_earthvqa,llava15,earthvqa,72D,12,72,strict_finite,5669,36,14,9,7,2,7,5653,0.7777777777777778,0.5,0.00035366931918656057,0.6086956521739131
llava15_lingoqa,llava15,lingoqa,72D,12,72,strict_finite,5719,36,29,9,8,1,21,5689,0.8888888888888888,0.27586206896551724,0.0001757469244288225,0.42105263157894735
llava15_vqav2,llava15,vqav2,72D,12,72,strict_finite,5993,36,23,6,6,0,17,5970,1.0,0.2608695652173913,0.0,0.41379310344827586
qwen25_vl_earthvqa,qwen25_vl,earthvqa,72D,12,72,strict_finite,5659,36,56,46,46,0,10,5603,1.0,0.8214285714285714,0.0,0.9019607843137255
qwen25_vl_lingoqa,qwen25_vl,lingoqa,72D,12,72,strict_finite,5732,36,87,52,50,2,37,5643,0.9615384615384616,0.5747126436781609,0.000354295837023915,0.7194244604316546
qwen25_vl_vqav2,qwen25_vl,vqav2,72D,12,72,strict_finite,5993,36,99,47,46,1,53,5893,0.9787234042553191,0.46464646464646464,0.00016966406515100103,0.6301369863013698
internvl3_earthvqa,internvl3,earthvqa,72D,16,72,strict_finite,5551,36,89,69,69,0,20,5462,1.0,0.7752808988764045,0.0,0.8734177215189873
internvl3_lingoqa,internvl3,lingoqa,72D,16,72,strict_finite,5596,36,93,91,86,5,7,5498,0.945054945054945,0.9247311827956989,0.0009085953116481918,0.9347826086956522
internvl3_vqav2,internvl3,vqav2,72D,16,72,strict_finite,5841,36,99,90,79,11,20,5731,0.8777777777777778,0.797979797979798,0.0019157088122605363,0.8359788359788359
llava15_earthvqa,llava15,earthvqa,72D,16,72,strict_finite,5669,36,14,9,7,2,7,5653,0.7777777777777778,0.5,0.00035366931918656057,0.6086956521739131
llava15_lingoqa,llava15,lingoqa,72D,16,72,strict_finite,5719,36,29,12,9,3,20,5687,0.75,0.3103448275862069,0.0005272407732864675,0.43902439024390244
llava15_vqav2,llava15,vqav2,72D,16,72,strict_finite,5993,36,23,7,7,0,16,5970,1.0,0.30434782608695654,0.0,0.4666666666666667
qwen25_vl_earthvqa,qwen25_vl,earthvqa,72D,16,72,strict_finite,5659,36,56,46,46,0,10,5603,1.0,0.8214285714285714,0.0,0.9019607843137255
qwen25_vl_lingoqa,qwen25_vl,lingoqa,72D,16,72,strict_finite,5732,36,87,53,51,2,36,5643,0.9622641509433962,0.5862068965517241,0.000354295837023915,0.7285714285714285
qwen25_vl_vqav2,qwen25_vl,vqav2,72D,16,72,strict_finite,5993,36,99,47,46,1,53,5893,0.9787234042553191,0.46464646464646464,0.00016966406515100103,0.6301369863013698
internvl3_earthvqa,internvl3,earthvqa,72D,20,72,strict_finite,5551,36,89,74,73,1,16,5461,0.9864864864864865,0.8202247191011236,0.0001830831197363603,0.8957055214723927
internvl3_lingoqa,internvl3,lingoqa,72D,20,72,strict_finite,5596,36,93,89,85,4,8,5499,0.9550561797752809,0.9139784946236559,0.0007268762493185535,0.9340659340659341
internvl3_vqav2,internvl3,vqav2,72D,20,72,strict_finite,5841,36,99,89,78,11,21,5731,0.8764044943820225,0.7878787878787878,0.0019157088122605363,0.8297872340425532
llava15_earthvqa,llava15,earthvqa,72D,20,72,strict_finite,5669,36,14,8,6,2,8,5653,0.75,0.42857142857142855,0.00035366931918656057,0.5454545454545454
llava15_lingoqa,llava15,lingoqa,72D,20,72,strict_finite,5719,36,29,35,9,26,20,5664,0.2571428571428571,0.3103448275862069,0.0045694200351493845,0.28125
llava15_vqav2,llava15,vqav2,72D,20,72,strict_finite,5993,36,23,32,7,25,16,5945,0.21875,0.30434782608695654,0.0041876046901172526,0.2545454545454545
qwen25_vl_earthvqa,qwen25_vl,earthvqa,72D,20,72,strict_finite,5659,36,56,46,46,0,10,5603,1.0,0.8214285714285714,0.0,0.9019607843137255
qwen25_vl_lingoqa,qwen25_vl,lingoqa,72D,20,72,strict_finite,5732,36,87,52,50,2,37,5643,0.9615384615384616,0.5747126436781609,0.000354295837023915,0.7194244604316546
qwen25_vl_vqav2,qwen25_vl,vqav2,72D,20,72,strict_finite,5993,36,99,48,46,2,53,5892,0.9583333333333334,0.46464646464646464,0.00033932813030200206,0.6258503401360545
internvl3_earthvqa,internvl3,earthvqa,72D,24,72,strict_finite,5551,36,89,74,73,1,16,5461,0.9864864864864865,0.8202247191011236,0.0001830831197363603,0.8957055214723927
internvl3_lingoqa,internvl3,lingoqa,72D,24,72,strict_finite,5596,36,93,90,86,4,7,5499,0.9555555555555556,0.9247311827956989,0.0007268762493185535,0.9398907103825137
internvl3_vqav2,internvl3,vqav2,72D,24,72,strict_finite,5841,36,99,77,77,0,22,5742,1.0,0.7777777777777778,0.0,0.875
llava15_earthvqa,llava15,earthvqa,72D,24,72,strict_finite,5669,36,14,8,6,2,8,5653,0.75,0.42857142857142855,0.00035366931918656057,0.5454545454545454
llava15_lingoqa,llava15,lingoqa,72D,24,72,strict_finite,5719,36,29,13,9,4,20,5686,0.6923076923076923,0.3103448275862069,0.00070298769771529,0.42857142857142855
llava15_vqav2,llava15,vqav2,72D,24,72,strict_finite,5993,36,23,31,7,24,16,5946,0.22580645161290322,0.30434782608695654,0.004020100502512563,0.25925925925925924
qwen25_vl_earthvqa,qwen25_vl,earthvqa,72D,24,72,strict_finite,5659,36,56,46,46,0,10,5603,1.0,0.8214285714285714,0.0,0.9019607843137255
qwen25_vl_lingoqa,qwen25_vl,lingoqa,72D,24,72,strict_finite,5732,36,87,51,49,2,38,5643,0.9607843137254902,0.5632183908045977,0.000354295837023915,0.7101449275362319
qwen25_vl_vqav2,qwen25_vl,vqav2,72D,24,72,strict_finite,5993,36,99,46,45,1,54,5893,0.9782608695652174,0.45454545454545453,0.00016966406515100103,0.6206896551724138
internvl3_earthvqa,internvl3,earthvqa,72D,28,72,strict_finite,5551,36,89,75,73,2,16,5460,0.9733333333333334,0.8202247191011236,0.0003661662394727206,0.8902439024390244
internvl3_lingoqa,internvl3,lingoqa,72D,28,72,strict_finite,5596,36,93,87,85,2,8,5501,0.9770114942528736,0.9139784946236559,0.00036343812465927677,0.9444444444444444
internvl3_vqav2,internvl3,vqav2,72D,28,72,strict_finite,5841,36,99,82,78,4,21,5738,0.9512195121951219,0.7878787878787878,0.0006966213862765587,0.861878453038674
llava15_earthvqa,llava15,earthvqa,72D,28,72,strict_finite,5669,36,14,8,6,2,8,5653,0.75,0.42857142857142855,0.00035366931918656057,0.5454545454545454
llava15_lingoqa,llava15,lingoqa,72D,28,72,strict_finite,5719,36,29,9,8,1,21,5689,0.8888888888888888,0.27586206896551724,0.0001757469244288225,0.42105263157894735
llava15_vqav2,llava15,vqav2,72D,28,72,strict_finite,5993,36,23,32,7,25,16,5945,0.21875,0.30434782608695654,0.0041876046901172526,0.2545454545454545
qwen25_vl_earthvqa,qwen25_vl,earthvqa,72D,28,72,strict_finite,5659,36,56,55,46,9,10,5594,0.8363636363636363,0.8214285714285714,0.0016062823487417454,0.8288288288288288
qwen25_vl_lingoqa,qwen25_vl,lingoqa,72D,28,72,strict_finite,5732,36,87,77,52,25,35,5620,0.6753246753246753,0.5977011494252874,0.0044286979627989375,0.6341463414634146
qwen25_vl_vqav2,qwen25_vl,vqav2,72D,28,72,strict_finite,5993,36,99,47,46,1,53,5893,0.9787234042553191,0.46464646464646464,0.00016966406515100103,0.6301369863013698
internvl3_earthvqa,internvl3,earthvqa,72D,32,72,strict_finite,5551,36,89,73,71,2,18,5460,0.9726027397260274,0.797752808988764,0.0003661662394727206,0.8765432098765432
internvl3_lingoqa,internvl3,lingoqa,72D,32,72,strict_finite,5596,36,93,92,87,5,6,5498,0.9456521739130435,0.9354838709677419,0.0009085953116481918,0.9405405405405406
internvl3_vqav2,internvl3,vqav2,72D,32,72,strict_finite,5841,36,99,84,80,4,19,5738,0.9523809523809523,0.8080808080808081,0.0006966213862765587,0.8743169398907104
llava15_earthvqa,llava15,earthvqa,72D,32,72,strict_finite,5669,36,14,8,6,2,8,5653,0.75,0.42857142857142855,0.00035366931918656057,0.5454545454545454
llava15_lingoqa,llava15,lingoqa,72D,32,72,strict_finite,5719,36,29,12,9,3,20,5687,0.75,0.3103448275862069,0.0005272407732864675,0.43902439024390244
llava15_vqav2,llava15,vqav2,72D,32,72,strict_finite,5993,36,23,43,7,36,16,5934,0.16279069767441862,0.30434782608695654,0.006030150753768844,0.21212121212121213
qwen25_vl_earthvqa,qwen25_vl,earthvqa,72D,32,72,strict_finite,5659,36,56,57,46,11,10,5592,0.8070175438596491,0.8214285714285714,0.0019632339817954665,0.8141592920353983
qwen25_vl_lingoqa,qwen25_vl,lingoqa,72D,32,72,strict_finite,5732,36,87,75,51,24,36,5621,0.68,0.5862068965517241,0.004251550044286979,0.6296296296296297
qwen25_vl_vqav2,qwen25_vl,vqav2,72D,32,72,strict_finite,5993,36,99,46,45,1,54,5893,0.9782608695652174,0.45454545454545453,0.00016966406515100103,0.6206896551724138
