scope_type,scope,model,dataset,bucket_order,deviation_bucket,samples,sample_share_pct,significant_sdc,significant_global_share_pct,non_significant_sdc,non_significant_global_share_pct
all,all_jobs,all,all,0,"[0,1]",327141,73.65502428217303,941,0.21186392977194796,326200,73.4431603524011
all,all_jobs,all,all,1,"(1,1e6]",76593,17.244733233818078,586,0.13193651737126622,76007,17.11279671644681
all,all_jobs,all,all,2,>1e6,40419,9.10024248400889,11188,2.518951802644584,29231,6.581290681364305
model,Qwen2.5-VL-7B,Qwen2.5-VL-7B,all,0,"[0,1]",104391,70.64615676136594,468,0.316716971427798,103923,70.32943978993815
model,Qwen2.5-VL-7B,Qwen2.5-VL-7B,all,1,"(1,1e6]",25093,16.981578982986616,135,0.09136066483494173,24958,16.89021831815167
model,Qwen2.5-VL-7B,Qwen2.5-VL-7B,all,2,>1e6,18282,12.372264255647442,2345,1.5869685854662101,15937,10.785295670181233
model,InternVL3-8B,InternVL3-8B,all,0,"[0,1]",102286,69.20006494736558,359,0.24287608583876816,101927,68.9571888615268
model,InternVL3-8B,InternVL3-8B,all,1,"(1,1e6]",26939,18.225177928720267,130,0.08794955754607203,26809,18.137228371174196
model,InternVL3-8B,InternVL3-8B,all,2,>1e6,18587,12.57475712391416,7094,4.799339701783347,11493,7.775417422130815
model,LLaVA-1.5-7B,LLaVA-1.5-7B,all,0,"[0,1]",120464,81.07958943294632,114,0.0767289247854619,120350,81.00286050816086
model,LLaVA-1.5-7B,LLaVA-1.5-7B,all,1,"(1,1e6]",24561,16.531044926804643,321,0.2160524987380111,24240,16.314992428066635
model,LLaVA-1.5-7B,LLaVA-1.5-7B,all,2,>1e6,3550,2.3893656402490326,1749,1.1771832407874812,1801,1.2121823994615515
dataset,EarthVQA,all,EarthVQA,0,"[0,1]",108848,73.57328737030653,233,0.15749095947818445,108615,73.41579641082835
dataset,EarthVQA,all,EarthVQA,1,"(1,1e6]",25676,17.355098178377098,176,0.1189631281895299,25500,17.23613505018757
dataset,EarthVQA,all,EarthVQA,2,>1e6,13421,9.071614451316368,3697,2.498901618844841,9724,6.5727128324715265
dataset,LingoQA,all,LingoQA,0,"[0,1]",108985,73.59475447031495,310,0.2093349900059424,108675,73.38541948030901
dataset,LingoQA,all,LingoQA,1,"(1,1e6]",25593,17.28229161039382,226,0.1526119604559451,25367,17.129679649937874
dataset,LingoQA,all,LingoQA,2,>1e6,13510,9.122953919291232,3733,2.5207984441683324,9777,6.6021554751229
dataset,VQAv2,all,VQAv2,0,"[0,1]",109308,73.79692141506887,398,0.268701053200108,108910,73.52822036186876
dataset,VQAv2,all,VQAv2,1,"(1,1e6]",25324,17.096948420199837,184,0.12422360248447205,25140,16.972724817715367
dataset,VQAv2,all,VQAv2,2,>1e6,13488,9.106130164731299,3758,2.537132055090467,9730,6.568998109640832
job,qwen25_vl_earthvqa,Qwen2.5-VL-7B,EarthVQA,0,"[0,1]",34687,70.48913816578268,147,0.298725842833628,34540,70.19041232294906
job,qwen25_vl_earthvqa,Qwen2.5-VL-7B,EarthVQA,1,"(1,1e6]",8442,17.15539840273121,36,0.07315734926537829,8406,17.08224105346583
job,qwen25_vl_earthvqa,Qwen2.5-VL-7B,EarthVQA,2,>1e6,6080,12.355463431486111,799,1.6236867239732569,5281,10.731776707512854
job,qwen25_vl_lingoqa,Qwen2.5-VL-7B,LingoQA,0,"[0,1]",34749,70.50910050118702,116,0.23537528153724407,34633,70.27372521964978
job,qwen25_vl_lingoqa,Qwen2.5-VL-7B,LingoQA,1,"(1,1e6]",8417,17.078911592232615,45,0.09130937645841365,8372,16.987602215774203
job,qwen25_vl_lingoqa,Qwen2.5-VL-7B,LingoQA,2,>1e6,6117,12.411987906580363,772,1.566463080575452,5345,10.84552482600491
job,qwen25_vl_vqav2,Qwen2.5-VL-7B,VQAv2,0,"[0,1]",34955,70.94004951901611,205,0.41604091407233024,34750,70.52400860494379
job,qwen25_vl_vqav2,Qwen2.5-VL-7B,VQAv2,1,"(1,1e6]",8234,16.71063847059301,54,0.10959126517027236,8180,16.601047205422738
job,qwen25_vl_vqav2,Qwen2.5-VL-7B,VQAv2,2,>1e6,6085,12.349312010390875,774,1.570808134107237,5311,10.778503876283638
job,internvl3_earthvqa,InternVL3-8B,EarthVQA,0,"[0,1]",33966,69.02536172980004,63,0.12802796293285645,33903,68.89733376686718
job,internvl3_earthvqa,InternVL3-8B,EarthVQA,1,"(1,1e6]",9080,18.452284181433914,29,0.05893350674687043,9051,18.393350674687042
job,internvl3_earthvqa,InternVL3-8B,EarthVQA,2,>1e6,6162,12.522354088766054,2321,4.716712729637457,3841,7.805641359128597
job,internvl3_lingoqa,InternVL3-8B,LingoQA,0,"[0,1]",34113,69.19753336849365,150,0.3042719785792527,33963,68.8932613899144
job,internvl3_lingoqa,InternVL3-8B,LingoQA,1,"(1,1e6]",8976,18.207635198182484,51,0.10345247271694592,8925,18.104182725465535
job,internvl3_lingoqa,InternVL3-8B,LingoQA,2,>1e6,6209,12.594831433323867,2372,4.811554221266583,3837,7.783277212057285
job,internvl3_vqav2,InternVL3-8B,VQAv2,0,"[0,1]",34207,69.3769520950797,146,0.2961100068957125,34061,69.080842088184
job,internvl3_vqav2,InternVL3-8B,VQAv2,1,"(1,1e6]",8883,18.016062953798727,50,0.10140753660812071,8833,17.914655417190605
job,internvl3_vqav2,InternVL3-8B,VQAv2,2,>1e6,6216,12.606984951121568,2401,4.869589907921957,3815,7.73739504319961
job,llava15_earthvqa,LLaVA-1.5-7B,EarthVQA,0,"[0,1]",40195,81.15611371345501,23,0.04643837829106768,40172,81.10967533516394
job,llava15_earthvqa,LLaVA-1.5-7B,EarthVQA,1,"(1,1e6]",8154,16.463414634146343,111,0.22411565175254403,8043,16.239298982393798
job,llava15_earthvqa,LLaVA-1.5-7B,EarthVQA,2,>1e6,1179,2.380471652398643,577,1.1649975771280892,602,1.215474075270554
job,llava15_lingoqa,LLaVA-1.5-7B,LingoQA,0,"[0,1]",40123,81.04510473266407,44,0.08887632052033045,40079,80.95622841214374
job,llava15_lingoqa,LLaVA-1.5-7B,LingoQA,1,"(1,1e6]",8200,16.56331427878886,130,0.26258912881006724,8070,16.300725149978792
job,llava15_lingoqa,LLaVA-1.5-7B,LingoQA,2,>1e6,1184,2.3915809885470742,589,1.1897307451471508,595,1.2018502433999232
job,llava15_vqav2,LLaVA-1.5-7B,VQAv2,0,"[0,1]",40146,81.03754541784417,47,0.09487283003633427,40099,80.94267258780783
job,llava15_vqav2,LLaVA-1.5-7B,VQAv2,1,"(1,1e6]",8207,16.566410981025435,80,0.16148566814695195,8127,16.404925312878483
job,llava15_vqav2,LLaVA-1.5-7B,VQAv2,2,>1e6,1187,2.3960436011304,583,1.1768268066209124,604,1.2192167945094874
