scope_type,scope,model,dataset,bucket_order,deviation_bucket,samples,sample_share_pct,significant_sdc,non_significant_sdc,significant_global_share_pct,non_significant_global_share_pct,significant_rate_pct,non_significant_rate_pct,significant_capture_pct,non_significant_distribution_pct
all,all_jobs,all,all,0,"[0,1]",327141,73.65502428217303,941,326200,0.21186392977194796,73.4431603524011,0.2876435543083869,99.71235644569161,7.400707825403067,75.60761917123665
all,all_jobs,all,all,1,"(1,1e6]",76593,17.244733233818078,586,76007,0.13193651737126622,17.11279671644681,0.7650829710286841,99.23491702897131,4.6087298466378295,17.617131546131773
all,all_jobs,all,all,2,>1e6,40419,9.10024248400889,11188,29231,2.518951802644584,6.581290681364305,27.680051460946583,72.31994853905341,87.9905623279591,6.775249282631572
model,Qwen2.5-VL-7B,Qwen2.5-VL-7B,all,0,"[0,1]",104391,70.64615676136594,468,103923,0.316716971427798,70.32943978993815,0.44831450987154065,99.55168549012846,15.87516960651289,71.76110704470439
model,Qwen2.5-VL-7B,Qwen2.5-VL-7B,all,1,"(1,1e6]",25093,16.981578982986616,135,24958,0.09136066483494173,16.89021831815167,0.5379986450404495,99.46200135495955,4.579375848032565,17.23404549158254
model,Qwen2.5-VL-7B,Qwen2.5-VL-7B,all,2,>1e6,18282,12.372264255647442,2345,15937,1.5869685854662101,10.785295670181233,12.826824198665355,87.17317580133465,79.54545454545455,11.004847463713075
model,InternVL3-8B,InternVL3-8B,all,0,"[0,1]",102286,69.20006494736558,359,101927,0.24287608583876816,68.9571888615268,0.35097667324951604,99.64902332675048,4.734274034023474,72.68610629755614
model,InternVL3-8B,InternVL3-8B,all,1,"(1,1e6]",26939,18.225177928720267,130,26809,0.08794955754607203,18.137228371174196,0.48257173614462306,99.51742826385538,1.7143610708162995,19.11801410549886
model,InternVL3-8B,InternVL3-8B,all,2,>1e6,18587,12.57475712391416,7094,11493,4.799339701783347,7.775417422130815,38.16646042933233,61.83353957066767,93.55136489516023,8.195879596944996
model,LLaVA-1.5-7B,LLaVA-1.5-7B,all,0,"[0,1]",120464,81.07958943294632,114,120350,0.0767289247854619,81.00286050816086,0.09463408155133483,99.90536591844867,5.21978021978022,82.2113381287101
model,LLaVA-1.5-7B,LLaVA-1.5-7B,all,1,"(1,1e6]",24561,16.531044926804643,321,24240,0.2160524987380111,16.314992428066635,1.3069500427507024,98.6930499572493,14.697802197802197,16.558394983298154
model,LLaVA-1.5-7B,LLaVA-1.5-7B,all,2,>1e6,3550,2.3893656402490326,1749,1801,1.1771832407874812,1.2121823994615515,49.267605633802816,50.732394366197184,80.08241758241758,1.2302668879917482
dataset,EarthVQA,all,EarthVQA,0,"[0,1]",108848,73.57328737030653,233,108615,0.15749095947818445,73.41579641082835,0.2140599735410848,99.78594002645892,5.6746225036531905,75.51150939592183
dataset,EarthVQA,all,EarthVQA,1,"(1,1e6]",25676,17.355098178377098,176,25500,0.1189631281895299,17.23613505018757,0.6854650257049385,99.31453497429506,4.286410131514856,17.728154394844235
dataset,EarthVQA,all,EarthVQA,2,>1e6,13421,9.071614451316368,3697,9724,2.498901618844841,6.5727128324715265,27.54638253483347,72.45361746516653,90.03896736483195,6.760336209233935
dataset,LingoQA,all,LingoQA,0,"[0,1]",108985,73.59475447031495,310,108675,0.2093349900059424,73.38541948030901,0.2844428132311786,99.71555718676882,7.261653783087374,75.56372940988325
dataset,LingoQA,all,LingoQA,1,"(1,1e6]",25593,17.28229161039382,226,25367,0.1526119604559451,17.129679649937874,0.8830539600672058,99.1169460399328,5.293979854766924,17.638142387306267
dataset,LingoQA,all,LingoQA,2,>1e6,13510,9.122953919291232,3733,9777,2.5207984441683324,6.6021554751229,27.63138415988157,72.36861584011844,87.4443663621457,6.798128202810477
dataset,VQAv2,all,VQAv2,0,"[0,1]",109308,73.79692141506887,398,108910,0.268701053200108,73.52822036186876,0.3641087569070882,99.63589124309291,9.170506912442397,75.74767005146752
dataset,VQAv2,all,VQAv2,1,"(1,1e6]",25324,17.096948420199837,184,25140,0.12422360248447205,16.972724817715367,0.7265834781235192,99.27341652187648,4.23963133640553,17.485046598970648
dataset,VQAv2,all,VQAv2,2,>1e6,13488,9.106130164731299,3758,9730,2.537132055090467,6.568998109640832,27.861803084223013,72.13819691577699,86.58986175115207,6.767283349561831
job,qwen25_vl_earthvqa,Qwen2.5-VL-7B,EarthVQA,0,"[0,1]",34687,70.48913816578268,147,34540,0.298725842833628,70.19041232294906,0.42378989246691845,99.57621010753309,14.969450101832994,71.61963215626102
job,qwen25_vl_earthvqa,Qwen2.5-VL-7B,EarthVQA,1,"(1,1e6]",8442,17.15539840273121,36,8406,0.07315734926537829,17.08224105346583,0.42643923240938164,99.57356076759062,3.6659877800407332,17.430070292574698
job,qwen25_vl_earthvqa,Qwen2.5-VL-7B,EarthVQA,2,>1e6,6080,12.355463431486111,799,5281,1.6236867239732569,10.731776707512854,13.141447368421053,86.85855263157895,81.36456211812627,10.950297551164285
job,qwen25_vl_lingoqa,Qwen2.5-VL-7B,LingoQA,0,"[0,1]",34749,70.50910050118702,116,34633,0.23537528153724407,70.27372521964978,0.3338225560447783,99.66617744395522,12.433011789924974,71.62978283350569
job,qwen25_vl_lingoqa,Qwen2.5-VL-7B,LingoQA,1,"(1,1e6]",8417,17.078911592232615,45,8372,0.09130937645841365,16.987602215774203,0.5346322917904242,99.46536770820957,4.823151125401929,17.31540847983454
job,qwen25_vl_lingoqa,Qwen2.5-VL-7B,LingoQA,2,>1e6,6117,12.411987906580363,772,5345,1.566463080575452,10.84552482600491,12.62056563675004,87.37943436324996,82.7438370846731,11.054808686659772
job,qwen25_vl_vqav2,Qwen2.5-VL-7B,VQAv2,0,"[0,1]",34955,70.94004951901611,205,34750,0.41604091407233024,70.52400860494379,0.5864683164068087,99.41353168359319,19.84511132623427,72.03416181256607
job,qwen25_vl_vqav2,Qwen2.5-VL-7B,VQAv2,1,"(1,1e6]",8234,16.71063847059301,54,8180,0.10959126517027236,16.601047205422738,0.6558173427252854,99.34418265727471,5.227492739593417,16.956530751850085
job,qwen25_vl_vqav2,Qwen2.5-VL-7B,VQAv2,2,>1e6,6085,12.349312010390875,774,5311,1.570808134107237,10.778503876283638,12.719802793755136,87.28019720624486,74.92739593417231,11.009307435583839
job,internvl3_earthvqa,InternVL3-8B,EarthVQA,0,"[0,1]",33966,69.02536172980004,63,33903,0.12802796293285645,68.89733376686718,0.18547959724430313,99.81452040275569,2.610857853294654,72.45004808206005
job,internvl3_earthvqa,InternVL3-8B,EarthVQA,1,"(1,1e6]",9080,18.452284181433914,29,9051,0.05893350674687043,18.393350674687042,0.31938325991189426,99.68061674008811,1.2018234562784915,19.341810022438295
job,internvl3_earthvqa,InternVL3-8B,EarthVQA,2,>1e6,6162,12.522354088766054,2321,3841,4.716712729637457,7.805641359128597,37.66634209672184,62.33365790327816,96.18731869042685,8.208141895501656
job,internvl3_lingoqa,InternVL3-8B,LingoQA,0,"[0,1]",34113,69.19753336849365,150,33963,0.3042719785792527,68.8932613899144,0.4397150646381145,99.56028493536189,5.82977069568597,72.68699839486356
job,internvl3_lingoqa,InternVL3-8B,LingoQA,1,"(1,1e6]",8976,18.207635198182484,51,8925,0.10345247271694592,18.104182725465535,0.5681818181818182,99.43181818181819,1.9821220365332297,19.10112359550562
job,internvl3_lingoqa,InternVL3-8B,LingoQA,2,>1e6,6209,12.594831433323867,2372,3837,4.811554221266583,7.783277212057285,38.202609115799646,61.797390884200354,92.1881072677808,8.21187800963082
job,internvl3_vqav2,InternVL3-8B,VQAv2,0,"[0,1]",34207,69.3769520950797,146,34061,0.2961100068957125,69.080842088184,0.42681322536322974,99.57318677463677,5.62187139006546,72.92170673745959
job,internvl3_vqav2,InternVL3-8B,VQAv2,1,"(1,1e6]",8883,18.016062953798727,50,8833,0.10140753660812071,17.914655417190605,0.5628729032984352,99.43712709670156,1.9252984212552946,18.910702434220386
job,internvl3_vqav2,InternVL3-8B,VQAv2,2,>1e6,6216,12.606984951121568,2401,3815,4.869589907921957,7.73739504319961,38.626126126126124,61.373873873873876,92.45283018867924,8.167590828320025
job,llava15_earthvqa,LLaVA-1.5-7B,EarthVQA,0,"[0,1]",40195,81.15611371345501,23,40172,0.04643837829106768,81.10967533516394,0.05722104739395447,99.94277895260605,3.2348804500703237,82.29100518262081
job,llava15_earthvqa,LLaVA-1.5-7B,EarthVQA,1,"(1,1e6]",8154,16.463414634146343,111,8043,0.22411565175254403,16.239298982393798,1.3612950699043413,98.63870493009566,15.611814345991561,16.47581785033902
job,llava15_earthvqa,LLaVA-1.5-7B,EarthVQA,2,>1e6,1179,2.380471652398643,577,602,1.1649975771280892,1.215474075270554,48.93977947413062,51.06022052586938,81.15330520393812,1.2331769670401704
job,llava15_lingoqa,LLaVA-1.5-7B,LingoQA,0,"[0,1]",40123,81.04510473266407,44,40079,0.08887632052033045,80.95622841214374,0.10966278693018967,99.89033721306981,5.766710353866317,82.22345314295093
job,llava15_lingoqa,LLaVA-1.5-7B,LingoQA,1,"(1,1e6]",8200,16.56331427878886,130,8070,0.26258912881006724,16.300725149978792,1.5853658536585367,98.41463414634147,17.03800786369594,16.555883801083212
job,llava15_lingoqa,LLaVA-1.5-7B,LingoQA,2,>1e6,1184,2.3915809885470742,589,595,1.1897307451471508,1.2018502433999232,49.74662162162162,50.25337837837838,77.19528178243775,1.2206630559658624
job,llava15_vqav2,LLaVA-1.5-7B,VQAv2,0,"[0,1]",40146,81.03754541784417,47,40099,0.09487283003633427,80.94267258780783,0.11707268470084192,99.88292731529916,6.619718309859155,82.11959860741348
job,llava15_vqav2,LLaVA-1.5-7B,VQAv2,1,"(1,1e6]",8207,16.566410981025435,80,8127,0.16148566814695195,16.404925312878483,0.9747776288534178,99.02522237114658,11.267605633802816,16.643456891255376
job,llava15_vqav2,LLaVA-1.5-7B,VQAv2,2,>1e6,1187,2.3960436011304,583,604,1.1768268066209124,1.2192167945094874,49.11541701769166,50.88458298230834,82.11267605633803,1.2369445013311489
