,Q-E,Q-L,Q-V,L-E,L-L,L-V,I-E,I-L,I-V
Q-E,0.8555555555555555,0.9481132075471698,0.8735632183908046,0.8523489932885906,0.7914438502673797,0.8875739644970414,0.6504237288135594,0.9114688128772636,0.8687872763419483
Q-L,0.8333333333333334,0.9292452830188679,0.5478927203065134,0.7114093959731543,0.6470588235294118,0.7455621301775148,0.9597457627118644,0.8611670020120724,0.9005964214711729
Q-V,0.8296296296296296,0.9292452830188679,0.842911877394636,0.7315436241610739,0.6417112299465241,0.8579881656804734,0.3241525423728814,0.7122736418511066,0.47514910536779326
L-E,0.5407407407407407,0.6462264150943396,0.5938697318007663,0.9664429530201343,0.9090909090909091,0.9230769230769231,0.7838983050847458,0.903420523138833,0.6938369781312127
L-L,0.5,0.5943396226415094,0.5593869731800766,0.9261744966442953,0.9037433155080213,0.9171597633136095,0.6313559322033898,0.6217303822937625,0.5785288270377733
L-V,0.5222222222222223,0.6179245283018868,0.5747126436781609,0.9194630872483222,0.8983957219251337,0.9230769230769231,0.6694915254237288,0.6498993963782697,0.6123260437375746
I-E,0.562962962962963,0.8726415094339622,0.8275862068965517,0.9664429530201343,0.9572192513368984,0.9349112426035503,0.9766949152542372,0.9295774647887324,0.8886679920477137
I-L,0.837037037037037,0.9339622641509434,0.8544061302681992,0.7718120805369127,0.7219251336898396,0.8047337278106509,0.9661016949152542,0.9175050301810865,0.9224652087475149
I-V,0.837037037037037,0.9339622641509434,0.8544061302681992,0.9664429530201343,0.8877005347593583,0.9644970414201184,0.9703389830508474,0.9134808853118712,0.9184890656063618
