source_job,source_model,source_dataset,target_job,target_model,target_dataset,relationship,cohort,threshold,target_rows,target_strict_finite_rows,support,pred_total,tp,fp,fn,tn,precision,recall,false_positive_rate,f1,bootstrap_replicates,bootstrap_clusters,f1_ci_low,f1_ci_high
internvl3_earthvqa,internvl3,earthvqa,internvl3_earthvqa,internvl3,earthvqa,in_domain,full,0.4291782081127167,8236,7890,472,463,461,2,11,7762,0.9956803455723542,0.9766949152542372,0.00025759917568263783,0.986096256684492,10000,375,0.9753914988814317,0.9947643979057592
internvl3_earthvqa,internvl3,earthvqa,internvl3_lingoqa,internvl3,lingoqa,same_model_cross_dataset,full,0.4291782081127167,8237,7891,497,1620,462,1158,35,6582,0.2851851851851852,0.9295774647887324,0.1496124031007752,0.43646669815777045,10000,75,0.3567985695820767,0.5443001672778742
internvl3_earthvqa,internvl3,earthvqa,internvl3_vqav2,internvl3,vqav2,same_model_cross_dataset,full,0.4291782081127167,8375,8041,503,4903,447,4456,56,3416,0.09116867224148481,0.8886679920477137,0.5660569105691057,0.16537180910099888,10000,116,0.14968087143153888,0.18247876487701908
internvl3_earthvqa,internvl3,earthvqa,llava15_earthvqa,llava15,earthvqa,cross_model_same_dataset,full,0.4291782081127167,8250,8113,149,378,144,234,5,7867,0.38095238095238093,0.9664429530201343,0.028885322799654365,0.5464895635673624,10000,375,0.4491590476408344,0.6652360515021459
internvl3_earthvqa,internvl3,earthvqa,llava15_lingoqa,llava15,lingoqa,cross_model_cross_dataset,full,0.4291782081127167,8245,8086,187,2209,179,2030,8,6028,0.08103214124038026,0.9572192513368984,0.25192355423181934,0.14941569282136896,10000,75,0.11444614144170685,0.20368488262910797
internvl3_earthvqa,internvl3,earthvqa,llava15_vqav2,llava15,vqav2,cross_model_cross_dataset,full,0.4291782081127167,8382,8232,169,2677,158,2519,11,5694,0.059021292491595066,0.9349112426035503,0.30670887617192255,0.11103302881236823,10000,116,0.0922589446632401,0.13418564928149593
internvl3_earthvqa,internvl3,earthvqa,qwen25_vl_earthvqa,qwen25_vl,earthvqa,cross_model_same_dataset,full,0.4291782081127167,8236,8077,270,152,152,0,118,7966,1.0,0.562962962962963,0.0,0.7203791469194313,10000,375,0.6595174262734584,0.7785547785547785
internvl3_earthvqa,internvl3,earthvqa,qwen25_vl_lingoqa,qwen25_vl,lingoqa,cross_model_cross_dataset,full,0.4291782081127167,8249,8104,212,200,185,15,27,8022,0.925,0.8726415094339622,0.001866368047779022,0.8980582524271845,10000,75,0.8324277218394865,0.9496410748862616
internvl3_earthvqa,internvl3,earthvqa,qwen25_vl_vqav2,qwen25_vl,vqav2,cross_model_cross_dataset,full,0.4291782081127167,8376,8211,261,832,216,616,45,7499,0.25961538461538464,0.8275862068965517,0.07590881084411584,0.39524245196706315,10000,116,0.33516367909061096,0.46527904501216544
internvl3_lingoqa,internvl3,lingoqa,internvl3_earthvqa,internvl3,earthvqa,same_model_cross_dataset,full,0.8888392448425293,8236,7890,472,456,456,0,16,7764,1.0,0.9661016949152542,0.0,0.9827586206896551,10000,375,0.970917225950783,0.9926701570680628
internvl3_lingoqa,internvl3,lingoqa,internvl3_lingoqa,internvl3,lingoqa,in_domain,full,0.8888392448425293,8237,7891,497,459,456,3,41,7737,0.9934640522875817,0.9175050301810865,0.0003875968992248062,0.9539748953974896,10000,75,0.9060875392191493,0.9882082408435072
internvl3_lingoqa,internvl3,lingoqa,internvl3_vqav2,internvl3,vqav2,same_model_cross_dataset,full,0.8888392448425293,8375,8041,503,487,464,23,39,7849,0.9527720739219713,0.9224652087475149,0.0029217479674796746,0.9373737373737374,10000,116,0.9024371443611662,0.9744247340734713
internvl3_lingoqa,internvl3,lingoqa,llava15_earthvqa,llava15,earthvqa,cross_model_cross_dataset,full,0.8888392448425293,8250,8113,149,115,115,0,34,8101,1.0,0.7718120805369127,0.0,0.8712121212121212,10000,375,0.8235294117647058,0.9138576779026217
internvl3_lingoqa,internvl3,lingoqa,llava15_lingoqa,llava15,lingoqa,cross_model_same_dataset,full,0.8888392448425293,8245,8086,187,135,135,0,52,8058,1.0,0.7219251336898396,0.0,0.8385093167701864,10000,75,0.786879781420765,0.884147946084724
internvl3_lingoqa,internvl3,lingoqa,llava15_vqav2,llava15,vqav2,cross_model_cross_dataset,full,0.8888392448425293,8382,8232,169,136,136,0,33,8213,1.0,0.8047337278106509,0.0,0.8918032786885246,10000,116,0.8337138953942234,0.9480981673715237
internvl3_lingoqa,internvl3,lingoqa,qwen25_vl_earthvqa,qwen25_vl,earthvqa,cross_model_cross_dataset,full,0.8888392448425293,8236,8077,270,226,226,0,44,7966,1.0,0.837037037037037,0.0,0.9112903225806451,10000,375,0.8571428571428571,0.957983193277311
internvl3_lingoqa,internvl3,lingoqa,qwen25_vl_lingoqa,qwen25_vl,lingoqa,cross_model_same_dataset,full,0.8888392448425293,8249,8104,212,200,198,2,14,8035,0.99,0.9339622641509434,0.00024884907303720296,0.9611650485436893,10000,75,0.9239123302521968,0.9882352941176471
internvl3_lingoqa,internvl3,lingoqa,qwen25_vl_vqav2,qwen25_vl,vqav2,cross_model_cross_dataset,full,0.8888392448425293,8376,8211,261,465,223,242,38,7873,0.47956989247311826,0.8544061302681992,0.02982131854590265,0.6143250688705234,10000,116,0.53418113944175,0.7046283651722755
internvl3_vqav2,internvl3,vqav2,internvl3_earthvqa,internvl3,earthvqa,same_model_cross_dataset,full,0.5743780136108398,8236,7890,472,458,458,0,14,7764,1.0,0.9703389830508474,0.0,0.9849462365591398,10000,375,0.9739692013275586,0.9941660338810835
internvl3_vqav2,internvl3,vqav2,internvl3_lingoqa,internvl3,lingoqa,same_model_cross_dataset,full,0.5743780136108398,8237,7891,497,455,454,1,43,7739,0.9978021978021978,0.9134808853118712,0.00012919896640826872,0.9537815126050421,10000,75,0.9049036415055833,0.9879281714382682
internvl3_vqav2,internvl3,vqav2,internvl3_vqav2,internvl3,vqav2,in_domain,full,0.5743780136108398,8375,8041,503,476,462,14,41,7858,0.9705882352941176,0.9184890656063618,0.0017784552845528454,0.9438202247191011,10000,116,0.9089402916725378,0.9781213483745129
internvl3_vqav2,internvl3,vqav2,llava15_earthvqa,llava15,earthvqa,cross_model_cross_dataset,full,0.5743780136108398,8250,8113,149,1304,144,1160,5,6941,0.11042944785276074,0.9664429530201343,0.14319219849401307,0.19821059876118377,10000,375,0.1622330885573592,0.24107274936601858
internvl3_vqav2,internvl3,vqav2,llava15_lingoqa,llava15,lingoqa,cross_model_cross_dataset,full,0.5743780136108398,8245,8086,187,3000,166,2834,21,5224,0.05533333333333333,0.8877005347593583,0.3517001737403822,0.10417320363978663,10000,75,0.08224990604604897,0.1359369208355761
internvl3_vqav2,internvl3,vqav2,llava15_vqav2,llava15,vqav2,cross_model_same_dataset,full,0.5743780136108398,8382,8232,169,4585,163,4422,6,3791,0.03555070883315158,0.9644970414201184,0.5384147083891392,0.068573832562053,10000,116,0.058684306844578996,0.07900794813672277
internvl3_vqav2,internvl3,vqav2,qwen25_vl_earthvqa,qwen25_vl,earthvqa,cross_model_cross_dataset,full,0.5743780136108398,8236,8077,270,226,226,0,44,7966,1.0,0.837037037037037,0.0,0.9112903225806451,10000,375,0.8566106250658796,0.9584245076586433
internvl3_vqav2,internvl3,vqav2,qwen25_vl_lingoqa,qwen25_vl,lingoqa,cross_model_cross_dataset,full,0.5743780136108398,8249,8104,212,199,198,1,14,8036,0.9949748743718593,0.9339622641509434,0.00012442453651860148,0.9635036496350365,10000,75,0.9272715020828228,0.9906552923277548
internvl3_vqav2,internvl3,vqav2,qwen25_vl_vqav2,qwen25_vl,vqav2,cross_model_same_dataset,full,0.5743780136108398,8376,8211,261,263,223,40,38,8075,0.8479087452471483,0.8544061302681992,0.004929143561306223,0.851145038167939,10000,116,0.7763860268864684,0.9210540343395802
llava15_earthvqa,llava15,earthvqa,internvl3_earthvqa,internvl3,earthvqa,cross_model_same_dataset,full,0.8492140173912048,8236,7890,472,370,370,0,102,7764,1.0,0.7838983050847458,0.0,0.8788598574821853,10000,375,0.854066985645933,0.9019108280254777
llava15_earthvqa,llava15,earthvqa,internvl3_lingoqa,internvl3,lingoqa,cross_model_cross_dataset,full,0.8492140173912048,8237,7891,497,449,449,0,48,7740,1.0,0.903420523138833,0.0,0.9492600422832981,10000,75,0.9010309278350516,0.9834983498349835
llava15_earthvqa,llava15,earthvqa,internvl3_vqav2,internvl3,vqav2,cross_model_cross_dataset,full,0.8492140173912048,8375,8041,503,350,349,1,154,7871,0.9971428571428571,0.6938369781312127,0.00012703252032520327,0.8182883939038686,10000,116,0.7829452637549631,0.8517831416656135
llava15_earthvqa,llava15,earthvqa,llava15_earthvqa,llava15,earthvqa,in_domain,full,0.8492140173912048,8250,8113,149,151,144,7,5,8094,0.9536423841059603,0.9664429530201343,0.0008640908529811135,0.96,10000,375,0.9355932203389831,0.9807692307692307
llava15_earthvqa,llava15,earthvqa,llava15_lingoqa,llava15,lingoqa,same_model_cross_dataset,full,0.8492140173912048,8245,8086,187,458,170,288,17,7770,0.37117903930131,0.9090909090909091,0.035740878629932984,0.5271317829457365,10000,75,0.3608633417344276,0.7727272727272727
llava15_earthvqa,llava15,earthvqa,llava15_vqav2,llava15,vqav2,same_model_cross_dataset,full,0.8492140173912048,8382,8232,169,845,156,689,13,7524,0.18461538461538463,0.9230769230769231,0.08389139169609157,0.3076923076923077,10000,116,0.2518688594814302,0.3874661246612466
llava15_earthvqa,llava15,earthvqa,qwen25_vl_earthvqa,qwen25_vl,earthvqa,cross_model_same_dataset,full,0.8492140173912048,8236,8077,270,146,146,0,124,7966,1.0,0.5407407407407407,0.0,0.7019230769230769,10000,375,0.640493323291129,0.7606266957018422
llava15_earthvqa,llava15,earthvqa,qwen25_vl_lingoqa,qwen25_vl,lingoqa,cross_model_cross_dataset,full,0.8492140173912048,8249,8104,212,137,137,0,75,8037,1.0,0.6462264150943396,0.0,0.7851002865329513,10000,75,0.7238593131622623,0.8372124031007752
llava15_earthvqa,llava15,earthvqa,qwen25_vl_vqav2,qwen25_vl,vqav2,cross_model_cross_dataset,full,0.8492140173912048,8376,8211,261,155,155,0,106,8115,1.0,0.5938697318007663,0.0,0.7451923076923077,10000,116,0.6744667652971187,0.8066311528369309
llava15_lingoqa,llava15,lingoqa,internvl3_earthvqa,internvl3,earthvqa,cross_model_cross_dataset,full,0.9801421165466309,8236,7890,472,298,298,0,174,7764,1.0,0.6313559322033898,0.0,0.7740259740259741,10000,375,0.7402597402597403,0.8054804833192967
llava15_lingoqa,llava15,lingoqa,internvl3_lingoqa,internvl3,lingoqa,cross_model_same_dataset,full,0.9801421165466309,8237,7891,497,309,309,0,188,7740,1.0,0.6217303822937625,0.0,0.7667493796526055,10000,75,0.7130847210679143,0.8140991093993564
llava15_lingoqa,llava15,lingoqa,internvl3_vqav2,internvl3,vqav2,cross_model_cross_dataset,full,0.9801421165466309,8375,8041,503,291,291,0,212,7872,1.0,0.5785288270377733,0.0,0.7329974811083123,10000,116,0.6911751653324052,0.7722486882076774
llava15_lingoqa,llava15,lingoqa,llava15_earthvqa,llava15,earthvqa,same_model_cross_dataset,full,0.9801421165466309,8250,8113,149,138,138,0,11,8101,1.0,0.9261744966442953,0.0,0.9616724738675958,10000,375,0.9383561643835616,0.9818181818181818
llava15_lingoqa,llava15,lingoqa,llava15_lingoqa,llava15,lingoqa,in_domain,full,0.9801421165466309,8245,8086,187,170,169,1,18,8057,0.9941176470588236,0.9037433155080213,0.00012410027302060066,0.9467787114845938,10000,75,0.9168900804289544,0.9717514124293786
llava15_lingoqa,llava15,lingoqa,llava15_vqav2,llava15,vqav2,same_model_cross_dataset,full,0.9801421165466309,8382,8232,169,155,155,0,14,8213,1.0,0.9171597633136095,0.0,0.9567901234567902,10000,116,0.911050733326299,0.9924812030075187
llava15_lingoqa,llava15,lingoqa,qwen25_vl_earthvqa,qwen25_vl,earthvqa,cross_model_cross_dataset,full,0.9801421165466309,8236,8077,270,135,135,0,135,7966,1.0,0.5,0.0,0.6666666666666666,10000,375,0.6021491302144908,0.7272727272727273
llava15_lingoqa,llava15,lingoqa,qwen25_vl_lingoqa,qwen25_vl,lingoqa,cross_model_same_dataset,full,0.9801421165466309,8249,8104,212,126,126,0,86,8037,1.0,0.5943396226415094,0.0,0.7455621301775148,10000,75,0.6858789625360231,0.7975839807221983
llava15_lingoqa,llava15,lingoqa,qwen25_vl_vqav2,qwen25_vl,vqav2,cross_model_cross_dataset,full,0.9801421165466309,8376,8211,261,146,146,0,115,8115,1.0,0.5593869731800766,0.0,0.7174447174447175,10000,116,0.6535626535626535,0.7758186397984886
llava15_vqav2,llava15,vqav2,internvl3_earthvqa,internvl3,earthvqa,cross_model_cross_dataset,full,0.5783867835998535,8236,7890,472,316,316,0,156,7764,1.0,0.6694915254237288,0.0,0.8020304568527918,10000,375,0.7702345679839923,0.8329048843187661
llava15_vqav2,llava15,vqav2,internvl3_lingoqa,internvl3,lingoqa,cross_model_cross_dataset,full,0.5783867835998535,8237,7891,497,323,323,0,174,7740,1.0,0.6498993963782697,0.0,0.7878048780487805,10000,75,0.7338491997099994,0.834879227936415
llava15_vqav2,llava15,vqav2,internvl3_vqav2,internvl3,vqav2,cross_model_same_dataset,full,0.5783867835998535,8375,8041,503,308,308,0,195,7872,1.0,0.6123260437375746,0.0,0.7595561035758323,10000,116,0.7184919121685336,0.7993791414706314
llava15_vqav2,llava15,vqav2,llava15_earthvqa,llava15,earthvqa,same_model_cross_dataset,full,0.5783867835998535,8250,8113,149,137,137,0,12,8101,1.0,0.9194630872483222,0.0,0.958041958041958,10000,375,0.9328853131595798,0.9794520547945206
llava15_vqav2,llava15,vqav2,llava15_lingoqa,llava15,lingoqa,same_model_cross_dataset,full,0.5783867835998535,8245,8086,187,169,168,1,19,8057,0.9940828402366864,0.8983957219251337,0.00012410027302060066,0.9438202247191011,10000,75,0.9139784946236559,0.9697007766103243
llava15_vqav2,llava15,vqav2,llava15_vqav2,llava15,vqav2,in_domain,full,0.5783867835998535,8382,8232,169,178,156,22,13,8191,0.8764044943820225,0.9230769230769231,0.0026786801412394985,0.899135446685879,10000,116,0.8155318971623817,0.9856115107913669
llava15_vqav2,llava15,vqav2,qwen25_vl_earthvqa,qwen25_vl,earthvqa,cross_model_cross_dataset,full,0.5783867835998535,8236,8077,270,141,141,0,129,7966,1.0,0.5222222222222223,0.0,0.6861313868613139,10000,375,0.6259168704156479,0.7446808510638298
llava15_vqav2,llava15,vqav2,qwen25_vl_lingoqa,qwen25_vl,lingoqa,cross_model_cross_dataset,full,0.5783867835998535,8249,8104,212,137,131,6,81,8031,0.9562043795620438,0.6179245283018868,0.0007465472191116088,0.7507163323782235,10000,75,0.6892623627245604,0.804820746400235
llava15_vqav2,llava15,vqav2,qwen25_vl_vqav2,qwen25_vl,vqav2,cross_model_same_dataset,full,0.5783867835998535,8376,8211,261,154,150,4,111,8111,0.974025974025974,0.5747126436781609,0.0004929143561306223,0.7228915662650602,10000,116,0.65625,0.7820241489183296
qwen25_vl_earthvqa,qwen25_vl,earthvqa,internvl3_earthvqa,internvl3,earthvqa,cross_model_same_dataset,full,0.5203976631164551,8236,7890,472,312,307,5,165,7759,0.9839743589743589,0.6504237288135594,0.0006439979392065945,0.7831632653061225,10000,375,0.7522697795071336,0.8131875113450717
qwen25_vl_earthvqa,qwen25_vl,earthvqa,internvl3_lingoqa,internvl3,lingoqa,cross_model_cross_dataset,full,0.5203976631164551,8237,7891,497,482,453,29,44,7711,0.9398340248962656,0.9114688128772636,0.0037467700258397934,0.9254341164453525,10000,75,0.8663504797133279,0.9742585319984512
qwen25_vl_earthvqa,qwen25_vl,earthvqa,internvl3_vqav2,internvl3,vqav2,cross_model_cross_dataset,full,0.5203976631164551,8375,8041,503,1019,437,582,66,7290,0.42885181550539747,0.8687872763419483,0.07393292682926829,0.5742444152431012,10000,116,0.4879281056765863,0.6923838815779295
qwen25_vl_earthvqa,qwen25_vl,earthvqa,llava15_earthvqa,llava15,earthvqa,cross_model_same_dataset,full,0.5203976631164551,8250,8113,149,127,127,0,22,8101,1.0,0.8523489932885906,0.0,0.9202898550724637,10000,375,0.8833333333333333,0.9530201342281879
qwen25_vl_earthvqa,qwen25_vl,earthvqa,llava15_lingoqa,llava15,lingoqa,cross_model_cross_dataset,full,0.5203976631164551,8245,8086,187,148,148,0,39,8058,1.0,0.7914438502673797,0.0,0.8835820895522388,10000,75,0.8406779661016949,0.9214131994261119
qwen25_vl_earthvqa,qwen25_vl,earthvqa,llava15_vqav2,llava15,vqav2,cross_model_cross_dataset,full,0.5203976631164551,8382,8232,169,150,150,0,19,8213,1.0,0.8875739644970414,0.0,0.9404388714733543,10000,116,0.8959220498015157,0.9799196787148594
qwen25_vl_earthvqa,qwen25_vl,earthvqa,qwen25_vl_earthvqa,qwen25_vl,earthvqa,in_domain,full,0.5203976631164551,8236,8077,270,258,231,27,39,7939,0.8953488372093024,0.8555555555555555,0.003389404971127291,0.875,10000,375,0.804194895226091,0.9397101921198308
qwen25_vl_earthvqa,qwen25_vl,earthvqa,qwen25_vl_lingoqa,qwen25_vl,lingoqa,same_model_cross_dataset,full,0.5203976631164551,8249,8104,212,556,201,355,11,7682,0.36151079136690645,0.9481132075471698,0.04417071046410352,0.5234375,10000,75,0.3942905384164693,0.7164260855347673
qwen25_vl_earthvqa,qwen25_vl,earthvqa,qwen25_vl_vqav2,qwen25_vl,vqav2,same_model_cross_dataset,full,0.5203976631164551,8376,8211,261,1433,228,1205,33,6910,0.15910676901605025,0.8735632183908046,0.14849044978434997,0.269185360094451,10000,116,0.22262904486806986,0.3358454229046825
qwen25_vl_lingoqa,qwen25_vl,lingoqa,internvl3_earthvqa,internvl3,earthvqa,cross_model_cross_dataset,full,0.9652795195579529,8236,7890,472,453,453,0,19,7764,1.0,0.9597457627118644,0.0,0.9794594594594594,10000,375,0.9672484765499716,0.9899801828350806
qwen25_vl_lingoqa,qwen25_vl,lingoqa,internvl3_lingoqa,internvl3,lingoqa,cross_model_same_dataset,full,0.9652795195579529,8237,7891,497,429,428,1,69,7739,0.9976689976689976,0.8611670020120724,0.00012919896640826872,0.9244060475161987,10000,75,0.871587018121399,0.9640449438202248
qwen25_vl_lingoqa,qwen25_vl,lingoqa,internvl3_vqav2,internvl3,vqav2,cross_model_cross_dataset,full,0.9652795195579529,8375,8041,503,463,453,10,50,7862,0.978401727861771,0.9005964214711729,0.0012703252032520325,0.937888198757764,10000,116,0.9031197994696237,0.973036492813253
qwen25_vl_lingoqa,qwen25_vl,lingoqa,llava15_earthvqa,llava15,earthvqa,cross_model_cross_dataset,full,0.9652795195579529,8250,8113,149,106,106,0,43,8101,1.0,0.7114093959731543,0.0,0.8313725490196079,10000,375,0.77625230014312,0.8797256296489625
qwen25_vl_lingoqa,qwen25_vl,lingoqa,llava15_lingoqa,llava15,lingoqa,cross_model_same_dataset,full,0.9652795195579529,8245,8086,187,121,121,0,66,8058,1.0,0.6470588235294118,0.0,0.7857142857142857,10000,75,0.7272590772590773,0.8391167192429022
qwen25_vl_lingoqa,qwen25_vl,lingoqa,llava15_vqav2,llava15,vqav2,cross_model_cross_dataset,full,0.9652795195579529,8382,8232,169,126,126,0,43,8213,1.0,0.7455621301775148,0.0,0.8542372881355932,10000,116,0.7976870137134915,0.9142857142857143
qwen25_vl_lingoqa,qwen25_vl,lingoqa,qwen25_vl_earthvqa,qwen25_vl,earthvqa,same_model_cross_dataset,full,0.9652795195579529,8236,8077,270,225,225,0,45,7966,1.0,0.8333333333333334,0.0,0.9090909090909091,10000,375,0.8553971486761711,0.9558571445816584
qwen25_vl_lingoqa,qwen25_vl,lingoqa,qwen25_vl_lingoqa,qwen25_vl,lingoqa,in_domain,full,0.9652795195579529,8249,8104,212,198,197,1,15,8036,0.9949494949494949,0.9292452830188679,0.00012442453651860148,0.9609756097560975,10000,75,0.923723024914328,0.9883727674958183
qwen25_vl_lingoqa,qwen25_vl,lingoqa,qwen25_vl_vqav2,qwen25_vl,vqav2,same_model_cross_dataset,full,0.9652795195579529,8376,8211,261,258,143,115,118,8000,0.5542635658914729,0.5478927203065134,0.014171287738755391,0.5510597302504817,10000,116,0.4597128744884154,0.6452836665083546
qwen25_vl_vqav2,qwen25_vl,vqav2,internvl3_earthvqa,internvl3,earthvqa,cross_model_cross_dataset,full,0.8205813765525818,8236,7890,472,153,153,0,319,7764,1.0,0.3241525423728814,0.0,0.4896,10000,375,0.43844856661045534,0.5401240200054068
qwen25_vl_vqav2,qwen25_vl,vqav2,internvl3_lingoqa,internvl3,lingoqa,cross_model_cross_dataset,full,0.8205813765525818,8237,7891,497,354,354,0,143,7740,1.0,0.7122736418511066,0.0,0.8319623971797885,10000,75,0.7795083530853718,0.8767485513061162
qwen25_vl_vqav2,qwen25_vl,vqav2,internvl3_vqav2,internvl3,vqav2,cross_model_same_dataset,full,0.8205813765525818,8375,8041,503,239,239,0,264,7872,1.0,0.47514910536779326,0.0,0.6442048517520216,10000,116,0.5966227760103687,0.6923100871731008
qwen25_vl_vqav2,qwen25_vl,vqav2,llava15_earthvqa,llava15,earthvqa,cross_model_cross_dataset,full,0.8205813765525818,8250,8113,149,109,109,0,40,8101,1.0,0.7315436241610739,0.0,0.8449612403100775,10000,375,0.792156862745098,0.8913063833251913
qwen25_vl_vqav2,qwen25_vl,vqav2,llava15_lingoqa,llava15,lingoqa,cross_model_cross_dataset,full,0.8205813765525818,8245,8086,187,120,120,0,67,8058,1.0,0.6417112299465241,0.0,0.7817589576547231,10000,75,0.7248322147651006,0.8333333333333334
qwen25_vl_vqav2,qwen25_vl,vqav2,llava15_vqav2,llava15,vqav2,cross_model_same_dataset,full,0.8205813765525818,8382,8232,169,145,145,0,24,8213,1.0,0.8579881656804734,0.0,0.9235668789808917,10000,116,0.8633540372670807,0.9739146597704865
qwen25_vl_vqav2,qwen25_vl,vqav2,qwen25_vl_earthvqa,qwen25_vl,earthvqa,same_model_cross_dataset,full,0.8205813765525818,8236,8077,270,224,224,0,46,7966,1.0,0.8296296296296296,0.0,0.9068825910931174,10000,375,0.8529411764705882,0.9539748953974896
qwen25_vl_vqav2,qwen25_vl,vqav2,qwen25_vl_lingoqa,qwen25_vl,lingoqa,same_model_cross_dataset,full,0.8205813765525818,8249,8104,212,197,197,0,15,8037,1.0,0.9292452830188679,0.0,0.9633251833740831,10000,75,0.9267015706806283,0.9903381642512077
qwen25_vl_vqav2,qwen25_vl,vqav2,qwen25_vl_vqav2,qwen25_vl,vqav2,in_domain,full,0.8205813765525818,8376,8211,261,220,220,0,41,8115,1.0,0.842911877394636,0.0,0.9147609147609148,10000,116,0.8658823529411764,0.960872216330859
internvl3_earthvqa,internvl3,earthvqa,internvl3_earthvqa,internvl3,earthvqa,in_domain,strict_finite,0.4291782081127167,7890,7890,126,117,115,2,11,7762,0.9829059829059829,0.9126984126984127,0.00025759917568263783,0.9465020576131687,10000,375,0.9049384392540286,0.9799196787148594
internvl3_earthvqa,internvl3,earthvqa,internvl3_lingoqa,internvl3,lingoqa,same_model_cross_dataset,strict_finite,0.4291782081127167,7891,7891,151,1274,116,1158,35,6582,0.09105180533751962,0.7682119205298014,0.1496124031007752,0.16280701754385965,10000,75,0.11694581650077047,0.23365449547355674
internvl3_earthvqa,internvl3,earthvqa,internvl3_vqav2,internvl3,vqav2,same_model_cross_dataset,strict_finite,0.4291782081127167,8041,8041,169,4574,118,4456,51,3416,0.02579798863139484,0.6982248520710059,0.5660569105691057,0.04975753742357158,10000,116,0.042239848108827506,0.05790821673500155
internvl3_earthvqa,internvl3,earthvqa,llava15_earthvqa,llava15,earthvqa,cross_model_same_dataset,strict_finite,0.4291782081127167,8113,8113,12,241,7,234,5,7867,0.029045643153526972,0.5833333333333334,0.028885322799654365,0.05533596837944664,10000,375,0.01809954751131222,0.11000229357798162
internvl3_earthvqa,internvl3,earthvqa,llava15_lingoqa,llava15,lingoqa,cross_model_cross_dataset,strict_finite,0.4291782081127167,8086,8086,28,2050,20,2030,8,6028,0.00975609756097561,0.7142857142857143,0.25192355423181934,0.019249278152069296,10000,75,0.010968885585370762,0.03112992164804573
internvl3_earthvqa,internvl3,earthvqa,llava15_vqav2,llava15,vqav2,cross_model_cross_dataset,strict_finite,0.4291782081127167,8232,8232,19,2527,8,2519,11,5694,0.0031658092599920855,0.42105263157894735,0.30670887617192255,0.006284367635506678,10000,116,0.0024114787900058323,0.01114232015822555
internvl3_earthvqa,internvl3,earthvqa,qwen25_vl_earthvqa,qwen25_vl,earthvqa,cross_model_same_dataset,strict_finite,0.4291782081127167,8077,8077,111,12,12,0,99,7966,1.0,0.10810810810810811,0.0,0.1951219512195122,10000,375,0.10526315789473684,0.2962962962962963
internvl3_earthvqa,internvl3,earthvqa,qwen25_vl_lingoqa,qwen25_vl,lingoqa,cross_model_cross_dataset,strict_finite,0.4291782081127167,8104,8104,67,60,45,15,22,8022,0.75,0.6716417910447762,0.001866368047779022,0.7086614173228346,10000,75,0.5477669093114953,0.8617886178861789
internvl3_earthvqa,internvl3,earthvqa,qwen25_vl_vqav2,qwen25_vl,vqav2,cross_model_cross_dataset,strict_finite,0.4291782081127167,8211,8211,96,672,56,616,40,7499,0.08333333333333333,0.5833333333333334,0.07590881084411584,0.14583333333333334,10000,116,0.10836089256779181,0.19601241366815453
internvl3_lingoqa,internvl3,lingoqa,internvl3_earthvqa,internvl3,earthvqa,same_model_cross_dataset,strict_finite,0.8888392448425293,7890,7890,126,110,110,0,16,7764,1.0,0.873015873015873,0.0,0.9322033898305084,10000,375,0.8857142857142857,0.9710179765886287
internvl3_lingoqa,internvl3,lingoqa,internvl3_lingoqa,internvl3,lingoqa,in_domain,strict_finite,0.8888392448425293,7891,7891,151,113,110,3,41,7737,0.9734513274336283,0.7284768211920529,0.0003875968992248062,0.8333333333333334,10000,75,0.6909061004784689,0.95283142349106
internvl3_lingoqa,internvl3,lingoqa,internvl3_vqav2,internvl3,vqav2,same_model_cross_dataset,strict_finite,0.8888392448425293,8041,8041,169,153,130,23,39,7849,0.8496732026143791,0.7692307692307693,0.0029217479674796746,0.8074534161490683,10000,116,0.7117903930131004,0.9177504002846468
internvl3_lingoqa,internvl3,lingoqa,llava15_earthvqa,llava15,earthvqa,cross_model_cross_dataset,strict_finite,0.8888392448425293,8113,8113,12,0,0,0,12,8101,0.0,0.0,0.0,0.0,10000,375,0.0,0.0
internvl3_lingoqa,internvl3,lingoqa,llava15_lingoqa,llava15,lingoqa,cross_model_same_dataset,strict_finite,0.8888392448425293,8086,8086,28,0,0,0,28,8058,0.0,0.0,0.0,0.0,10000,75,0.0,0.0
internvl3_lingoqa,internvl3,lingoqa,llava15_vqav2,llava15,vqav2,cross_model_cross_dataset,strict_finite,0.8888392448425293,8232,8232,19,0,0,0,19,8213,0.0,0.0,0.0,0.0,10000,116,0.0,0.0
internvl3_lingoqa,internvl3,lingoqa,qwen25_vl_earthvqa,qwen25_vl,earthvqa,cross_model_cross_dataset,strict_finite,0.8888392448425293,8077,8077,111,67,67,0,44,7966,1.0,0.6036036036036037,0.0,0.7528089887640449,10000,375,0.6334771746536452,0.8709726894913912
internvl3_lingoqa,internvl3,lingoqa,qwen25_vl_lingoqa,qwen25_vl,lingoqa,cross_model_same_dataset,strict_finite,0.8888392448425293,8104,8104,67,55,53,2,14,8035,0.9636363636363636,0.7910447761194029,0.00024884907303720296,0.8688524590163934,10000,75,0.7549668874172185,0.9618320610687023
internvl3_lingoqa,internvl3,lingoqa,qwen25_vl_vqav2,qwen25_vl,vqav2,cross_model_cross_dataset,strict_finite,0.8888392448425293,8211,8211,96,300,58,242,38,7873,0.19333333333333333,0.6041666666666666,0.02982131854590265,0.29292929292929293,10000,116,0.21395348837209302,0.39542217229082055
internvl3_vqav2,internvl3,vqav2,internvl3_earthvqa,internvl3,earthvqa,same_model_cross_dataset,strict_finite,0.5743780136108398,7890,7890,126,112,112,0,14,7764,1.0,0.8888888888888888,0.0,0.9411764705882353,10000,375,0.8977742782152232,0.976
internvl3_vqav2,internvl3,vqav2,internvl3_lingoqa,internvl3,lingoqa,same_model_cross_dataset,strict_finite,0.5743780136108398,7891,7891,151,109,108,1,43,7739,0.9908256880733946,0.7152317880794702,0.00012919896640826872,0.8307692307692308,10000,75,0.6870696763553906,0.950229453483521
internvl3_vqav2,internvl3,vqav2,internvl3_vqav2,internvl3,vqav2,in_domain,strict_finite,0.5743780136108398,8041,8041,169,142,128,14,41,7858,0.9014084507042254,0.757396449704142,0.0017784552845528454,0.8231511254019293,10000,116,0.726413284756068,0.928
internvl3_vqav2,internvl3,vqav2,llava15_earthvqa,llava15,earthvqa,cross_model_cross_dataset,strict_finite,0.5743780136108398,8113,8113,12,1167,7,1160,5,6941,0.005998286203941731,0.5833333333333334,0.14319219849401307,0.011874469889737066,10000,375,0.00368995187647729,0.02194139154977762
internvl3_vqav2,internvl3,vqav2,llava15_lingoqa,llava15,lingoqa,cross_model_cross_dataset,strict_finite,0.5743780136108398,8086,8086,28,2846,12,2834,16,5224,0.004216444132115249,0.42857142857142855,0.3517001737403822,0.008350730688935281,10000,75,0.0037438461041772327,0.014134414407412442
internvl3_vqav2,internvl3,vqav2,llava15_vqav2,llava15,vqav2,cross_model_same_dataset,strict_finite,0.5743780136108398,8232,8232,19,4435,13,4422,6,3791,0.002931228861330327,0.6842105263157895,0.5384147083891392,0.0058374494836102376,10000,116,0.0020222446916076846,0.00953791134030933
internvl3_vqav2,internvl3,vqav2,qwen25_vl_earthvqa,qwen25_vl,earthvqa,cross_model_cross_dataset,strict_finite,0.5743780136108398,8077,8077,111,67,67,0,44,7966,1.0,0.6036036036036037,0.0,0.7528089887640449,10000,375,0.6339285714285714,0.8734177215189873
internvl3_vqav2,internvl3,vqav2,qwen25_vl_lingoqa,qwen25_vl,lingoqa,cross_model_cross_dataset,strict_finite,0.5743780136108398,8104,8104,67,54,53,1,14,8036,0.9814814814814815,0.7910447761194029,0.00012442453651860148,0.8760330578512396,10000,75,0.7638888888888888,0.967032967032967
internvl3_vqav2,internvl3,vqav2,qwen25_vl_vqav2,qwen25_vl,vqav2,cross_model_same_dataset,strict_finite,0.5743780136108398,8211,8211,96,98,58,40,38,8075,0.5918367346938775,0.6041666666666666,0.004929143561306223,0.5979381443298969,10000,116,0.4587126745748846,0.7567643915101542
llava15_earthvqa,llava15,earthvqa,internvl3_earthvqa,internvl3,earthvqa,cross_model_same_dataset,strict_finite,0.8492140173912048,7890,7890,126,35,35,0,91,7764,1.0,0.2777777777777778,0.0,0.43478260869565216,10000,375,0.3333333333333333,0.5308641975308642
llava15_earthvqa,llava15,earthvqa,internvl3_lingoqa,internvl3,lingoqa,cross_model_cross_dataset,strict_finite,0.8492140173912048,7891,7891,151,103,103,0,48,7740,1.0,0.6821192052980133,0.0,0.8110236220472441,10000,75,0.6666666666666666,0.934428019185339
llava15_earthvqa,llava15,earthvqa,internvl3_vqav2,internvl3,vqav2,cross_model_cross_dataset,strict_finite,0.8492140173912048,8041,8041,169,27,26,1,143,7871,0.9629629629629629,0.15384615384615385,0.00012703252032520327,0.2653061224489796,10000,116,0.1839080459770115,0.3522754329004329
llava15_earthvqa,llava15,earthvqa,llava15_earthvqa,llava15,earthvqa,in_domain,strict_finite,0.8492140173912048,8113,8113,12,14,7,7,5,8094,0.5,0.5833333333333334,0.0008640908529811135,0.5384615384615384,10000,375,0.2665217391304349,0.75
llava15_earthvqa,llava15,earthvqa,llava15_lingoqa,llava15,lingoqa,same_model_cross_dataset,strict_finite,0.8492140173912048,8086,8086,28,299,11,288,17,7770,0.03678929765886288,0.39285714285714285,0.035740878629932984,0.0672782874617737,10000,75,0.0275221476086888,0.17742831541218626
llava15_earthvqa,llava15,earthvqa,llava15_vqav2,llava15,vqav2,same_model_cross_dataset,strict_finite,0.8492140173912048,8232,8232,19,695,6,689,13,7524,0.008633093525179856,0.3157894736842105,0.08389139169609157,0.01680672268907563,10000,116,0.005159071367153913,0.03557488357531403
llava15_earthvqa,llava15,earthvqa,qwen25_vl_earthvqa,qwen25_vl,earthvqa,cross_model_same_dataset,strict_finite,0.8492140173912048,8077,8077,111,9,9,0,102,7966,1.0,0.08108108108108109,0.0,0.15,10000,375,0.06741100934755925,0.24193548387096775
llava15_earthvqa,llava15,earthvqa,qwen25_vl_lingoqa,qwen25_vl,lingoqa,cross_model_cross_dataset,strict_finite,0.8492140173912048,8104,8104,67,10,10,0,57,8037,1.0,0.14925373134328357,0.0,0.2597402597402597,10000,75,0.13333333333333333,0.38235294117647056
llava15_earthvqa,llava15,earthvqa,qwen25_vl_vqav2,qwen25_vl,vqav2,cross_model_cross_dataset,strict_finite,0.8492140173912048,8211,8211,96,6,6,0,90,8115,1.0,0.0625,0.0,0.11764705882352941,10000,116,0.02815923317683882,0.22
llava15_lingoqa,llava15,lingoqa,internvl3_earthvqa,internvl3,earthvqa,cross_model_cross_dataset,strict_finite,0.9801421165466309,7890,7890,126,0,0,0,126,7764,0.0,0.0,0.0,0.0,10000,375,0.0,0.0
llava15_lingoqa,llava15,lingoqa,internvl3_lingoqa,internvl3,lingoqa,cross_model_same_dataset,strict_finite,0.9801421165466309,7891,7891,151,0,0,0,151,7740,0.0,0.0,0.0,0.0,10000,75,0.0,0.0
llava15_lingoqa,llava15,lingoqa,internvl3_vqav2,internvl3,vqav2,cross_model_cross_dataset,strict_finite,0.9801421165466309,8041,8041,169,0,0,0,169,7872,0.0,0.0,0.0,0.0,10000,116,0.0,0.0
llava15_lingoqa,llava15,lingoqa,llava15_earthvqa,llava15,earthvqa,same_model_cross_dataset,strict_finite,0.9801421165466309,8113,8113,12,1,1,0,11,8101,1.0,0.08333333333333333,0.0,0.15384615384615385,10000,375,0.0,0.4444444444444444
llava15_lingoqa,llava15,lingoqa,llava15_lingoqa,llava15,lingoqa,in_domain,strict_finite,0.9801421165466309,8086,8086,28,11,10,1,18,8057,0.9090909090909091,0.35714285714285715,0.00012410027302060066,0.5128205128205128,10000,75,0.3125,0.6956521739130435
llava15_lingoqa,llava15,lingoqa,llava15_vqav2,llava15,vqav2,same_model_cross_dataset,strict_finite,0.9801421165466309,8232,8232,19,5,5,0,14,8213,1.0,0.2631578947368421,0.0,0.4166666666666667,10000,116,0.11764705882352941,0.8571428571428571
llava15_lingoqa,llava15,lingoqa,qwen25_vl_earthvqa,qwen25_vl,earthvqa,cross_model_cross_dataset,strict_finite,0.9801421165466309,8077,8077,111,1,1,0,110,7966,1.0,0.009009009009009009,0.0,0.017857142857142856,10000,375,0.0,0.06060606060606061
llava15_lingoqa,llava15,lingoqa,qwen25_vl_lingoqa,qwen25_vl,lingoqa,cross_model_same_dataset,strict_finite,0.9801421165466309,8104,8104,67,0,0,0,67,8037,0.0,0.0,0.0,0.0,10000,75,0.0,0.0
llava15_lingoqa,llava15,lingoqa,qwen25_vl_vqav2,qwen25_vl,vqav2,cross_model_cross_dataset,strict_finite,0.9801421165466309,8211,8211,96,0,0,0,96,8115,0.0,0.0,0.0,0.0,10000,116,0.0,0.0
llava15_vqav2,llava15,vqav2,internvl3_earthvqa,internvl3,earthvqa,cross_model_cross_dataset,strict_finite,0.5783867835998535,7890,7890,126,10,10,0,116,7764,1.0,0.07936507936507936,0.0,0.14705882352941177,10000,375,0.06896551724137931,0.22818791946308725
llava15_vqav2,llava15,vqav2,internvl3_lingoqa,internvl3,lingoqa,cross_model_cross_dataset,strict_finite,0.5783867835998535,7891,7891,151,7,7,0,144,7740,1.0,0.046357615894039736,0.0,0.08860759493670886,10000,75,0.03208556149732621,0.16
llava15_vqav2,llava15,vqav2,internvl3_vqav2,internvl3,vqav2,cross_model_same_dataset,strict_finite,0.5783867835998535,8041,8041,169,12,12,0,157,7872,1.0,0.07100591715976332,0.0,0.13259668508287292,10000,116,0.07272727272727272,0.20792508441595597
llava15_vqav2,llava15,vqav2,llava15_earthvqa,llava15,earthvqa,same_model_cross_dataset,strict_finite,0.5783867835998535,8113,8113,12,1,1,0,11,8101,1.0,0.08333333333333333,0.0,0.15384615384615385,10000,375,0.0,0.42857142857142855
llava15_vqav2,llava15,vqav2,llava15_lingoqa,llava15,lingoqa,same_model_cross_dataset,strict_finite,0.5783867835998535,8086,8086,28,10,9,1,19,8057,0.9,0.32142857142857145,0.00012410027302060066,0.47368421052631576,10000,75,0.2727272727272727,0.6530612244897959
llava15_vqav2,llava15,vqav2,llava15_vqav2,llava15,vqav2,in_domain,strict_finite,0.5783867835998535,8232,8232,19,28,6,22,13,8191,0.21428571428571427,0.3157894736842105,0.0026786801412394985,0.2553191489361702,10000,116,0.0784313725490196,0.75
llava15_vqav2,llava15,vqav2,qwen25_vl_earthvqa,qwen25_vl,earthvqa,cross_model_cross_dataset,strict_finite,0.5783867835998535,8077,8077,111,4,4,0,107,7966,1.0,0.036036036036036036,0.0,0.06956521739130435,10000,375,0.016666666666666666,0.13333333333333333
llava15_vqav2,llava15,vqav2,qwen25_vl_lingoqa,qwen25_vl,lingoqa,cross_model_cross_dataset,strict_finite,0.5783867835998535,8104,8104,67,11,5,6,62,8031,0.45454545454545453,0.07462686567164178,0.0007465472191116088,0.1282051282051282,10000,75,0.029411764705882353,0.2318840579710145
llava15_vqav2,llava15,vqav2,qwen25_vl_vqav2,qwen25_vl,vqav2,cross_model_same_dataset,strict_finite,0.5783867835998535,8211,8211,96,7,3,4,93,8111,0.42857142857142855,0.03125,0.0004929143561306223,0.05825242718446602,10000,116,0.0,0.13953488372093023
qwen25_vl_earthvqa,qwen25_vl,earthvqa,internvl3_earthvqa,internvl3,earthvqa,cross_model_same_dataset,strict_finite,0.5203976631164551,7890,7890,126,80,75,5,51,7759,0.9375,0.5952380952380952,0.0006439979392065945,0.7281553398058253,10000,375,0.648400572030709,0.8
qwen25_vl_earthvqa,qwen25_vl,earthvqa,internvl3_lingoqa,internvl3,lingoqa,cross_model_cross_dataset,strict_finite,0.5203976631164551,7891,7891,151,136,107,29,44,7711,0.7867647058823529,0.7086092715231788,0.0037467700258397934,0.7456445993031359,10000,75,0.5909090909090909,0.9014178822937624
qwen25_vl_earthvqa,qwen25_vl,earthvqa,internvl3_vqav2,internvl3,vqav2,cross_model_cross_dataset,strict_finite,0.5203976631164551,8041,8041,169,706,124,582,45,7290,0.17563739376770537,0.7337278106508875,0.07393292682926829,0.2834285714285714,10000,116,0.20925247048139267,0.41379582720488095
qwen25_vl_earthvqa,qwen25_vl,earthvqa,llava15_earthvqa,llava15,earthvqa,cross_model_same_dataset,strict_finite,0.5203976631164551,8113,8113,12,0,0,0,12,8101,0.0,0.0,0.0,0.0,10000,375,0.0,0.0
qwen25_vl_earthvqa,qwen25_vl,earthvqa,llava15_lingoqa,llava15,lingoqa,cross_model_cross_dataset,strict_finite,0.5203976631164551,8086,8086,28,0,0,0,28,8058,0.0,0.0,0.0,0.0,10000,75,0.0,0.0
qwen25_vl_earthvqa,qwen25_vl,earthvqa,llava15_vqav2,llava15,vqav2,cross_model_cross_dataset,strict_finite,0.5203976631164551,8232,8232,19,0,0,0,19,8213,0.0,0.0,0.0,0.0,10000,116,0.0,0.0
qwen25_vl_earthvqa,qwen25_vl,earthvqa,qwen25_vl_earthvqa,qwen25_vl,earthvqa,in_domain,strict_finite,0.5203976631164551,8077,8077,111,99,72,27,39,7939,0.7272727272727273,0.6486486486486487,0.003389404971127291,0.6857142857142857,10000,375,0.5472636815920398,0.8342874671340929
qwen25_vl_earthvqa,qwen25_vl,earthvqa,qwen25_vl_lingoqa,qwen25_vl,lingoqa,same_model_cross_dataset,strict_finite,0.5203976631164551,8104,8104,67,411,56,355,11,7682,0.1362530413625304,0.835820895522388,0.04417071046410352,0.23430962343096234,10000,75,0.14620441874870949,0.4238450331125827
qwen25_vl_earthvqa,qwen25_vl,earthvqa,qwen25_vl_vqav2,qwen25_vl,vqav2,same_model_cross_dataset,strict_finite,0.5203976631164551,8211,8211,96,1268,63,1205,33,6910,0.04968454258675079,0.65625,0.14849044978434997,0.09237536656891496,10000,116,0.0661331713900135,0.13084300383055214
qwen25_vl_lingoqa,qwen25_vl,lingoqa,internvl3_earthvqa,internvl3,earthvqa,cross_model_cross_dataset,strict_finite,0.9652795195579529,7890,7890,126,107,107,0,19,7764,1.0,0.8492063492063492,0.0,0.9184549356223176,10000,375,0.8695652173913043,0.9592760180995475
qwen25_vl_lingoqa,qwen25_vl,lingoqa,internvl3_lingoqa,internvl3,lingoqa,cross_model_same_dataset,strict_finite,0.9652795195579529,7891,7891,151,92,91,1,60,7739,0.9891304347826086,0.6026490066225165,0.00012919896640826872,0.7489711934156379,10000,75,0.5984235833225765,0.8807339449541285
qwen25_vl_lingoqa,qwen25_vl,lingoqa,internvl3_vqav2,internvl3,vqav2,cross_model_cross_dataset,strict_finite,0.9652795195579529,8041,8041,169,135,125,10,44,7862,0.9259259259259259,0.7396449704142012,0.0012703252032520325,0.8223684210526315,10000,116,0.7286054837582955,0.926829268292683
qwen25_vl_lingoqa,qwen25_vl,lingoqa,llava15_earthvqa,llava15,earthvqa,cross_model_cross_dataset,strict_finite,0.9652795195579529,8113,8113,12,0,0,0,12,8101,0.0,0.0,0.0,0.0,10000,375,0.0,0.0
qwen25_vl_lingoqa,qwen25_vl,lingoqa,llava15_lingoqa,llava15,lingoqa,cross_model_same_dataset,strict_finite,0.9652795195579529,8086,8086,28,0,0,0,28,8058,0.0,0.0,0.0,0.0,10000,75,0.0,0.0
qwen25_vl_lingoqa,qwen25_vl,lingoqa,llava15_vqav2,llava15,vqav2,cross_model_cross_dataset,strict_finite,0.9652795195579529,8232,8232,19,0,0,0,19,8213,0.0,0.0,0.0,0.0,10000,116,0.0,0.0
qwen25_vl_lingoqa,qwen25_vl,lingoqa,qwen25_vl_earthvqa,qwen25_vl,earthvqa,same_model_cross_dataset,strict_finite,0.9652795195579529,8077,8077,111,66,66,0,45,7966,1.0,0.5945945945945946,0.0,0.7457627118644068,10000,375,0.6282004830917874,0.8651685393258427
qwen25_vl_lingoqa,qwen25_vl,lingoqa,qwen25_vl_lingoqa,qwen25_vl,lingoqa,in_domain,strict_finite,0.9652795195579529,8104,8104,67,53,52,1,15,8036,0.9811320754716981,0.7761194029850746,0.00012442453651860148,0.8666666666666667,10000,75,0.751877033008052,0.96
qwen25_vl_lingoqa,qwen25_vl,lingoqa,qwen25_vl_vqav2,qwen25_vl,vqav2,same_model_cross_dataset,strict_finite,0.9652795195579529,8211,8211,96,126,11,115,85,8000,0.0873015873015873,0.11458333333333333,0.014171287738755391,0.0990990990990991,10000,116,0.041666666666666664,0.17500288018433174
qwen25_vl_vqav2,qwen25_vl,vqav2,internvl3_earthvqa,internvl3,earthvqa,cross_model_cross_dataset,strict_finite,0.8205813765525818,7890,7890,126,19,19,0,107,7764,1.0,0.15079365079365079,0.0,0.2620689655172414,10000,375,0.16176470588235295,0.36486486486486486
qwen25_vl_vqav2,qwen25_vl,vqav2,internvl3_lingoqa,internvl3,lingoqa,cross_model_cross_dataset,strict_finite,0.8205813765525818,7891,7891,151,22,22,0,129,7740,1.0,0.1456953642384106,0.0,0.2543352601156069,10000,75,0.15246181511916415,0.3742690058479532
qwen25_vl_vqav2,qwen25_vl,vqav2,internvl3_vqav2,internvl3,vqav2,cross_model_same_dataset,strict_finite,0.8205813765525818,8041,8041,169,28,28,0,141,7872,1.0,0.16568047337278108,0.0,0.28426395939086296,10000,116,0.2,0.37662808206286463
qwen25_vl_vqav2,qwen25_vl,vqav2,llava15_earthvqa,llava15,earthvqa,cross_model_cross_dataset,strict_finite,0.8205813765525818,8113,8113,12,0,0,0,12,8101,0.0,0.0,0.0,0.0,10000,375,0.0,0.0
qwen25_vl_vqav2,qwen25_vl,vqav2,llava15_lingoqa,llava15,lingoqa,cross_model_cross_dataset,strict_finite,0.8205813765525818,8086,8086,28,0,0,0,28,8058,0.0,0.0,0.0,0.0,10000,75,0.0,0.0
qwen25_vl_vqav2,qwen25_vl,vqav2,llava15_vqav2,llava15,vqav2,cross_model_same_dataset,strict_finite,0.8205813765525818,8232,8232,19,0,0,0,19,8213,0.0,0.0,0.0,0.0,10000,116,0.0,0.0
qwen25_vl_vqav2,qwen25_vl,vqav2,qwen25_vl_earthvqa,qwen25_vl,earthvqa,same_model_cross_dataset,strict_finite,0.8205813765525818,8077,8077,111,65,65,0,46,7966,1.0,0.5855855855855856,0.0,0.7386363636363636,10000,375,0.6181818181818182,0.8603419671576095
qwen25_vl_vqav2,qwen25_vl,vqav2,qwen25_vl_lingoqa,qwen25_vl,lingoqa,same_model_cross_dataset,strict_finite,0.8205813765525818,8104,8104,67,52,52,0,15,8037,1.0,0.7761194029850746,0.0,0.8739495798319328,10000,75,0.7567567567567568,0.9666758241758241
qwen25_vl_vqav2,qwen25_vl,vqav2,qwen25_vl_vqav2,qwen25_vl,vqav2,in_domain,strict_finite,0.8205813765525818,8211,8211,96,55,55,0,41,8115,1.0,0.5729166666666666,0.0,0.7284768211920529,10000,116,0.6033519553072626,0.859375
