job,model,dataset,metric,src_layer,tgt_layer,sdc_group,rows,semantic_groups,finite_rows,non_finite_rows,non_finite_rate,mean_value,median_value,std_value,q25_value,q75_value,mean_ci95_low,mean_ci95_high,evidence
qwen25_vl_lingoqa,Qwen2.5-VL-7B,LingoQA,cos_sim,0,1,non_sdc,5906,75,5906,0,0.0,0.801100978314858,0.7987159490585327,0.05001913305477622,0.7727109829584757,0.8352055366222675,0.7912603948381157,0.8110673318997583,adequate
qwen25_vl_lingoqa,Qwen2.5-VL-7B,LingoQA,cos_sim,0,1,non_significant_sdc,1327,73,1327,0,0.0,0.792326154177614,0.7929926199071547,0.044251906611642924,0.7660352802938886,0.8221754237772927,0.7819365092768605,0.8028553224473123,adequate
qwen25_vl_lingoqa,Qwen2.5-VL-7B,LingoQA,cos_sim,0,1,significant_sdc,264,67,216,48,0.18181818181818177,0.3870808811425167,0.23250260249692567,0.24937365202001271,0.21768263347294867,0.712636003891627,0.29241698679493827,0.461473758261048,adequate
qwen25_vl_lingoqa,Qwen2.5-VL-7B,LingoQA,cos_sim,1,2,non_sdc,5906,75,5906,0,0.0,0.77634948282799,0.7786993563368723,0.05659653752658541,0.741156317293644,0.8198250817755858,0.7643855342938083,0.7877161859848975,adequate
qwen25_vl_lingoqa,Qwen2.5-VL-7B,LingoQA,cos_sim,1,2,non_significant_sdc,1327,73,1327,0,0.0,0.7658037563911675,0.7702824017580818,0.05191263959590185,0.7366574650959057,0.7959754700388979,0.7543756366409489,0.7769570393179648,adequate
qwen25_vl_lingoqa,Qwen2.5-VL-7B,LingoQA,cos_sim,1,2,significant_sdc,264,66,214,50,0.18939393939393945,0.21637842151112915,0.014286515055870523,0.32739646879927625,-0.0027212250635636095,0.675434177617232,0.0948472058007071,0.3161891929366334,adequate
qwen25_vl_lingoqa,Qwen2.5-VL-7B,LingoQA,cos_sim,2,3,non_sdc,5906,75,5906,0,0.0,0.7066010981272322,0.7097654975950718,0.08033208692670438,0.6564435541045432,0.7581965501109759,0.6903972670541526,0.7225515184941917,adequate
qwen25_vl_lingoqa,Qwen2.5-VL-7B,LingoQA,cos_sim,2,3,non_significant_sdc,1327,73,1327,0,0.0,0.690077575786068,0.7080825989445051,0.06933897319889595,0.6484528883643772,0.7343006352583568,0.6728164338130033,0.7058608454817905,adequate
qwen25_vl_lingoqa,Qwen2.5-VL-7B,LingoQA,cos_sim,2,3,significant_sdc,264,67,212,52,0.19696969696969702,0.3785678994416327,0.2855018068637167,0.19847071722714127,0.27156364613649797,0.5647263730565707,0.3003738615239223,0.4414787626163505,adequate
qwen25_vl_lingoqa,Qwen2.5-VL-7B,LingoQA,cos_sim,3,4,non_sdc,5906,75,5906,0,0.0,0.7825500711343083,0.7881577253341675,0.05119917786509527,0.7453758948379092,0.8176141427829862,0.7721602343156683,0.7927250277482079,adequate
qwen25_vl_lingoqa,Qwen2.5-VL-7B,LingoQA,cos_sim,3,4,non_significant_sdc,1327,73,1327,0,0.0,0.7700801063832976,0.7723567022217644,0.04868452853212302,0.7356027135482202,0.8047277977069218,0.7587488240651529,0.7818245923575518,adequate
qwen25_vl_lingoqa,Qwen2.5-VL-7B,LingoQA,cos_sim,3,4,significant_sdc,264,67,209,55,0.20833333333333337,0.47066002235355525,0.3872377367652192,0.17708842364573554,0.3702860699624431,0.6519675413767497,0.4053473667290005,0.5239092562644951,adequate
qwen25_vl_lingoqa,Qwen2.5-VL-7B,LingoQA,cos_sim,4,5,non_sdc,5906,75,5906,0,0.0,0.7520951676713725,0.750937493223893,0.06682495048528413,0.7058729223229668,0.7996751643144168,0.7379093640735508,0.7659478553807165,adequate
qwen25_vl_lingoqa,Qwen2.5-VL-7B,LingoQA,cos_sim,4,5,non_significant_sdc,1327,73,1327,0,0.0,0.7306017806850065,0.7283549457788467,0.06840554360348657,0.6877992541875158,0.7780601690626807,0.7143144208047579,0.7476317888048107,adequate
qwen25_vl_lingoqa,Qwen2.5-VL-7B,LingoQA,cos_sim,4,5,significant_sdc,264,67,205,59,0.2234848484848485,0.3609710051726971,0.2325070865300237,0.231480014422963,0.1989461156178494,0.611106541894731,0.27732671016005916,0.4278505496103942,adequate
qwen25_vl_lingoqa,Qwen2.5-VL-7B,LingoQA,cos_sim,5,6,non_sdc,5906,75,5906,0,0.0,0.7998584674603622,0.8056248360209994,0.04098510481554533,0.7781300562269547,0.8243131408324609,0.7920439981646485,0.8075484630004186,adequate
qwen25_vl_lingoqa,Qwen2.5-VL-7B,LingoQA,cos_sim,5,6,non_significant_sdc,1327,73,1327,0,0.0,0.7931332540365417,0.8006333573298021,0.043587139129737724,0.7680399839083354,0.8210542684903852,0.7854260529166254,0.8007009076729508,adequate
qwen25_vl_lingoqa,Qwen2.5-VL-7B,LingoQA,cos_sim,5,6,significant_sdc,264,67,202,62,0.23484848484848486,0.32644266686996576,0.21017235137370166,0.3250364801042958,0.18258661256000705,0.7334852447876563,0.2084280069125416,0.41816747651935626,adequate
qwen25_vl_lingoqa,Qwen2.5-VL-7B,LingoQA,cos_sim,6,7,non_sdc,5906,75,5906,0,0.0,0.6627343541751746,0.6623216867446899,0.09271935568394891,0.6044164695418798,0.7107865564963397,0.6437316097263175,0.6815565841386652,adequate
qwen25_vl_lingoqa,Qwen2.5-VL-7B,LingoQA,cos_sim,6,7,non_significant_sdc,1327,73,1327,0,0.0,0.64218632253704,0.6428967818617821,0.07384407035373304,0.5978554176787536,0.6842047153484254,0.6266738352224259,0.6583602712357618,adequate
qwen25_vl_lingoqa,Qwen2.5-VL-7B,LingoQA,cos_sim,6,7,significant_sdc,264,66,204,60,0.2272727272727273,0.37181542244447796,0.34415296503171633,0.19507585095375796,0.31291341929867555,0.5458048640821989,0.30272848511974576,0.4289317603581806,adequate
qwen25_vl_lingoqa,Qwen2.5-VL-7B,LingoQA,cos_sim,7,8,non_sdc,5906,75,5906,0,0.0,0.6630959839532871,0.6570279975732167,0.09606277798735247,0.5947130673948456,0.7284426938455839,0.6425890307395581,0.6837865887424232,adequate
qwen25_vl_lingoqa,Qwen2.5-VL-7B,LingoQA,cos_sim,7,8,non_significant_sdc,1327,73,1327,0,0.0,0.6416581781678623,0.6314292470614116,0.08676186207017501,0.5899975316392051,0.7040855785210927,0.6204394995632421,0.6630750950621076,adequate
qwen25_vl_lingoqa,Qwen2.5-VL-7B,LingoQA,cos_sim,7,8,significant_sdc,264,63,197,67,0.2537878787878788,0.25751468850831927,0.1520577893421358,0.2282305051867324,0.12662014935393723,0.4838231149173918,0.1725757326665587,0.3257785201283934,adequate
qwen25_vl_lingoqa,Qwen2.5-VL-7B,LingoQA,cos_sim,8,9,non_sdc,5906,75,5906,0,0.0,0.7936568183190574,0.7975542147954305,0.050857051808727856,0.763561895205861,0.832069571201618,0.7833879907960224,0.8037859295945795,adequate
qwen25_vl_lingoqa,Qwen2.5-VL-7B,LingoQA,cos_sim,8,9,non_significant_sdc,1327,73,1327,0,0.0,0.7840466699864853,0.7823061347007751,0.049722008235857124,0.7608029217079835,0.8170506728357738,0.7735952731559753,0.7949251930090702,adequate
qwen25_vl_lingoqa,Qwen2.5-VL-7B,LingoQA,cos_sim,8,9,significant_sdc,264,61,190,74,0.2803030303030303,0.3679063352278843,0.2106196092066298,0.300177348337428,0.11464030359282482,0.7672625375645501,0.2560474945083206,0.4602348565971913,adequate
qwen25_vl_lingoqa,Qwen2.5-VL-7B,LingoQA,cos_sim,9,10,non_sdc,5906,75,5906,0,0.0,0.7638345933009993,0.7710208720282504,0.05904343382506429,0.7315172891996123,0.8009898136643803,0.7509868555932459,0.7757534118517209,adequate
qwen25_vl_lingoqa,Qwen2.5-VL-7B,LingoQA,cos_sim,9,10,non_significant_sdc,1327,73,1327,0,0.0,0.7511802784340382,0.7603073091734023,0.0536306955307524,0.7233986620392118,0.781322674618827,0.7394954114697508,0.7628430638302048,adequate
qwen25_vl_lingoqa,Qwen2.5-VL-7B,LingoQA,cos_sim,9,10,significant_sdc,264,60,186,78,0.2954545454545454,0.3455717397052279,0.22793891729444873,0.25174910893898256,0.18775870899992936,0.6339049703545041,0.24312196265099417,0.42338781441516476,adequate
qwen25_vl_lingoqa,Qwen2.5-VL-7B,LingoQA,cos_sim,10,11,non_sdc,5906,75,5906,0,0.0,0.7327965668095485,0.7381057590246201,0.07476602974713259,0.6809161911408107,0.7867738322207802,0.7170273899656769,0.7483915276974992,adequate
qwen25_vl_lingoqa,Qwen2.5-VL-7B,LingoQA,cos_sim,10,11,non_significant_sdc,1327,73,1327,0,0.0,0.719704140850897,0.7142051855723063,0.07315157061485773,0.6701399702578783,0.773211020231247,0.7018388097064194,0.7376998124847797,adequate
qwen25_vl_lingoqa,Qwen2.5-VL-7B,LingoQA,cos_sim,10,11,significant_sdc,264,59,184,80,0.303030303030303,0.2466781556888277,0.10007302395581287,0.32985013531795077,0.07161765849711943,0.6575195101045427,0.112175409205551,0.3546436758468448,adequate
qwen25_vl_lingoqa,Qwen2.5-VL-7B,LingoQA,cos_sim,11,12,non_sdc,5906,75,5906,0,0.0,0.7852450769646694,0.7912175783089228,0.05667713203922252,0.747167706489563,0.8291513413190842,0.7728967702144568,0.7970104605260111,adequate
qwen25_vl_lingoqa,Qwen2.5-VL-7B,LingoQA,cos_sim,11,12,non_significant_sdc,1327,73,1327,0,0.0,0.7727186938765581,0.7772421658039093,0.056429357202299774,0.7385373872518539,0.8151057594352298,0.7583512424475221,0.7866882234895052,adequate
qwen25_vl_lingoqa,Qwen2.5-VL-7B,LingoQA,cos_sim,11,12,significant_sdc,264,60,180,84,0.31818181818181823,0.3312545358742837,0.19331989954320752,0.3213812659803984,0.14982124678410436,0.7173886828952365,0.198266396048541,0.43295328189324883,adequate
qwen25_vl_lingoqa,Qwen2.5-VL-7B,LingoQA,cos_sim,12,13,non_sdc,5906,75,5906,0,0.0,0.8100552344252826,0.8167578535420554,0.054497259252637396,0.7799049574595232,0.8503189669414,0.7987165193270045,0.8206934713670487,adequate
qwen25_vl_lingoqa,Qwen2.5-VL-7B,LingoQA,cos_sim,12,13,non_significant_sdc,1327,73,1327,0,0.0,0.797207701939995,0.8066485737051282,0.05725066363991414,0.7575562030076981,0.8375055805708354,0.7826006365852448,0.8113792227123119,adequate
qwen25_vl_lingoqa,Qwen2.5-VL-7B,LingoQA,cos_sim,12,13,significant_sdc,264,59,173,91,0.3446969696969697,0.4304926575825065,0.3323727371741314,0.26553318370020496,0.19978346348721154,0.737089869521913,0.3196621509999272,0.5134756240957392,adequate
qwen25_vl_lingoqa,Qwen2.5-VL-7B,LingoQA,cos_sim,13,14,non_sdc,5906,75,5906,0,0.0,0.7930564302408989,0.802703645080328,0.0638397650667399,0.7596110573836735,0.8429386869072915,0.7790586856815052,0.8064049551103435,adequate
qwen25_vl_lingoqa,Qwen2.5-VL-7B,LingoQA,cos_sim,13,14,non_significant_sdc,1327,73,1327,0,0.0,0.7813655817237269,0.7875354707241058,0.05963580667893345,0.7466655444531214,0.8284715125763338,0.7677478897684438,0.7950021581611879,adequate
qwen25_vl_lingoqa,Qwen2.5-VL-7B,LingoQA,cos_sim,13,14,significant_sdc,264,58,168,96,0.36363636363636365,0.34675938001292556,0.33287138535584115,0.38349111767930705,0.2946091577866856,0.7060292832967308,0.200770278858019,0.45461022191114364,adequate
qwen25_vl_lingoqa,Qwen2.5-VL-7B,LingoQA,cos_sim,14,15,non_sdc,5906,75,5906,0,0.0,0.8050326570021796,0.8110744178295135,0.04721086346705954,0.7824762887543156,0.8380883232905314,0.7951821575346086,0.8140891536320688,adequate
qwen25_vl_lingoqa,Qwen2.5-VL-7B,LingoQA,cos_sim,14,15,non_significant_sdc,1327,73,1327,0,0.0,0.7983459213403423,0.8034698208173116,0.048238230843682006,0.7803261606395244,0.8285885017517715,0.7880163320519141,0.8077486554500065,adequate
qwen25_vl_lingoqa,Qwen2.5-VL-7B,LingoQA,cos_sim,14,15,significant_sdc,264,58,172,92,0.3484848484848485,0.42701177368259247,0.3901709670923194,0.2744977740527721,0.2455972026016715,0.746476971440845,0.3127099670395416,0.5163672115347034,adequate
qwen25_vl_lingoqa,Qwen2.5-VL-7B,LingoQA,cos_sim,15,16,non_sdc,5906,75,5906,0,0.0,0.7833319241280937,0.785273718206506,0.05481699411429128,0.7479998421143084,0.8256119675558022,0.7717320598404096,0.7944480626771717,adequate
qwen25_vl_lingoqa,Qwen2.5-VL-7B,LingoQA,cos_sim,15,16,non_significant_sdc,1327,73,1327,0,0.0,0.7765607130077414,0.782037405591262,0.05785498458945011,0.7473928942566825,0.8143238572106846,0.764461912009838,0.7884838318203127,adequate
qwen25_vl_lingoqa,Qwen2.5-VL-7B,LingoQA,cos_sim,15,16,significant_sdc,264,57,169,95,0.35984848484848486,0.39636873348699614,0.4366363597159483,0.36390177474381513,0.33704767915971423,0.7333235400063651,0.2530548888291394,0.5041936023277009,adequate
qwen25_vl_lingoqa,Qwen2.5-VL-7B,LingoQA,cos_sim,16,17,non_sdc,5906,75,5906,0,0.0,0.7581284488555539,0.7595594381292661,0.06339497828971938,0.7234286358579993,0.8081088165442148,0.7448207052127697,0.7710372835074975,adequate
qwen25_vl_lingoqa,Qwen2.5-VL-7B,LingoQA,cos_sim,16,17,non_significant_sdc,1327,73,1327,0,0.0,0.7527363603605899,0.7607753802748287,0.05834819732340076,0.7189933284757217,0.7949816573258729,0.7395395503859024,0.7656991443511029,adequate
qwen25_vl_lingoqa,Qwen2.5-VL-7B,LingoQA,cos_sim,16,17,significant_sdc,264,57,169,95,0.35984848484848486,0.27478806484258156,0.19706146061724547,0.38437890586717127,0.04516919206219668,0.6924672524134318,0.11417803076947655,0.3964707562352553,adequate
qwen25_vl_lingoqa,Qwen2.5-VL-7B,LingoQA,cos_sim,17,18,non_sdc,5906,75,5906,0,0.0,0.7485345076941741,0.7527607040745872,0.061758437957659125,0.7118702161312103,0.7914808708078721,0.7356751324459707,0.7607177567167527,adequate
qwen25_vl_lingoqa,Qwen2.5-VL-7B,LingoQA,cos_sim,17,18,non_significant_sdc,1327,73,1327,0,0.0,0.7321477564017153,0.7353156856868578,0.057121309415769934,0.6989914327859879,0.7655313685536385,0.7200100654525973,0.744818318838861,adequate
qwen25_vl_lingoqa,Qwen2.5-VL-7B,LingoQA,cos_sim,17,18,significant_sdc,264,57,166,98,0.3712121212121212,0.5494405660065858,0.5315813714144182,0.16517263119906436,0.47967200669250926,0.711664681278524,0.4898217778085772,0.5968156056322356,adequate
qwen25_vl_lingoqa,Qwen2.5-VL-7B,LingoQA,cos_sim,18,19,non_sdc,5906,75,5906,0,0.0,0.8308364517771147,0.8312385989272076,0.03523236980895135,0.8089197027055841,0.8580702009953951,0.8232672347133825,0.8381450070317719,adequate
qwen25_vl_lingoqa,Qwen2.5-VL-7B,LingoQA,cos_sim,18,19,non_significant_sdc,1327,73,1327,0,0.0,0.8224316314335772,0.8229360491037369,0.03349745114009733,0.8052616024017334,0.8439753241837025,0.8153258740604222,0.8297366327927175,adequate
qwen25_vl_lingoqa,Qwen2.5-VL-7B,LingoQA,cos_sim,18,19,significant_sdc,264,57,161,103,0.39015151515151514,0.6138171687704931,0.6614330532599468,0.19555885780469948,0.4522051683494023,0.76841578575281,0.5492505490313424,0.661427700300869,adequate
qwen25_vl_lingoqa,Qwen2.5-VL-7B,LingoQA,cos_sim,19,20,non_sdc,5906,75,5906,0,0.0,0.7594894779508694,0.7621322040898459,0.05505444629394587,0.7274186956882477,0.796697747233239,0.7474594305189983,0.770983619965821,adequate
qwen25_vl_lingoqa,Qwen2.5-VL-7B,LingoQA,cos_sim,19,20,non_significant_sdc,1327,73,1327,0,0.0,0.7527949029486233,0.7561910643297083,0.04683669534593271,0.7290284104290463,0.779187334492093,0.7429482864491294,0.7626484411670637,adequate
qwen25_vl_lingoqa,Qwen2.5-VL-7B,LingoQA,cos_sim,19,20,significant_sdc,264,56,157,107,0.4053030303030303,0.4669087181043599,0.6687591489480467,0.3595422929034983,0.0,0.7278367804021252,0.3564968101613861,0.5447975792395535,adequate
qwen25_vl_lingoqa,Qwen2.5-VL-7B,LingoQA,cos_sim,20,21,non_sdc,5906,75,5906,0,0.0,0.7915104494534908,0.791106281372217,0.05318056074311076,0.7656548793117206,0.827399636737325,0.7804159998632915,0.8018414747272647,adequate
qwen25_vl_lingoqa,Qwen2.5-VL-7B,LingoQA,cos_sim,20,21,non_significant_sdc,1327,73,1327,0,0.0,0.7824655743280351,0.7845202452606626,0.050208880266092985,0.7607227514187496,0.8131102005108481,0.7713782322160212,0.7934602559412145,adequate
qwen25_vl_lingoqa,Qwen2.5-VL-7B,LingoQA,cos_sim,20,21,significant_sdc,264,54,154,110,0.41666666666666663,0.5004014026941567,0.5669984689050791,0.2615728117133912,0.16606653048371783,0.720493308490231,0.39731041059059413,0.5761157779885908,adequate
qwen25_vl_lingoqa,Qwen2.5-VL-7B,LingoQA,cos_sim,21,22,non_sdc,5906,75,5906,0,0.0,0.7596337547118629,0.7572426497936249,0.06578640357650618,0.7204856180718967,0.8004839472910937,0.7455197306371012,0.7734322002224899,adequate
qwen25_vl_lingoqa,Qwen2.5-VL-7B,LingoQA,cos_sim,21,22,non_significant_sdc,1327,73,1327,0,0.0,0.7480150423445303,0.7465498256683349,0.057762105722877904,0.7195248618721961,0.7785218973954519,0.7341483208538366,0.7617963795187213,adequate
qwen25_vl_lingoqa,Qwen2.5-VL-7B,LingoQA,cos_sim,21,22,significant_sdc,264,53,152,112,0.4242424242424242,0.327791000535381,0.19368135100420641,0.317244843360416,0.025532033218412985,0.5960739575326444,0.1847675007722841,0.43187187486671275,adequate
qwen25_vl_lingoqa,Qwen2.5-VL-7B,LingoQA,cos_sim,22,23,non_sdc,5906,75,5906,0,0.0,0.8339247335495944,0.8359020090612925,0.04573665145604787,0.8040406595874618,0.861365710526428,0.8243687971800009,0.8433019285113603,adequate
qwen25_vl_lingoqa,Qwen2.5-VL-7B,LingoQA,cos_sim,22,23,non_significant_sdc,1327,73,1327,0,0.0,0.8268975832839669,0.8284291570836847,0.041410775778433155,0.8003115070717676,0.8560220540472956,0.8158950898664192,0.8374330797263395,adequate
qwen25_vl_lingoqa,Qwen2.5-VL-7B,LingoQA,cos_sim,22,23,significant_sdc,264,52,147,117,0.44318181818181823,0.6245091444854837,0.5777466637747628,0.17506557550905677,0.5152032144215642,0.7870905089836855,0.5539562272939819,0.6754157909021191,adequate
qwen25_vl_lingoqa,Qwen2.5-VL-7B,LingoQA,cos_sim,23,24,non_sdc,5906,75,5906,0,0.0,0.798682697587529,0.7936782594112789,0.05158349176774252,0.7587039315008692,0.8365699363012726,0.788187807211941,0.809765035610999,adequate
qwen25_vl_lingoqa,Qwen2.5-VL-7B,LingoQA,cos_sim,23,24,non_significant_sdc,1327,73,1327,0,0.0,0.7871901014102982,0.7847652756250821,0.047394466339030564,0.7579314956352824,0.8150298181507323,0.7762210160155308,0.7987506528529676,adequate
qwen25_vl_lingoqa,Qwen2.5-VL-7B,LingoQA,cos_sim,23,24,significant_sdc,264,52,144,120,0.4545454545454546,0.6209826278125377,0.6167734572473837,0.17222407228174103,0.5609483749282604,0.7301965890561833,0.5636855516840092,0.6638080120041292,adequate
qwen25_vl_lingoqa,Qwen2.5-VL-7B,LingoQA,cos_sim,24,25,non_sdc,5906,75,5906,0,0.0,0.8157804190154259,0.8138104031483332,0.05165620791952076,0.7801672940452894,0.8477979302406311,0.804821195871652,0.8263617321880544,adequate
qwen25_vl_lingoqa,Qwen2.5-VL-7B,LingoQA,cos_sim,24,25,non_significant_sdc,1327,73,1327,0,0.0,0.8036797620158778,0.809014835357666,0.045062678460644295,0.7751770054592806,0.8286793729976604,0.7931155358150723,0.8144750174631042,adequate
qwen25_vl_lingoqa,Qwen2.5-VL-7B,LingoQA,cos_sim,24,25,significant_sdc,264,50,139,125,0.4734848484848485,0.6816165524128114,0.7135891366978081,0.18729425565741434,0.7022443547540781,0.7588703105847041,0.6242839735412685,0.725571764763145,adequate
qwen25_vl_lingoqa,Qwen2.5-VL-7B,LingoQA,cos_sim,25,26,non_sdc,5906,75,5906,0,0.0,0.9062101423572815,0.9115223627998715,0.035346373753885864,0.8892317990816775,0.9303242416573752,0.8990307172543043,0.9131746863587521,adequate
qwen25_vl_lingoqa,Qwen2.5-VL-7B,LingoQA,cos_sim,25,26,non_significant_sdc,1327,73,1327,0,0.0,0.9031072010032817,0.909190890689691,0.03455452268799518,0.8901667899482852,0.9238117501687844,0.8957674406706065,0.909586996121241,adequate
qwen25_vl_lingoqa,Qwen2.5-VL-7B,LingoQA,cos_sim,25,26,significant_sdc,264,50,134,130,0.49242424242424243,0.6581049898043808,0.6511642245613799,0.2731961457686052,0.5344433957824901,0.8943016288372186,0.542474043911238,0.7335720563629015,adequate
qwen25_vl_lingoqa,Qwen2.5-VL-7B,LingoQA,cos_sim,26,27,non_sdc,5906,75,5906,0,0.0,0.9809698130979853,0.9828372311807866,0.010734849258656127,0.9779303556138819,0.9873119993342293,0.978951677552998,0.9828321546933078,adequate
qwen25_vl_lingoqa,Qwen2.5-VL-7B,LingoQA,cos_sim,26,27,non_significant_sdc,1327,73,1327,0,0.0,0.9791170431659596,0.9811116357644399,0.019841628408281364,0.9772833473041278,0.9845729753375053,0.977051023059462,0.9809146768184814,adequate
qwen25_vl_lingoqa,Qwen2.5-VL-7B,LingoQA,cos_sim,26,27,significant_sdc,264,49,126,138,0.5227272727272727,0.7796250663135234,0.6990995334119212,0.21923662444382205,0.6701894758307204,0.9796074138811002,0.6892778409883981,0.8367855806922933,adequate
internvl3_lingoqa,InternVL3-8B,LingoQA,cos_sim,0,1,non_sdc,5762,75,5762,0,0.0,0.807998786365719,0.8094549819827079,0.03987605959864875,0.782636290623082,0.8337973952293396,0.799483535893051,0.8165256787894184,adequate
internvl3_lingoqa,InternVL3-8B,LingoQA,cos_sim,0,1,non_significant_sdc,1293,70,1293,0,0.0,0.7969490700642472,0.7985148184439715,0.03542428337431437,0.7784791173356952,0.8219969415664673,0.7897327642451327,0.8039722668627166,adequate
internvl3_lingoqa,InternVL3-8B,LingoQA,cos_sim,0,1,significant_sdc,433,75,424,9,0.020785219399538146,0.2711480568298844,0.2610127629370106,0.08764179335242302,0.24916306837480895,0.274420611180213,0.2609728100673699,0.282049070554834,adequate
internvl3_lingoqa,InternVL3-8B,LingoQA,cos_sim,1,2,non_sdc,5762,75,5762,0,0.0,0.7405707058417067,0.7404568570631521,0.053304251956702936,0.702507774417217,0.7723854459249057,0.7298586612689252,0.7517805362717555,adequate
internvl3_lingoqa,InternVL3-8B,LingoQA,cos_sim,1,2,non_significant_sdc,1293,70,1293,0,0.0,0.7220844767563753,0.7234617156140944,0.04763863824871986,0.691569559276104,0.7465549260377884,0.7126042568667768,0.7321699791236446,adequate
internvl3_lingoqa,InternVL3-8B,LingoQA,cos_sim,1,2,significant_sdc,433,75,414,19,0.04387990762124716,0.10757576050610132,0.09232406063499499,0.0874227575440611,0.08625541574188642,0.10188386585487395,0.0981858529257243,0.11885929232483314,adequate
internvl3_lingoqa,InternVL3-8B,LingoQA,cos_sim,2,3,non_sdc,5762,75,5762,0,0.0,0.6874706652563584,0.6868815503337167,0.06986821570458772,0.6307614463217118,0.7397875102857748,0.6728461595760082,0.7018684194573117,adequate
internvl3_lingoqa,InternVL3-8B,LingoQA,cos_sim,2,3,non_significant_sdc,1293,70,1293,0,0.0,0.6628101253320374,0.6647812090814114,0.0624241295324367,0.6148563131042148,0.7047082092612982,0.6489574035852248,0.6773735281980798,adequate
internvl3_lingoqa,InternVL3-8B,LingoQA,cos_sim,2,3,significant_sdc,433,74,405,28,0.0646651270207852,0.07816238195315678,0.05991715660356745,0.08369455304682723,0.051274486000136454,0.07247034042161338,0.06911940280488198,0.08928389971088818,adequate
internvl3_lingoqa,InternVL3-8B,LingoQA,cos_sim,3,4,non_sdc,5762,75,5762,0,0.0,0.7823649836100104,0.7873348407447338,0.046225259808974906,0.7564643811095845,0.8134746828249523,0.7730359850831885,0.791640766012057,adequate
internvl3_lingoqa,InternVL3-8B,LingoQA,cos_sim,3,4,non_significant_sdc,1293,70,1293,0,0.0,0.768229537563494,0.770649631023407,0.04094268582046887,0.741315466662248,0.7958219158649444,0.7598216422937131,0.7766051453731865,adequate
internvl3_lingoqa,InternVL3-8B,LingoQA,cos_sim,3,4,significant_sdc,433,75,399,34,0.07852193995381063,0.4201791350615281,0.43971265153009065,0.10445400975291935,0.43129362561264817,0.4461549575231513,0.4089537585160051,0.4311336240796179,adequate
internvl3_lingoqa,InternVL3-8B,LingoQA,cos_sim,4,5,non_sdc,5762,75,5762,0,0.0,0.7356812361417076,0.7324558451123859,0.05940289556362004,0.6991317702664269,0.7744562001455397,0.7230382557204832,0.7481921694467453,adequate
internvl3_lingoqa,InternVL3-8B,LingoQA,cos_sim,4,5,non_significant_sdc,1293,70,1293,0,0.0,0.7175929419922561,0.7178809009492397,0.05323052444469171,0.6872775759547949,0.7515565485789858,0.7059402461928733,0.7292786391591665,adequate
internvl3_lingoqa,InternVL3-8B,LingoQA,cos_sim,4,5,significant_sdc,433,75,387,46,0.10623556581986138,0.2878232889958134,0.3015592590886719,0.08798758646668019,0.2928053043326553,0.3104727037098943,0.27876103958239257,0.2973778392914407,adequate
internvl3_lingoqa,InternVL3-8B,LingoQA,cos_sim,5,6,non_sdc,5762,75,5762,0,0.0,0.777736981704397,0.779789112508297,0.04446813913293252,0.746502358127724,0.8072693109512329,0.7681150515965386,0.7871848254519775,adequate
internvl3_lingoqa,InternVL3-8B,LingoQA,cos_sim,5,6,non_significant_sdc,1293,70,1293,0,0.0,0.7625067563673652,0.7631480002403259,0.037926732273385354,0.7367819507916769,0.7895049723711881,0.7540982032301751,0.7709725340526891,adequate
internvl3_lingoqa,InternVL3-8B,LingoQA,cos_sim,5,6,significant_sdc,433,75,378,55,0.12702078521939952,0.21632136078811967,0.23178000124741574,0.15569219465881884,0.2195374906367185,0.24650551758858621,0.19974731242782115,0.23275270022639244,adequate
internvl3_lingoqa,InternVL3-8B,LingoQA,cos_sim,6,7,non_sdc,5762,75,5762,0,0.0,0.6311089382208582,0.6335193663835526,0.0717706955917623,0.5813388874133428,0.6778206110000611,0.6161474272311309,0.646399433896858,adequate
internvl3_lingoqa,InternVL3-8B,LingoQA,cos_sim,6,7,non_significant_sdc,1293,70,1293,0,0.0,0.6092704464594891,0.6167299437981385,0.062304538542984844,0.563075764612718,0.6553903967142105,0.5951768480869843,0.6235153886791996,adequate
internvl3_lingoqa,InternVL3-8B,LingoQA,cos_sim,6,7,significant_sdc,433,75,366,67,0.15473441108545039,0.22268538906623583,0.2307450658812815,0.08490103382838264,0.2158718010296627,0.24674376666697923,0.21267266380385172,0.23305514813322106,adequate
internvl3_lingoqa,InternVL3-8B,LingoQA,cos_sim,7,8,non_sdc,5762,75,5762,0,0.0,0.6632781836462865,0.6617407890466543,0.06762912202027108,0.613471001959764,0.7114893678914417,0.6491124280458496,0.677409596177165,adequate
internvl3_lingoqa,InternVL3-8B,LingoQA,cos_sim,7,8,non_significant_sdc,1293,70,1293,0,0.0,0.6468378826608813,0.6468196702003479,0.05714815489997267,0.610591221600771,0.6893842575095949,0.6347612835370319,0.6590727107715854,adequate
internvl3_lingoqa,InternVL3-8B,LingoQA,cos_sim,7,8,significant_sdc,433,75,362,71,0.16397228637413397,0.12369641112316566,0.1350151000126284,0.10648608472655918,0.12140808817075223,0.1474901589812065,0.11075131376334413,0.13700513089222244,adequate
internvl3_lingoqa,InternVL3-8B,LingoQA,cos_sim,8,9,non_sdc,5762,75,5762,0,0.0,0.7386872763702392,0.74600497986141,0.0554781094428134,0.7013152150267905,0.7740891476472219,0.7268269076299307,0.7500547298486988,adequate
internvl3_lingoqa,InternVL3-8B,LingoQA,cos_sim,8,9,non_significant_sdc,1293,70,1293,0,0.0,0.7311153720988018,0.7392364263534545,0.05151968309093478,0.7004974028095603,0.7665600671487696,0.719273879491897,0.7423885800155526,adequate
internvl3_lingoqa,InternVL3-8B,LingoQA,cos_sim,8,9,significant_sdc,433,75,344,89,0.20554272517321015,0.37654085443280627,0.36651137167093706,0.10954280926372476,0.327461697693382,0.41896066845071556,0.3626995163395046,0.39066980654029226,adequate
internvl3_lingoqa,InternVL3-8B,LingoQA,cos_sim,9,10,non_sdc,5762,75,5762,0,0.0,0.7368459372536674,0.7413300693035125,0.06414246354985313,0.7012116118437715,0.7802984403651296,0.7227201813683755,0.7510199922182991,adequate
internvl3_lingoqa,InternVL3-8B,LingoQA,cos_sim,9,10,non_significant_sdc,1293,70,1293,0,0.0,0.7273439510268777,0.7263770898183187,0.05214336467459959,0.7041707265944708,0.7578379895005908,0.7157820398520005,0.7381952666462377,adequate
internvl3_lingoqa,InternVL3-8B,LingoQA,cos_sim,9,10,significant_sdc,433,75,335,98,0.2263279445727483,0.27599001001120776,0.2916263080373102,0.10561428573943146,0.26445426655058957,0.3093897014552233,0.26269585724439587,0.2903731857236393,adequate
internvl3_lingoqa,InternVL3-8B,LingoQA,cos_sim,10,11,non_sdc,5762,75,5762,0,0.0,0.6958117855084397,0.698376893760666,0.06872551529820504,0.6508424371595566,0.740350271264712,0.6811623335850914,0.7106839369728338,adequate
internvl3_lingoqa,InternVL3-8B,LingoQA,cos_sim,10,11,non_significant_sdc,1293,70,1293,0,0.0,0.6922589077445943,0.6946811059425617,0.06016202116564529,0.6520135709733674,0.7340571209788322,0.6795307189006788,0.7053452376541723,adequate
internvl3_lingoqa,InternVL3-8B,LingoQA,cos_sim,10,11,significant_sdc,433,75,322,111,0.25635103926097,0.06312952102386413,0.10176079408550749,0.16971124477056115,0.07822261853333638,0.11630883887030032,0.04152544897952573,0.08498331795911136,adequate
internvl3_lingoqa,InternVL3-8B,LingoQA,cos_sim,11,12,non_sdc,5762,75,5762,0,0.0,0.6891185938968414,0.6929736852645874,0.06115202236167779,0.6482527766908918,0.7261754708630699,0.6757701812804808,0.701980661389368,adequate
internvl3_lingoqa,InternVL3-8B,LingoQA,cos_sim,11,12,non_significant_sdc,1293,70,1293,0,0.0,0.6892056064531396,0.6874455809593201,0.05232549651265327,0.6531420621004972,0.7207418458802359,0.6780555205966861,0.7007125124611684,adequate
internvl3_lingoqa,InternVL3-8B,LingoQA,cos_sim,11,12,significant_sdc,433,75,314,119,0.2748267898383372,0.07801047730040812,0.04216050511530163,0.11996200166131062,0.021325534627753863,0.08075343969525123,0.06246171181145458,0.09608419643317494,adequate
internvl3_lingoqa,InternVL3-8B,LingoQA,cos_sim,12,13,non_sdc,5762,75,5762,0,0.0,0.7301726510762965,0.7366324663162231,0.054004319179408886,0.6933164298534393,0.7749727048807674,0.7183573157394413,0.741635471270458,adequate
internvl3_lingoqa,InternVL3-8B,LingoQA,cos_sim,12,13,non_significant_sdc,1293,70,1293,0,0.0,0.722083161576903,0.730389251428492,0.050968807832454534,0.6962066132288712,0.7588073886357821,0.7104047381972141,0.7331744996313884,adequate
internvl3_lingoqa,InternVL3-8B,LingoQA,cos_sim,12,13,significant_sdc,433,75,300,133,0.3071593533487298,0.19042740136046674,0.17760815336464011,0.10208496951270359,0.13517228985319332,0.21002206947578458,0.17514197446351684,0.20715547998915107,adequate
internvl3_lingoqa,InternVL3-8B,LingoQA,cos_sim,13,14,non_sdc,5762,75,5762,0,0.0,0.7394774274988626,0.7515741053380465,0.06509325250595084,0.7095911627014478,0.7857370755889199,0.7245923393469316,0.7534037687470386,adequate
internvl3_lingoqa,InternVL3-8B,LingoQA,cos_sim,13,14,non_significant_sdc,1293,70,1293,0,0.0,0.7340493771641787,0.7449022883718665,0.05975040975413713,0.7108404015501341,0.7770155163911673,0.7199561070965825,0.7470877037445383,adequate
internvl3_lingoqa,InternVL3-8B,LingoQA,cos_sim,13,14,significant_sdc,433,75,294,139,0.3210161662817552,0.1642892866747725,0.26749334195438695,0.2384955289910582,0.011091610663855563,0.2855192365847072,0.13473575117066294,0.19345980040329233,adequate
internvl3_lingoqa,InternVL3-8B,LingoQA,cos_sim,14,15,non_sdc,5762,75,5762,0,0.0,0.7404641651386289,0.7479608788572509,0.04762315416876831,0.7050842829141999,0.774868819448683,0.7304904029051486,0.7503237230900249,adequate
internvl3_lingoqa,InternVL3-8B,LingoQA,cos_sim,14,15,non_significant_sdc,1293,70,1293,0,0.0,0.73787376773134,0.7441974528904619,0.045070925953414644,0.7068099956959486,0.7729071544276344,0.7269279388261746,0.7486819418470543,adequate
internvl3_lingoqa,InternVL3-8B,LingoQA,cos_sim,14,15,significant_sdc,433,75,280,153,0.3533487297921478,0.3265720266814134,0.3612408166637226,0.12896687974191826,0.216273697055116,0.4065247549086201,0.3085006036698297,0.3446467830800578,adequate
internvl3_lingoqa,InternVL3-8B,LingoQA,cos_sim,15,16,non_sdc,5762,75,5762,0,0.0,0.6616658736455382,0.6692741298427185,0.07351087233544663,0.6214654681583246,0.7083203720431479,0.6462288941246087,0.6768510467075608,adequate
internvl3_lingoqa,InternVL3-8B,LingoQA,cos_sim,15,16,non_significant_sdc,1293,70,1293,0,0.0,0.6652600064152625,0.6674766563452207,0.06764680109870568,0.6185711642791485,0.7161435037851334,0.6488779009653295,0.6813384738430261,adequate
internvl3_lingoqa,InternVL3-8B,LingoQA,cos_sim,15,16,significant_sdc,433,75,275,158,0.36489607390300227,0.031917934282854755,0.08893772564372238,0.18604503400183475,-0.20573201684319242,0.11988837782255546,0.006586721591620722,0.05800941167563133,adequate
internvl3_lingoqa,InternVL3-8B,LingoQA,cos_sim,16,17,non_sdc,5762,75,5762,0,0.0,0.6329945295688509,0.6363503532484174,0.06643074719594892,0.591629012886967,0.669027749981199,0.6195884260795402,0.646612024944088,adequate
internvl3_lingoqa,InternVL3-8B,LingoQA,cos_sim,16,17,non_significant_sdc,1293,70,1293,0,0.0,0.630746508135019,0.6327154704115607,0.058424880447407575,0.597858343612064,0.6707758083939552,0.618039064004703,0.6425940684863636,adequate
internvl3_lingoqa,InternVL3-8B,LingoQA,cos_sim,16,17,significant_sdc,433,73,252,181,0.418013856812933,0.10536652772344766,0.19517841562628746,0.21891116938013808,-0.14318937245680363,0.2464670148126933,0.07730542367030446,0.13373474930997345,adequate
internvl3_lingoqa,InternVL3-8B,LingoQA,cos_sim,17,18,non_sdc,5762,75,5762,0,0.0,0.6479809717970662,0.6493967113395532,0.06128699245038979,0.6094678229381961,0.6857384589190285,0.6355385195043283,0.6608639533107403,adequate
internvl3_lingoqa,InternVL3-8B,LingoQA,cos_sim,17,18,non_significant_sdc,1293,70,1293,0,0.0,0.6426727835281685,0.6441511579535224,0.056691831256630264,0.6096625097773292,0.6815955564379692,0.6307350568096407,0.6542648157546695,adequate
internvl3_lingoqa,InternVL3-8B,LingoQA,cos_sim,17,18,significant_sdc,433,73,241,192,0.4434180138568129,0.26417973960912644,0.31764667131462876,0.15601520544218656,0.16671806056888736,0.37103188524440844,0.24479814295129923,0.2846713190118089,adequate
internvl3_lingoqa,InternVL3-8B,LingoQA,cos_sim,18,19,non_sdc,5762,75,5762,0,0.0,0.7538303852988327,0.7624131129760492,0.045226459197348065,0.7245712086913132,0.7865900390527465,0.744602809021399,0.7629756207953505,adequate
internvl3_lingoqa,InternVL3-8B,LingoQA,cos_sim,18,19,non_significant_sdc,1293,70,1293,0,0.0,0.7628011602837456,0.7708471417427063,0.040726070627761755,0.7402444829543432,0.7896073961257934,0.7529898583661639,0.7715301161407361,adequate
internvl3_lingoqa,InternVL3-8B,LingoQA,cos_sim,18,19,significant_sdc,433,73,233,200,0.4618937644341802,0.19604875239063482,0.2673941449243195,0.17766693793051402,0.02030607122851878,0.30359767863945086,0.17224195068216577,0.2215707899572679,adequate
internvl3_lingoqa,InternVL3-8B,LingoQA,cos_sim,19,20,non_sdc,5762,75,5762,0,0.0,0.6320181419122699,0.6317525481184323,0.08142398901019492,0.5886607917689759,0.6815136102338631,0.6149079441124676,0.6496564845407414,adequate
internvl3_lingoqa,InternVL3-8B,LingoQA,cos_sim,19,20,non_significant_sdc,1293,70,1293,0,0.0,0.637692180249512,0.6352531455812,0.060583347946820514,0.6055179703235626,0.6787448426087698,0.6238414829313372,0.6507095826504575,adequate
internvl3_lingoqa,InternVL3-8B,LingoQA,cos_sim,19,20,significant_sdc,433,73,217,216,0.4988452655889145,0.13029770408227453,0.20890209829548792,0.2482302233387844,-0.10374881129483787,0.3478439921247108,0.09474150239670741,0.16773405246610654,adequate
internvl3_lingoqa,InternVL3-8B,LingoQA,cos_sim,20,21,non_sdc,5762,75,5762,0,0.0,0.6933540694741448,0.7027591590000235,0.07057001066352339,0.6490395850936572,0.7393316897478971,0.6786382462548575,0.7080075348953268,adequate
internvl3_lingoqa,InternVL3-8B,LingoQA,cos_sim,20,21,non_significant_sdc,1293,70,1293,0,0.0,0.7045154296031253,0.7152245885559491,0.06258598423738823,0.6667410123348236,0.7542845732287357,0.6891172403967072,0.71954903108865,adequate
internvl3_lingoqa,InternVL3-8B,LingoQA,cos_sim,20,21,significant_sdc,433,72,215,218,0.5034642032332564,0.24165578705156826,0.20276070614250338,0.1456358566941293,0.1259375274637524,0.34767525855984005,0.21793731500277036,0.2665777893813537,adequate
internvl3_lingoqa,InternVL3-8B,LingoQA,cos_sim,21,22,non_sdc,5762,75,5762,0,0.0,0.6602447369556561,0.6636542777972991,0.07106760929543063,0.6084132690004826,0.7072400870291811,0.6452811167412831,0.6752003286424645,adequate
internvl3_lingoqa,InternVL3-8B,LingoQA,cos_sim,21,22,non_significant_sdc,1293,70,1293,0,0.0,0.6694603782222808,0.6868436875251623,0.06307829908566889,0.6321581083795299,0.7083214407875424,0.655082351070446,0.6823259254376272,adequate
internvl3_lingoqa,InternVL3-8B,LingoQA,cos_sim,21,22,significant_sdc,433,70,201,232,0.535796766743649,0.09780330787988357,0.08268968046319727,0.12088719407729837,0.0581870543181288,0.09707505309156009,0.07816268449661244,0.12007793439908498,adequate
internvl3_lingoqa,InternVL3-8B,LingoQA,cos_sim,22,23,non_sdc,5762,75,5762,0,0.0,0.7251164976442953,0.7258843719959259,0.05879658540151844,0.6897650139236992,0.761214326257291,0.7125506705644066,0.7380288278384038,adequate
internvl3_lingoqa,InternVL3-8B,LingoQA,cos_sim,22,23,non_significant_sdc,1293,70,1293,0,0.0,0.735104736117888,0.7423632407188415,0.055757601751602937,0.7034100691477457,0.7752543091773987,0.7201653664441855,0.7483276643999374,adequate
internvl3_lingoqa,InternVL3-8B,LingoQA,cos_sim,22,23,significant_sdc,433,69,199,234,0.5404157043879907,0.30071024816778175,0.26101296592731865,0.1236377933340796,0.2544032745823568,0.33030043603206166,0.2821159217678417,0.321314099701851,adequate
internvl3_lingoqa,InternVL3-8B,LingoQA,cos_sim,23,24,non_sdc,5762,75,5762,0,0.0,0.7056112789153329,0.710231442291003,0.05149381928411664,0.6681341813542905,0.7409738078713417,0.6949516003676135,0.7165048169994638,adequate
internvl3_lingoqa,InternVL3-8B,LingoQA,cos_sim,23,24,non_significant_sdc,1293,70,1293,0,0.0,0.7141392189669895,0.7218069647039685,0.046427862935734976,0.6809708898266157,0.7474401387675055,0.7030044138047461,0.7249519871528276,adequate
internvl3_lingoqa,InternVL3-8B,LingoQA,cos_sim,23,24,significant_sdc,433,68,180,253,0.5842956120092379,0.5435593932609404,0.5839517268599297,0.15416439371068322,0.5497320571116038,0.6138599268635925,0.5223051554907285,0.5640901692184932,adequate
internvl3_lingoqa,InternVL3-8B,LingoQA,cos_sim,24,25,non_sdc,5762,75,5762,0,0.0,0.6963621637695723,0.6994265913963318,0.06570573130118526,0.6576834029501135,0.7375024198912656,0.6820893654332283,0.7103692187038648,adequate
internvl3_lingoqa,InternVL3-8B,LingoQA,cos_sim,24,25,non_significant_sdc,1293,70,1293,0,0.0,0.7041196006178421,0.7044461195667585,0.053271184521652505,0.6676548248843143,0.7411931768441812,0.6916470687921837,0.7160883669626866,adequate
internvl3_lingoqa,InternVL3-8B,LingoQA,cos_sim,24,25,significant_sdc,433,67,163,270,0.6235565819861432,0.4793977369158512,0.5338942432890132,0.13938629448496617,0.4546200672582704,0.5453550310767427,0.46008167837040154,0.499026707596741,adequate
internvl3_lingoqa,InternVL3-8B,LingoQA,cos_sim,25,26,non_sdc,5762,75,5762,0,0.0,0.8104738202562377,0.8171144038438798,0.050951448677289214,0.781130010431463,0.8437211710214615,0.7994441957961275,0.8211635344761975,adequate
internvl3_lingoqa,InternVL3-8B,LingoQA,cos_sim,25,26,non_significant_sdc,1293,70,1293,0,0.0,0.8127206447051384,0.8179363443933684,0.04537180574365567,0.7962577087538583,0.842927468234095,0.8032216458570429,0.8212465607749072,adequate
internvl3_lingoqa,InternVL3-8B,LingoQA,cos_sim,25,26,significant_sdc,433,66,160,273,0.6304849884526559,0.3661852260608434,0.3260761706196532,0.16512848525789156,0.2634368360954888,0.44565403187761504,0.33975459469897706,0.3956171689596533,adequate
internvl3_lingoqa,InternVL3-8B,LingoQA,cos_sim,26,27,non_sdc,5762,75,5762,0,0.0,0.966061275084402,0.9688311931159761,0.015167302681042093,0.9616617220640182,0.9741924650246098,0.9627165538941775,0.968993612890316,adequate
internvl3_lingoqa,InternVL3-8B,LingoQA,cos_sim,26,27,non_significant_sdc,1293,70,1293,0,0.0,0.9648872407315142,0.9666948165212359,0.02502910440513447,0.9615857526659966,0.9720148473978043,0.9624390603002022,0.9671768351037525,adequate
internvl3_lingoqa,InternVL3-8B,LingoQA,cos_sim,26,27,significant_sdc,433,61,146,287,0.6628175519630485,0.454551650020006,0.4357234455493032,0.21683022976033292,0.33229387156209167,0.5213569843647431,0.4141610102023269,0.4989569792821739,adequate
llava15_lingoqa,LLaVA-1.5-7B,LingoQA,cos_sim,0,1,non_sdc,7232,75,7232,0,0.0,0.8946822671480033,0.8975741863250732,0.06741590725523672,0.8437543043068477,0.9674378037452698,0.87997586550486,0.9091830319646621,adequate
llava15_lingoqa,LLaVA-1.5-7B,LingoQA,cos_sim,0,1,non_significant_sdc,102,33,102,0,0.0,0.832673636282942,0.8318542674347595,0.04975031905138378,0.8082076935813978,0.8550279662013054,0.8106064193398069,0.856907730020517,adequate
llava15_lingoqa,LLaVA-1.5-7B,LingoQA,cos_sim,0,1,significant_sdc,166,41,59,107,0.6445783132530121,0.22087366562471872,0.08390397441630461,0.3007276595978316,0.07371731482598246,0.10794678041521383,0.15157410760929935,0.29883467811009,adequate
llava15_lingoqa,LLaVA-1.5-7B,LingoQA,cos_sim,1,2,non_sdc,7232,75,7232,0,0.0,0.8604076827038283,0.8740044981241226,0.10353311075796699,0.7777065902948379,0.9637957811355591,0.8376358733951998,0.8826295292428499,adequate
llava15_lingoqa,LLaVA-1.5-7B,LingoQA,cos_sim,1,2,non_significant_sdc,102,33,102,0,0.0,0.7834320491400149,0.7686036806423348,0.07981615178730107,0.73049140919228,0.8601376034996726,0.7544365926916338,0.8168546066222135,adequate
llava15_lingoqa,LLaVA-1.5-7B,LingoQA,cos_sim,1,2,significant_sdc,166,41,57,109,0.6566265060240963,0.29780527474519025,0.2040074972473845,0.23730827648626956,0.1949543706616577,0.21374739676105733,0.24415497553761373,0.3585793401120849,adequate
llava15_lingoqa,LLaVA-1.5-7B,LingoQA,cos_sim,2,3,non_sdc,7232,75,7232,0,0.0,0.8791918533214914,0.8799629062414169,0.07788706018979263,0.8126442432403564,0.9615638256072998,0.8618220469685486,0.8956081425192269,adequate
llava15_lingoqa,LLaVA-1.5-7B,LingoQA,cos_sim,2,3,non_significant_sdc,102,33,102,0,0.0,0.7923774007287395,0.7994597229090603,0.06482938764839331,0.762341745653931,0.8189554051919417,0.7683269954322314,0.8190860099698668,adequate
llava15_lingoqa,LLaVA-1.5-7B,LingoQA,cos_sim,2,3,significant_sdc,166,41,57,109,0.6566265060240963,0.39653522401142477,0.2957629190415752,0.22022454031062091,0.2886643023515234,0.3160053439894501,0.3443006807110602,0.45383659495534345,adequate
llava15_lingoqa,LLaVA-1.5-7B,LingoQA,cos_sim,3,4,non_sdc,7232,75,7232,0,0.0,0.876741636083805,0.8859202861785889,0.07998614583794433,0.8169183455980741,0.9578002095222473,0.8590769874669462,0.8936792945256192,adequate
llava15_lingoqa,LLaVA-1.5-7B,LingoQA,cos_sim,3,4,non_significant_sdc,102,33,102,0,0.0,0.7918544721300281,0.7795137429938597,0.05697293042107405,0.7626796209690522,0.8201027593829415,0.7752719169387774,0.8140695364998108,adequate
llava15_lingoqa,LLaVA-1.5-7B,LingoQA,cos_sim,3,4,significant_sdc,166,41,57,109,0.6566265060240963,0.5735704692331414,0.529878111446605,0.13354629482147806,0.5157712989923905,0.5390754932043503,0.5454388056768128,0.6056502500681383,adequate
llava15_lingoqa,LLaVA-1.5-7B,LingoQA,cos_sim,4,5,non_sdc,7232,75,7232,0,0.0,0.8352952278837016,0.8437777161598206,0.08928345747991126,0.7566132360586413,0.9259558320045471,0.8159567161363197,0.8541653523890758,adequate
llava15_lingoqa,LLaVA-1.5-7B,LingoQA,cos_sim,4,5,non_significant_sdc,102,33,102,0,0.0,0.7533282576587373,0.7407121663647038,0.06813503534804571,0.7073853669726119,0.7972021833062173,0.7301413268930695,0.7801750650783136,adequate
llava15_lingoqa,LLaVA-1.5-7B,LingoQA,cos_sim,4,5,significant_sdc,166,41,57,109,0.6566265060240963,0.54742856855683,0.5148454655189904,0.13108364167307518,0.5065236900533948,0.5238406122947226,0.5171226170058513,0.5809936218417094,adequate
llava15_lingoqa,LLaVA-1.5-7B,LingoQA,cos_sim,5,6,non_sdc,7232,75,7232,0,0.0,0.7903133808279111,0.804636538028717,0.10344828516326428,0.715927745614733,0.8790472894906998,0.7676463693186404,0.8130040633298962,adequate
llava15_lingoqa,LLaVA-1.5-7B,LingoQA,cos_sim,5,6,non_significant_sdc,102,33,102,0,0.0,0.735138663245114,0.7253413842274592,0.08191492935651866,0.6603524330361136,0.8161913630153451,0.6955603883311327,0.7761224840818369,adequate
llava15_lingoqa,LLaVA-1.5-7B,LingoQA,cos_sim,5,6,significant_sdc,166,38,54,112,0.6746987951807228,0.44213868574035725,0.39372554436630136,0.16111211057428204,0.37885502879792937,0.4084860995715978,0.4030027736384133,0.4865509450860719,adequate
llava15_lingoqa,LLaVA-1.5-7B,LingoQA,cos_sim,6,7,non_sdc,7232,75,7232,0,0.0,0.8097641694931585,0.8226819038391113,0.09960830572362278,0.7673941610114915,0.8837887048721313,0.7871283774994716,0.8300424700987795,adequate
llava15_lingoqa,LLaVA-1.5-7B,LingoQA,cos_sim,6,7,non_significant_sdc,102,33,102,0,0.0,0.7495393434753989,0.7481944687704352,0.08106765295826997,0.6662175564893654,0.8242829367518425,0.7111255680575157,0.7934138980571965,adequate
llava15_lingoqa,LLaVA-1.5-7B,LingoQA,cos_sim,6,7,significant_sdc,166,38,54,112,0.6746987951807228,0.43995298218009066,0.3924437204794008,0.18450901414969959,0.379435050472313,0.41005612613291154,0.38890530918314764,0.49060792072216836,adequate
llava15_lingoqa,LLaVA-1.5-7B,LingoQA,cos_sim,7,8,non_sdc,7232,75,7232,0,0.0,0.7646968483908109,0.7741356492042542,0.10582257642367639,0.7076640129089355,0.8462662547826767,0.7411615424997168,0.7869963698364174,adequate
llava15_lingoqa,LLaVA-1.5-7B,LingoQA,cos_sim,7,8,non_significant_sdc,102,33,102,0,0.0,0.7138839354817998,0.7073640302471492,0.08289905262717817,0.6509603734674125,0.7811024237710695,0.6747156009499018,0.7537433979430586,adequate
llava15_lingoqa,LLaVA-1.5-7B,LingoQA,cos_sim,7,8,significant_sdc,166,38,52,114,0.6867469879518072,0.3552416213636705,0.27882376989843893,0.1831843331305967,0.2703394757355658,0.30550949419943657,0.31156399971184673,0.4051347867569077,adequate
llava15_lingoqa,LLaVA-1.5-7B,LingoQA,cos_sim,8,9,non_sdc,7232,75,7232,0,0.0,0.7678243855124669,0.7832703870885512,0.1052537877390045,0.6946982770196853,0.8488694303310834,0.7446959383477029,0.7901665711735801,adequate
llava15_lingoqa,LLaVA-1.5-7B,LingoQA,cos_sim,8,9,non_significant_sdc,102,33,102,0,0.0,0.7124310719107995,0.7086189687252045,0.08011733669578484,0.6481161852750708,0.7777316157113422,0.6725305620097005,0.7519312502601827,adequate
llava15_lingoqa,LLaVA-1.5-7B,LingoQA,cos_sim,8,9,significant_sdc,166,38,50,116,0.6987951807228916,0.2877183378906349,0.20497602452428973,0.20355766629092953,0.18582898655868307,0.24322735685475017,0.23605057619804803,0.3459141024407612,adequate
llava15_lingoqa,LLaVA-1.5-7B,LingoQA,cos_sim,9,10,non_sdc,7232,75,7232,0,0.0,0.8255978592240634,0.8388858875807594,0.0965884422658928,0.7770409137010574,0.9100013375282288,0.8048023389565784,0.8458568929845505,adequate
llava15_lingoqa,LLaVA-1.5-7B,LingoQA,cos_sim,9,10,non_significant_sdc,102,33,102,0,0.0,0.7316731587593753,0.7414143045698356,0.11505310559297072,0.6665346721719418,0.8398288078606129,0.6686886705814219,0.791315203833439,adequate
llava15_lingoqa,LLaVA-1.5-7B,LingoQA,cos_sim,9,10,significant_sdc,166,37,48,118,0.7108433734939759,0.2690985838478169,0.15007923465526227,0.2543211171295549,0.13234227616339922,0.20356744379565422,0.204134888402151,0.3422721231615059,adequate
llava15_lingoqa,LLaVA-1.5-7B,LingoQA,cos_sim,10,11,non_sdc,7232,75,7232,0,0.0,0.7146413053552342,0.7255339473485947,0.11855682022145933,0.6625334471464157,0.8101555148760478,0.6881338141865121,0.7393965523525582,adequate
llava15_lingoqa,LLaVA-1.5-7B,LingoQA,cos_sim,10,11,non_significant_sdc,102,33,102,0,0.0,0.71958051662297,0.7116606682538986,0.09890176839191119,0.6443424488284758,0.8099650835188535,0.6711827857476481,0.768905815714956,adequate
llava15_lingoqa,LLaVA-1.5-7B,LingoQA,cos_sim,10,11,significant_sdc,166,36,47,119,0.7168674698795181,0.2071594524734711,0.09849956472005163,0.23705519429614513,0.07923577049252939,0.1252984790112443,0.14856213069146368,0.27654429234313954,adequate
llava15_lingoqa,LLaVA-1.5-7B,LingoQA,cos_sim,11,12,non_sdc,7232,75,7232,0,0.0,0.7180129885931936,0.7299807667732239,0.10094254809460537,0.6552110612392426,0.788878504719053,0.695774898829431,0.738674257798674,adequate
llava15_lingoqa,LLaVA-1.5-7B,LingoQA,cos_sim,11,12,non_significant_sdc,102,33,102,0,0.0,0.700824629619954,0.7082267243128556,0.101241039294818,0.6228857618205401,0.7898181251117161,0.6412936068786972,0.754893727145527,adequate
llava15_lingoqa,LLaVA-1.5-7B,LingoQA,cos_sim,11,12,significant_sdc,166,34,44,122,0.7349397590361446,0.2268156711120974,0.15186978658965353,0.230466928367855,0.07768003015341807,0.2052699352462529,0.1689180910305358,0.292543643783681,adequate
llava15_lingoqa,LLaVA-1.5-7B,LingoQA,cos_sim,12,13,non_sdc,7232,75,7232,0,0.0,0.7272536635265615,0.7436559319496154,0.09512201334669242,0.6675703883171081,0.7985712024900649,0.7064826558664207,0.7470775288907747,adequate
llava15_lingoqa,LLaVA-1.5-7B,LingoQA,cos_sim,12,13,non_significant_sdc,102,33,102,0,0.0,0.6977224039020884,0.6909456879777067,0.10305705640852401,0.6316604232415557,0.7822863747189929,0.6417880133283544,0.7534859743222351,adequate
llava15_lingoqa,LLaVA-1.5-7B,LingoQA,cos_sim,12,13,significant_sdc,166,34,44,122,0.7349397590361446,0.2544350826611963,0.18783105339626877,0.20397921010839282,0.1252186988119264,0.24164819960691492,0.20329841106199636,0.31363473654783136,adequate
llava15_lingoqa,LLaVA-1.5-7B,LingoQA,cos_sim,13,14,non_sdc,7232,75,7232,0,0.0,0.7481073388359616,0.767810171842575,0.08602636549684974,0.7038976907730102,0.8102611814226423,0.7291483586947615,0.7657148051274294,adequate
llava15_lingoqa,LLaVA-1.5-7B,LingoQA,cos_sim,13,14,non_significant_sdc,102,33,102,0,0.0,0.6961058046510336,0.7045483226195359,0.11093733817808138,0.6228522844612598,0.7825571725314313,0.6303241887371286,0.7562900622339066,adequate
llava15_lingoqa,LLaVA-1.5-7B,LingoQA,cos_sim,13,14,significant_sdc,166,34,44,122,0.7349397590361446,0.0817613939525209,-0.035956835389441374,0.30481244812675057,-0.1160183561566685,0.012807965131883486,0.0033029524691387114,0.16944430429482443,adequate
llava15_lingoqa,LLaVA-1.5-7B,LingoQA,cos_sim,14,15,non_sdc,7232,75,7232,0,0.0,0.7769410738597569,0.8042523089577169,0.0980466434402486,0.7179103121161461,0.8527487516403198,0.755590730745388,0.7971913390787809,adequate
llava15_lingoqa,LLaVA-1.5-7B,LingoQA,cos_sim,14,15,non_significant_sdc,102,33,102,0,0.0,0.7036704311630665,0.7059109947898171,0.12459131541457527,0.6249358294349091,0.8171847462654114,0.6309047554196163,0.7730369266455601,adequate
llava15_lingoqa,LLaVA-1.5-7B,LingoQA,cos_sim,14,15,significant_sdc,166,32,41,125,0.7530120481927711,0.4326865500922278,0.3929263633124682,0.17022646885292678,0.3465234217595081,0.46215854372297016,0.3827672343252352,0.4842584053558121,adequate
llava15_lingoqa,LLaVA-1.5-7B,LingoQA,cos_sim,15,16,non_sdc,7232,75,7232,0,0.0,0.7486237120840392,0.7829007506370544,0.11156261271640303,0.7037199646234512,0.8246497511863708,0.7231670816617152,0.7715837547187981,adequate
llava15_lingoqa,LLaVA-1.5-7B,LingoQA,cos_sim,15,16,non_significant_sdc,102,33,102,0,0.0,0.7066327587385716,0.7149704144551203,0.10372447280956407,0.6014103173952678,0.804022150257459,0.6506003251307554,0.7590338541158359,adequate
llava15_lingoqa,LLaVA-1.5-7B,LingoQA,cos_sim,15,16,significant_sdc,166,31,40,126,0.7590361445783133,0.14030082431343552,-0.006534253171055901,0.292383926934357,-0.03151865792935904,0.09829371603315368,0.06158966370825762,0.22753729440050868,adequate
llava15_lingoqa,LLaVA-1.5-7B,LingoQA,cos_sim,16,17,non_sdc,7232,75,7232,0,0.0,0.717722471160335,0.7476162910461426,0.12382388467126647,0.6670295411691803,0.8097940683364868,0.6904275160681925,0.7436650236360384,adequate
llava15_lingoqa,LLaVA-1.5-7B,LingoQA,cos_sim,16,17,non_significant_sdc,102,33,102,0,0.0,0.6607021831130678,0.6625940203666687,0.14770921371873896,0.5417467424774478,0.7726683712968923,0.5878749703688182,0.7307699777442127,adequate
llava15_lingoqa,LLaVA-1.5-7B,LingoQA,cos_sim,16,17,significant_sdc,166,29,37,129,0.7771084337349398,0.22978469399220833,0.14810704743983794,0.25830589788293196,0.1094563896862828,0.24604934453964233,0.15677612252574652,0.30644486036167423,underpowered
llava15_lingoqa,LLaVA-1.5-7B,LingoQA,cos_sim,17,18,non_sdc,7232,75,7232,0,0.0,0.8025086229453868,0.8147745430469513,0.08934607427087543,0.7335973848899205,0.8736826727787653,0.7834254865986905,0.8206182694600026,adequate
llava15_lingoqa,LLaVA-1.5-7B,LingoQA,cos_sim,17,18,non_significant_sdc,102,33,102,0,0.0,0.7221478291030639,0.7091397362095968,0.09897479299286371,0.6409848089120826,0.8007656186819077,0.6807748388016677,0.7643384173944253,adequate
llava15_lingoqa,LLaVA-1.5-7B,LingoQA,cos_sim,17,18,significant_sdc,166,29,37,129,0.7771084337349398,0.4917929480242063,0.48725359293879295,0.20938235908214195,0.4437335559300014,0.5330905169248581,0.42346773617502137,0.5534603425057882,underpowered
llava15_lingoqa,LLaVA-1.5-7B,LingoQA,cos_sim,18,19,non_sdc,7232,75,7232,0,0.0,0.7568036756186398,0.7808818171421688,0.0937985051358687,0.7029643960297107,0.8279853509022639,0.7357716633343231,0.7763700825271355,adequate
llava15_lingoqa,LLaVA-1.5-7B,LingoQA,cos_sim,18,19,non_significant_sdc,102,33,102,0,0.0,0.7062313867643936,0.6985293609591631,0.10609880384073188,0.6060640456116929,0.7961587485941973,0.6552645462139549,0.759183709257566,adequate
llava15_lingoqa,LLaVA-1.5-7B,LingoQA,cos_sim,18,19,significant_sdc,166,28,35,131,0.7891566265060241,0.5097156172026875,0.5110168353635438,0.15368768928818907,0.4679791956227653,0.5446334905466255,0.45476755520517287,0.5606874564867954,underpowered
llava15_lingoqa,LLaVA-1.5-7B,LingoQA,cos_sim,19,20,non_sdc,7232,75,7232,0,0.0,0.7831207910680544,0.8027016123135885,0.08635409574678699,0.7380310818552971,0.8423426151275635,0.7639923400099443,0.8009895531624123,adequate
llava15_lingoqa,LLaVA-1.5-7B,LingoQA,cos_sim,19,20,non_significant_sdc,102,33,102,0,0.0,0.7354315980320819,0.7524253737467985,0.07502655946524305,0.6712755655147591,0.792757297200816,0.7022301859232701,0.7658225099144769,adequate
llava15_lingoqa,LLaVA-1.5-7B,LingoQA,cos_sim,19,20,significant_sdc,166,28,34,132,0.7951807228915663,0.5879450778612848,0.6071778423323924,0.2144736822460137,0.5487275530907268,0.7266592592904333,0.5127147041643653,0.654111919170769,underpowered
llava15_lingoqa,LLaVA-1.5-7B,LingoQA,cos_sim,20,21,non_sdc,7232,75,7232,0,0.0,0.7795882382095795,0.7948164367056512,0.09772614670388055,0.7268488645553589,0.8496115411130282,0.7583880282261947,0.7998549132444261,adequate
llava15_lingoqa,LLaVA-1.5-7B,LingoQA,cos_sim,20,21,non_significant_sdc,102,33,102,0,0.0,0.7239593627439344,0.75848910483447,0.08973975509804175,0.6780339496172204,0.8040972550710043,0.6862020546610713,0.7567745648191495,adequate
llava15_lingoqa,LLaVA-1.5-7B,LingoQA,cos_sim,20,21,significant_sdc,166,28,34,132,0.7951807228915663,0.44256902704578255,0.3941971346431849,0.16239021014849467,0.33971912710338226,0.4609595185944012,0.39523033517810136,0.5021377310297325,underpowered
llava15_lingoqa,LLaVA-1.5-7B,LingoQA,cos_sim,21,22,non_sdc,7232,75,7232,0,0.0,0.8263560921385891,0.8361739168564479,0.08024857651979399,0.7668689837058384,0.8814552409781351,0.8089007653405816,0.8428111265747027,adequate
llava15_lingoqa,LLaVA-1.5-7B,LingoQA,cos_sim,21,22,non_significant_sdc,102,33,102,0,0.0,0.7643649551804539,0.7559103054158828,0.0788230075843159,0.7193695698830309,0.8358655950675408,0.7264353234015825,0.803986914318197,adequate
llava15_lingoqa,LLaVA-1.5-7B,LingoQA,cos_sim,21,22,significant_sdc,166,27,33,133,0.8012048192771084,0.5525986633587059,0.5163716172077217,0.16941892642940815,0.46010824308103443,0.6420628428459167,0.49745147734135636,0.6105755527102321,underpowered
llava15_lingoqa,LLaVA-1.5-7B,LingoQA,cos_sim,22,23,non_sdc,7232,75,7232,0,0.0,0.7381578627354828,0.7435191571712494,0.09682244748683165,0.6756083071231842,0.8169388771057129,0.7173549867992186,0.7578881281330583,adequate
llava15_lingoqa,LLaVA-1.5-7B,LingoQA,cos_sim,22,23,non_significant_sdc,102,33,102,0,0.0,0.6701763632725863,0.6930254548788071,0.10890929197850234,0.5819862919802569,0.7615902511910959,0.6211001006878853,0.7169146152938995,adequate
llava15_lingoqa,LLaVA-1.5-7B,LingoQA,cos_sim,22,23,significant_sdc,166,26,32,134,0.8072289156626506,0.5813357214869088,0.6267321074799616,0.17057405634480152,0.5658550385166616,0.6737544337401584,0.5150997078495482,0.6371698909640368,underpowered
llava15_lingoqa,LLaVA-1.5-7B,LingoQA,cos_sim,23,24,non_sdc,7232,75,7232,0,0.0,0.8101276942473286,0.8184419870376587,0.07642292325672213,0.7634324835879462,0.8666190356016159,0.7947754023994527,0.8252510084511542,adequate
llava15_lingoqa,LLaVA-1.5-7B,LingoQA,cos_sim,23,24,non_significant_sdc,102,33,102,0,0.0,0.768280786197142,0.773537250665518,0.06800244184470085,0.7140568920544216,0.8291495189070702,0.7422165929604426,0.7929348952068828,adequate
llava15_lingoqa,LLaVA-1.5-7B,LingoQA,cos_sim,23,24,significant_sdc,166,26,32,134,0.8072289156626506,0.6674871714245376,0.7083634734153748,0.16610497793984014,0.6637947127791559,0.7372054581989904,0.6014967794985578,0.7217330539937639,underpowered
llava15_lingoqa,LLaVA-1.5-7B,LingoQA,cos_sim,24,25,non_sdc,7232,75,7232,0,0.0,0.7286047575827161,0.747179365158081,0.12034453600586734,0.642831102013588,0.8168100210336539,0.7037008030528498,0.7528028937535257,adequate
llava15_lingoqa,LLaVA-1.5-7B,LingoQA,cos_sim,24,25,non_significant_sdc,102,33,102,0,0.0,0.6508931314437688,0.6962084013682146,0.12475979440259316,0.5307276972478965,0.752656985933964,0.5935965969922775,0.6999536978809148,adequate
llava15_lingoqa,LLaVA-1.5-7B,LingoQA,cos_sim,24,25,significant_sdc,166,25,31,135,0.8132530120481928,0.28992356599460395,0.20048748139215974,0.21020750901784158,0.16293175754194356,0.3429561621792938,0.22215927516813322,0.3611075671542352,underpowered
llava15_lingoqa,LLaVA-1.5-7B,LingoQA,cos_sim,25,26,non_sdc,7232,75,7232,0,0.0,0.8312111587526899,0.8476117923855782,0.06740901517275222,0.8023913933762482,0.879352755844593,0.8167393915804564,0.8447813490101477,adequate
llava15_lingoqa,LLaVA-1.5-7B,LingoQA,cos_sim,25,26,non_significant_sdc,102,33,102,0,0.0,0.785850363359981,0.7701410173571536,0.0645328554568898,0.7330597541009893,0.8473806492984295,0.7591362206205304,0.8147490589566707,adequate
llava15_lingoqa,LLaVA-1.5-7B,LingoQA,cos_sim,25,26,significant_sdc,166,25,31,135,0.8132530120481928,0.6567751058242476,0.6831824803838924,0.15197834496449644,0.6502595990896225,0.7104382064877725,0.5999303863528493,0.7015991633117802,underpowered
llava15_lingoqa,LLaVA-1.5-7B,LingoQA,cos_sim,26,27,non_sdc,7232,75,7232,0,0.0,0.8311535544364743,0.8472045723881041,0.10947871254495448,0.7627351834223821,0.9311544448137283,0.8070260723634166,0.8543514646519903,adequate
llava15_lingoqa,LLaVA-1.5-7B,LingoQA,cos_sim,26,27,non_significant_sdc,102,33,102,0,0.0,0.7094916310291037,0.7430636550371463,0.11251476753815166,0.6179950489681595,0.760390393435955,0.669861299970831,0.7487566418151297,adequate
llava15_lingoqa,LLaVA-1.5-7B,LingoQA,cos_sim,26,27,significant_sdc,166,23,29,137,0.8253012048192772,0.5685736194095151,0.5834232164280755,0.21871294969333768,0.4871699763652013,0.709219041071376,0.48647177028169525,0.6424338722419991,underpowered
llava15_lingoqa,LLaVA-1.5-7B,LingoQA,cos_sim,27,28,non_sdc,7232,75,7232,0,0.0,0.8157055831753409,0.8362535255796769,0.08950246738914283,0.7740048923913171,0.8831945285201073,0.7970638166729418,0.8329247992863787,adequate
llava15_lingoqa,LLaVA-1.5-7B,LingoQA,cos_sim,27,28,non_significant_sdc,102,33,102,0,0.0,0.7292001297668531,0.7170487476082948,0.10493915623060661,0.6920689154340296,0.8108836798713757,0.6979382977654806,0.7610884498577267,adequate
llava15_lingoqa,LLaVA-1.5-7B,LingoQA,cos_sim,27,28,significant_sdc,166,21,24,142,0.8554216867469879,0.5400688596046371,0.5929541054884998,0.21805473260725833,0.5474293659612232,0.6389138231206001,0.4498583791858587,0.6189054650688761,underpowered
llava15_lingoqa,LLaVA-1.5-7B,LingoQA,cos_sim,28,29,non_sdc,7232,75,7232,0,0.0,0.8284583529608761,0.8456402063369751,0.06415098764339486,0.7973433931668599,0.8741256296634674,0.8162322714084357,0.8397285541459173,adequate
llava15_lingoqa,LLaVA-1.5-7B,LingoQA,cos_sim,28,29,non_significant_sdc,102,33,102,0,0.0,0.775041869754496,0.7738907908906743,0.09307938373177753,0.7390747998769467,0.8405329497023062,0.7450631049198053,0.8035355556469258,adequate
llava15_lingoqa,LLaVA-1.5-7B,LingoQA,cos_sim,28,29,significant_sdc,166,20,22,144,0.8674698795180723,0.6397292539507445,0.6990516477701615,0.22173901514546002,0.6339541015272238,0.7686265797621491,0.5392915939586657,0.7226253914224443,underpowered
llava15_lingoqa,LLaVA-1.5-7B,LingoQA,cos_sim,29,30,non_sdc,7232,75,7232,0,0.0,0.8501924118382638,0.8594606466153089,0.06237558669223595,0.8182838926712672,0.8961387276649475,0.8381668245612064,0.861619786688051,adequate
llava15_lingoqa,LLaVA-1.5-7B,LingoQA,cos_sim,29,30,non_significant_sdc,102,33,102,0,0.0,0.7488987870191011,0.780965944942163,0.11990510970866387,0.7258973808586597,0.8352815390779422,0.719105988169648,0.7670308734077312,adequate
llava15_lingoqa,LLaVA-1.5-7B,LingoQA,cos_sim,29,30,significant_sdc,166,17,19,147,0.8855421686746988,0.613115063117135,0.682969639247114,0.2535058337399594,0.6164814506714442,0.7552483975887299,0.4865591559673043,0.7134808867605906,underpowered
llava15_lingoqa,LLaVA-1.5-7B,LingoQA,cos_sim,30,31,non_sdc,7232,75,7232,0,0.0,0.8893533101832966,0.8965758979320526,0.06096152293388864,0.8554570227861404,0.9381018355488777,0.8762497812616905,0.9015234544691163,adequate
llava15_lingoqa,LLaVA-1.5-7B,LingoQA,cos_sim,30,31,non_significant_sdc,102,33,102,0,0.0,0.8119354949032365,0.8222937249407476,0.09418756667508807,0.7831184663451635,0.8614710269423274,0.7833544647495453,0.8339731215867744,adequate
llava15_lingoqa,LLaVA-1.5-7B,LingoQA,cos_sim,30,31,significant_sdc,166,11,12,154,0.927710843373494,0.6986100650615893,0.8149204039970017,0.25187684937086396,0.6467632129788399,0.8574482667304221,0.5566429432921625,0.8305104049031555,underpowered
