metric,src_layer,tgt_layer,sdc_group,task_count,macro_mean_value,task_std_value
abs_mean_diff,0,1,non_sdc,9,0.010329658747372072,0.006507569595355438
abs_mean_diff,0,1,non_significant_sdc,9,0.010437345575238639,0.00639895232742383
abs_mean_diff,0,1,significant_sdc,9,5.28505792710187e+29,1.0543481367108331e+30
abs_mean_diff,1,2,non_sdc,9,0.007652505560246183,0.0029047095715556115
abs_mean_diff,1,2,non_significant_sdc,9,0.00774141141880321,0.002719411014724578
abs_mean_diff,1,2,significant_sdc,9,1.3667854635846294e+28,1.9053632631213416e+28
abs_mean_diff,2,3,non_sdc,9,0.009124846482443785,0.0021627583467720307
abs_mean_diff,2,3,non_significant_sdc,9,0.0092695596439793,0.002138026924221959
abs_mean_diff,2,3,significant_sdc,9,3.827606307745645e+28,5.437392221968318e+28
abs_mean_diff,3,4,non_sdc,9,0.011038348524334041,0.0030106628375764417
abs_mean_diff,3,4,non_significant_sdc,9,0.011244600596941429,0.00288068170338414
abs_mean_diff,3,4,significant_sdc,9,5.30996346971349e+28,6.949900408225525e+28
abs_mean_diff,4,5,non_sdc,9,0.010300281452494377,0.0038159897987713708
abs_mean_diff,4,5,non_significant_sdc,9,0.009759292466259893,0.0042512554041056
abs_mean_diff,4,5,significant_sdc,9,8.32789235084258e+29,2.1786776839477492e+30
abs_mean_diff,5,6,non_sdc,9,0.011209400108786124,0.005765313599996337
abs_mean_diff,5,6,non_significant_sdc,9,0.01171947372798147,0.005863769702970177
abs_mean_diff,5,6,significant_sdc,9,3.70461223485361e+29,7.391921853827234e+29
abs_mean_diff,6,7,non_sdc,9,0.014740133279450174,0.004391547723065234
abs_mean_diff,6,7,non_significant_sdc,9,0.014463491976729042,0.004646046835555133
abs_mean_diff,6,7,significant_sdc,9,2.951360942557572e+29,6.353343284056659e+29
abs_mean_diff,7,8,non_sdc,9,0.014194754549646638,0.006215854065243502
abs_mean_diff,7,8,non_significant_sdc,9,0.014949542667738604,0.005228274739814489
abs_mean_diff,7,8,significant_sdc,9,3.640506114665753e+28,6.976747402595642e+28
abs_mean_diff,8,9,non_sdc,9,0.01734786410116442,0.008517897240333729
abs_mean_diff,8,9,non_significant_sdc,9,0.01763274802896355,0.008258265221175272
abs_mean_diff,8,9,significant_sdc,9,4.7331356380229244e+29,8.459641490002439e+29
abs_mean_diff,9,10,non_sdc,9,0.01691689336619113,0.007654554867832844
abs_mean_diff,9,10,non_significant_sdc,9,0.016787950823594012,0.0077594930253644025
abs_mean_diff,9,10,significant_sdc,9,5.151376570901264e+30,1.5173074771062087e+31
abs_mean_diff,10,11,non_sdc,9,0.016909139917110773,0.005425866145062917
abs_mean_diff,10,11,non_significant_sdc,9,0.017266407715616775,0.00543250383966756
abs_mean_diff,10,11,significant_sdc,9,4.58963202364466e+29,8.505927436345734e+29
abs_mean_diff,11,12,non_sdc,9,0.018207957011150896,0.005501993431547905
abs_mean_diff,11,12,non_significant_sdc,9,0.017613435004357327,0.00669535064870759
abs_mean_diff,11,12,significant_sdc,9,9.608877251772729e+29,2.523084392945664e+30
abs_mean_diff,12,13,non_sdc,9,0.020167963566908004,0.006045261201702473
abs_mean_diff,12,13,non_significant_sdc,9,0.01992253305141488,0.00673860900558699
abs_mean_diff,12,13,significant_sdc,9,1.433509842590688e+29,2.5234626746238614e+29
abs_mean_diff,13,14,non_sdc,9,0.01984427935892602,0.006234496279431469
abs_mean_diff,13,14,non_significant_sdc,9,0.019462752215236776,0.006599826482455376
abs_mean_diff,13,14,significant_sdc,9,2.5004640033379387e+28,5.381792187654255e+28
abs_mean_diff,14,15,non_sdc,9,0.019948387105765842,0.006014646111780969
abs_mean_diff,14,15,non_significant_sdc,9,0.020235905675521533,0.005458545719705577
abs_mean_diff,14,15,significant_sdc,9,2.3153237380954296e+29,6.785346214683527e+29
abs_mean_diff,15,16,non_sdc,9,0.02147136005077738,0.007003871395589158
abs_mean_diff,15,16,non_significant_sdc,9,0.020985087164475058,0.006742398531903586
abs_mean_diff,15,16,significant_sdc,9,4.159979467143586e+28,6.5101178597629e+28
abs_mean_diff,16,17,non_sdc,9,0.021879637682333992,0.007148064529019729
abs_mean_diff,16,17,non_significant_sdc,9,0.02313308286854915,0.006305204121771071
abs_mean_diff,16,17,significant_sdc,9,1.6664189886814568e+29,3.386654499850576e+29
abs_mean_diff,17,18,non_sdc,9,0.025880662355306616,0.009927971646888667
abs_mean_diff,17,18,non_significant_sdc,9,0.026227512719920403,0.009501177234371876
abs_mean_diff,17,18,significant_sdc,9,2.4012060839874305e+29,2.752913425953534e+29
abs_mean_diff,18,19,non_sdc,9,0.030754741560012486,0.014889179724956948
abs_mean_diff,18,19,non_significant_sdc,9,0.0305079711169788,0.014564364507390315
abs_mean_diff,18,19,significant_sdc,9,4.884691881563541e+29,1.1202614624017806e+30
abs_mean_diff,19,20,non_sdc,9,0.03183374877183291,0.015540440671360593
abs_mean_diff,19,20,non_significant_sdc,9,0.031924421368534094,0.01462120951356864
abs_mean_diff,19,20,significant_sdc,9,1.6509279025943216e+29,3.7484589172576864e+29
abs_mean_diff,20,21,non_sdc,9,0.03803876945674314,0.016854629806801857
abs_mean_diff,20,21,non_significant_sdc,9,0.037464561877519245,0.016735803329417594
abs_mean_diff,20,21,significant_sdc,9,1.465241139014573e+30,4.309389527340645e+30
abs_mean_diff,21,22,non_sdc,9,0.040141245704474304,0.022068313943469423
abs_mean_diff,21,22,non_significant_sdc,9,0.03903468755110867,0.02084842669190713
abs_mean_diff,21,22,significant_sdc,9,2.9088178061799095e+29,4.79811755578688e+29
abs_mean_diff,22,23,non_sdc,9,0.043118364579669555,0.018616901022583832
abs_mean_diff,22,23,non_significant_sdc,9,0.04476879450712353,0.01628411929610019
abs_mean_diff,22,23,significant_sdc,9,2.4572092823703993e+29,3.694886914063439e+29
abs_mean_diff,23,24,non_sdc,9,0.04373614821815791,0.022472646542132158
abs_mean_diff,23,24,non_significant_sdc,9,0.044846618282207,0.021597342485161413
abs_mean_diff,23,24,significant_sdc,9,1.7168895540559884e+30,3.2900127208976394e+30
abs_mean_diff,24,25,non_sdc,9,0.04940910331252541,0.029928288534432138
abs_mean_diff,24,25,non_significant_sdc,9,0.050201307939663896,0.02950599556571499
abs_mean_diff,24,25,significant_sdc,9,1.0846579178624132e+28,2.2620973482740147e+28
abs_mean_diff,25,26,non_sdc,9,0.05847563741201925,0.03544061223484731
abs_mean_diff,25,26,non_significant_sdc,9,0.058508577942239105,0.03487150834787042
abs_mean_diff,25,26,significant_sdc,9,1.3268400548287945e+30,3.560928753238506e+30
abs_mean_diff,26,27,non_sdc,9,0.08112023837212927,0.05297325820905521
abs_mean_diff,26,27,non_significant_sdc,9,0.08110027428369916,0.05324569502592613
abs_mean_diff,26,27,significant_sdc,9,1.1153699197669298e+29,3.1175597086735322e+29
abs_mean_diff,27,28,non_sdc,3,0.015890942523888323,0.005697454474084728
abs_mean_diff,27,28,non_significant_sdc,3,0.017221496612727174,0.006085258311861229
abs_mean_diff,27,28,significant_sdc,3,0.031725000219511613,0.008854513965582797
abs_mean_diff,28,29,non_sdc,3,0.01735743351937995,0.005171742747845778
abs_mean_diff,28,29,non_significant_sdc,3,0.020847364639586485,0.004946078686052758
abs_mean_diff,28,29,significant_sdc,3,0.03621234729683163,0.012449178651736451
abs_mean_diff,29,30,non_sdc,3,0.01941479088277443,0.005520053088754853
abs_mean_diff,29,30,non_significant_sdc,3,0.020100934646560212,0.0027705838139569913
abs_mean_diff,29,30,significant_sdc,3,0.03623443461146245,0.00728140999003797
abs_mean_diff,30,31,non_sdc,3,0.016927966882695433,0.0035067893849652534
abs_mean_diff,30,31,non_significant_sdc,3,0.028316559054162905,0.004790616626174337
abs_mean_diff,30,31,significant_sdc,3,0.05422373102724785,0.014567711839709603
abs_std_diff,0,1,non_sdc,9,0.05307908615801322,0.01888698461365963
abs_std_diff,0,1,non_significant_sdc,9,0.05311124133896008,0.018395994068354057
abs_std_diff,0,1,significant_sdc,9,1.1669101466790151e+31,3.0529311861950983e+31
abs_std_diff,1,2,non_sdc,9,0.02627169528815788,0.002862436079850461
abs_std_diff,1,2,non_significant_sdc,9,0.025693695357542137,0.003932193380871683
abs_std_diff,1,2,significant_sdc,9,1.8863376848285337e+29,2.935704123239048e+29
abs_std_diff,2,3,non_sdc,9,0.026286411626068314,0.005217443526133238
abs_std_diff,2,3,non_significant_sdc,9,0.025700112884594145,0.003865315009358611
abs_std_diff,2,3,significant_sdc,9,7.93954049300887e+29,1.3756900481463766e+30
abs_std_diff,3,4,non_sdc,9,0.03496169651096011,0.00819696164742951
abs_std_diff,3,4,non_significant_sdc,9,0.03649364760934598,0.007887709497489709
abs_std_diff,3,4,significant_sdc,9,1.1173914162107703e+30,2.5437562186083606e+30
abs_std_diff,4,5,non_sdc,9,0.03538688382852332,0.0057394269114722524
abs_std_diff,4,5,non_significant_sdc,9,0.033948495118866016,0.008391029631088955
abs_std_diff,4,5,significant_sdc,9,5.62353490285431e+30,1.3110576243048782e+31
abs_std_diff,5,6,non_sdc,9,0.026024259917410187,0.003660128872408038
abs_std_diff,5,6,non_significant_sdc,9,0.02594391971547678,0.0045687971545043575
abs_std_diff,5,6,significant_sdc,9,3.74567291888243e+30,4.695905083649382e+30
abs_std_diff,6,7,non_sdc,9,0.03201851716545064,0.00993508652005059
abs_std_diff,6,7,non_significant_sdc,9,0.03037361172778126,0.006726614203657889
abs_std_diff,6,7,significant_sdc,9,1.7958279730583206e+30,2.835268652946729e+30
abs_std_diff,7,8,non_sdc,9,0.03404303084430352,0.005615325666198545
abs_std_diff,7,8,non_significant_sdc,9,0.033113973520182714,0.004829133985498497
abs_std_diff,7,8,significant_sdc,9,6.44776691892967e+29,1.5239625490631918e+30
abs_std_diff,8,9,non_sdc,9,0.03329449958528107,0.008645558588676338
abs_std_diff,8,9,non_significant_sdc,9,0.03204068091236274,0.010784613531172795
abs_std_diff,8,9,significant_sdc,9,3.1391471235445745e+30,5.376355422346819e+30
abs_std_diff,9,10,non_sdc,9,0.03885914845598701,0.007947502187113525
abs_std_diff,9,10,non_significant_sdc,9,0.03645870361409695,0.005960786939220851
abs_std_diff,9,10,significant_sdc,9,2.5537620374681506e+31,7.118199384294847e+31
abs_std_diff,10,11,non_sdc,9,0.0318518115597216,0.00550154739299809
abs_std_diff,10,11,non_significant_sdc,9,0.032326304336251305,0.005647342977989779
abs_std_diff,10,11,significant_sdc,9,3.776350292967442e+30,7.577272878890749e+30
abs_std_diff,11,12,non_sdc,9,0.03538503241244746,0.01084995712948788
abs_std_diff,11,12,non_significant_sdc,9,0.03463654952486257,0.010610464279356652
abs_std_diff,11,12,significant_sdc,9,2.332545544155216e+31,6.3449413468025235e+31
abs_std_diff,12,13,non_sdc,9,0.040811628537325256,0.010102606986770263
abs_std_diff,12,13,non_significant_sdc,9,0.037773835614095724,0.01154727438916149
abs_std_diff,12,13,significant_sdc,9,1.1756754954098794e+30,2.086760334854053e+30
abs_std_diff,13,14,non_sdc,9,0.03318663682962833,0.006927005738630284
abs_std_diff,13,14,non_significant_sdc,9,0.03235027318675724,0.006185712800286354
abs_std_diff,13,14,significant_sdc,9,1.904464239700538e+29,3.353327891186953e+29
abs_std_diff,14,15,non_sdc,9,0.03166413924140074,0.006210702173343374
abs_std_diff,14,15,non_significant_sdc,9,0.03526315330683608,0.011738819383188532
abs_std_diff,14,15,significant_sdc,9,1.7888492713574892e+30,5.002614461558077e+30
abs_std_diff,15,16,non_sdc,9,0.035605069741337154,0.008478900758095341
abs_std_diff,15,16,non_significant_sdc,9,0.0354787455214379,0.008356213882292853
abs_std_diff,15,16,significant_sdc,9,7.084302599087967e+29,1.0232167227850101e+30
abs_std_diff,16,17,non_sdc,9,0.043943214246526106,0.012585517081373473
abs_std_diff,16,17,non_significant_sdc,9,0.044348375710886824,0.016128666625762685
abs_std_diff,16,17,significant_sdc,9,2.739012431677391e+30,5.456370125221777e+30
abs_std_diff,17,18,non_sdc,9,0.05158880068951408,0.018518216947087572
abs_std_diff,17,18,non_significant_sdc,9,0.056719337315165395,0.015413676883731717
abs_std_diff,17,18,significant_sdc,9,2.5797201442852777e+30,3.270899536903072e+30
abs_std_diff,18,19,non_sdc,9,0.06625779823544042,0.02136169147909271
abs_std_diff,18,19,non_significant_sdc,9,0.06738569578935032,0.02239352471557499
abs_std_diff,18,19,significant_sdc,9,2.396069873954154e+30,4.321500989230573e+30
abs_std_diff,19,20,non_sdc,9,0.05917921450094299,0.030262008467293853
abs_std_diff,19,20,non_significant_sdc,9,0.06363933328631316,0.028804792278235045
abs_std_diff,19,20,significant_sdc,9,1.2915669895454472e+30,2.716091261194308e+30
abs_std_diff,20,21,non_sdc,9,0.11041670759755821,0.057710293368513695
abs_std_diff,20,21,non_significant_sdc,9,0.10415386194658686,0.06237217830081924
abs_std_diff,20,21,significant_sdc,9,1.2793288195211334e+31,3.7027703187120563e+31
abs_std_diff,21,22,non_sdc,9,0.08772901478833217,0.05214793374882964
abs_std_diff,21,22,non_significant_sdc,9,0.0843418500305897,0.04475224992171121
abs_std_diff,21,22,significant_sdc,9,3.593864547765913e+30,5.981447376790347e+30
abs_std_diff,22,23,non_sdc,9,0.10855945216891727,0.05424593863829181
abs_std_diff,22,23,non_significant_sdc,9,0.11333433327402055,0.05523036946214603
abs_std_diff,22,23,significant_sdc,9,3.075658706819748e+30,4.688300740154718e+30
abs_std_diff,23,24,non_sdc,9,0.10295771105410023,0.0560779761127988
abs_std_diff,23,24,non_significant_sdc,9,0.10325884756182117,0.05610730684157902
abs_std_diff,23,24,significant_sdc,9,2.3022324792133943e+31,5.069243853723502e+31
abs_std_diff,24,25,non_sdc,9,0.1317115754464011,0.059403348297512384
abs_std_diff,24,25,non_significant_sdc,9,0.1366262229000681,0.057457894038480437
abs_std_diff,24,25,significant_sdc,9,1.6067399613260875e+29,3.1306175144439754e+29
abs_std_diff,25,26,non_sdc,9,0.13087170396343983,0.08648782259269079
abs_std_diff,25,26,non_significant_sdc,9,0.12872592717041093,0.08119622014668222
abs_std_diff,25,26,significant_sdc,9,4.879980465516328e+30,1.0515305048207047e+31
abs_std_diff,26,27,non_sdc,9,0.22126871472634305,0.15955349570839886
abs_std_diff,26,27,non_significant_sdc,9,0.23852557493249846,0.16143894156634386
abs_std_diff,26,27,significant_sdc,9,2.4030741429415526e+30,6.888158695323076e+30
abs_std_diff,27,28,non_sdc,3,0.04217500712021257,0.008844312781929547
abs_std_diff,27,28,non_significant_sdc,3,0.050450708891738756,0.010779187522087397
abs_std_diff,27,28,significant_sdc,3,0.07590571477787966,0.04081106656533378
abs_std_diff,28,29,non_sdc,3,0.037323720399617615,0.007441469106724663
abs_std_diff,28,29,non_significant_sdc,3,0.04232591726292476,0.010205248800929975
abs_std_diff,28,29,significant_sdc,3,0.06760416186292588,0.020722963302298926
abs_std_diff,29,30,non_sdc,3,0.055316356416234974,0.0066280426024007385
abs_std_diff,29,30,non_significant_sdc,3,0.05149662129581515,0.00554761858868184
abs_std_diff,29,30,significant_sdc,3,0.08291929371833502,0.012346913771765255
abs_std_diff,30,31,non_sdc,3,0.03209185549144447,0.0034579070426799413
abs_std_diff,30,31,non_significant_sdc,3,0.05833855720299281,0.02020100540412462
abs_std_diff,30,31,significant_sdc,3,0.11685134748669897,0.06242213207300151
cos_sim,0,1,non_sdc,9,0.8432524449224447,0.062055047357744295
cos_sim,0,1,non_significant_sdc,9,0.8364169682065912,0.06465996842346297
cos_sim,0,1,significant_sdc,9,0.2944517505882556,0.06871329474969448
cos_sim,1,2,non_sdc,9,0.8114173080932361,0.07396556983005861
cos_sim,1,2,non_significant_sdc,9,0.7960975853412396,0.07608955809554332
cos_sim,1,2,significant_sdc,9,0.20062096158710505,0.10153965045422338
cos_sim,2,3,non_sdc,9,0.7789057045934735,0.11336353610557197
cos_sim,2,3,non_significant_sdc,9,0.7551043324199666,0.10532345460649922
cos_sim,2,3,significant_sdc,9,0.32009124334541084,0.1477698548845677
cos_sim,3,4,non_sdc,9,0.8248787425675731,0.08483982108593544
cos_sim,3,4,non_significant_sdc,9,0.8053885517308969,0.08024945972822511
cos_sim,3,4,significant_sdc,9,0.4679014698741832,0.07698453148839907
cos_sim,4,5,non_sdc,9,0.7944522649065098,0.07743730392961862
cos_sim,4,5,non_significant_sdc,9,0.7711584929913319,0.06964802409851269
cos_sim,4,5,significant_sdc,9,0.3820994169678109,0.12189824561208487
cos_sim,5,6,non_sdc,9,0.8145923069001451,0.0573820754870562
cos_sim,5,6,non_significant_sdc,9,0.8058170265075062,0.05857307523948582
cos_sim,5,6,significant_sdc,9,0.2837620972273691,0.0860057568247599
cos_sim,6,7,non_sdc,9,0.7111349114813792,0.13447606556079827
cos_sim,6,7,non_significant_sdc,9,0.6834645198823817,0.12155196289629833
cos_sim,6,7,significant_sdc,9,0.35493982185020145,0.062007925514463165
cos_sim,7,8,non_sdc,9,0.7313482589290526,0.11413850097751227
cos_sim,7,8,non_significant_sdc,9,0.7102622707254975,0.10737515736759178
cos_sim,7,8,significant_sdc,9,0.19656958499385546,0.09962412099804549
cos_sim,8,9,non_sdc,9,0.7743143512257032,0.09379613120680494
cos_sim,8,9,non_significant_sdc,9,0.7636432298318059,0.08369992771191852
cos_sim,8,9,significant_sdc,9,0.3112571118772236,0.07811677468622248
cos_sim,9,10,non_sdc,9,0.7897048527714838,0.08936726595814033
cos_sim,9,10,non_significant_sdc,9,0.771127592872374,0.09017601028043731
cos_sim,9,10,significant_sdc,9,0.30420484335265435,0.05397822385330243
cos_sim,10,11,non_sdc,9,0.7306912604956408,0.10214648626560074
cos_sim,10,11,non_significant_sdc,9,0.7253942611310366,0.09672348432302923
cos_sim,10,11,significant_sdc,9,0.16025047444900656,0.11932834690816424
cos_sim,11,12,non_sdc,9,0.7578696252962452,0.09170158110787077
cos_sim,11,12,non_significant_sdc,9,0.7495790278258496,0.08200817716376453
cos_sim,11,12,significant_sdc,9,0.171277250010239,0.09971023227256708
cos_sim,12,13,non_sdc,9,0.759440264570054,0.10021459422401773
cos_sim,12,13,non_significant_sdc,9,0.7456568947602309,0.09258876819062642
cos_sim,12,13,significant_sdc,9,0.2607794957242498,0.08009035410239854
cos_sim,13,14,non_sdc,9,0.7755243923994544,0.08601754598018639
cos_sim,13,14,non_significant_sdc,9,0.7582838662403764,0.07930714641774568
cos_sim,13,14,significant_sdc,9,0.1982227703217638,0.07784203875783743
cos_sim,14,15,non_sdc,9,0.791132127577838,0.08345037997251671
cos_sim,14,15,non_significant_sdc,9,0.7653265424698437,0.07459706719410639
cos_sim,14,15,significant_sdc,9,0.33809797987837986,0.07862078534351759
cos_sim,15,16,non_sdc,9,0.744968471879447,0.1124984723958453
cos_sim,15,16,non_significant_sdc,9,0.7274103414544005,0.10301106655337428
cos_sim,15,16,significant_sdc,9,0.1966539248132188,0.14584114675708731
cos_sim,16,17,non_sdc,9,0.7268238852599539,0.09939156711948854
cos_sim,16,17,non_significant_sdc,9,0.7202878869601914,0.08937532958312779
cos_sim,16,17,significant_sdc,9,0.20466492932257868,0.1029168144046594
cos_sim,17,18,non_sdc,9,0.7561007146724501,0.1016623520925385
cos_sim,17,18,non_significant_sdc,9,0.737234933992429,0.09260769194510132
cos_sim,17,18,significant_sdc,9,0.4187985851736608,0.10042710930162418
cos_sim,18,19,non_sdc,9,0.786787167967999,0.08857378296936196
cos_sim,18,19,non_significant_sdc,9,0.7837692363376008,0.06910068219248364
cos_sim,18,19,significant_sdc,9,0.43334706693962133,0.17063007193354135
cos_sim,19,20,non_sdc,9,0.7302024045565593,0.12102085325254616
cos_sim,19,20,non_significant_sdc,9,0.731222857319326,0.11199728079361128
cos_sim,19,20,significant_sdc,9,0.3737108773126985,0.21015850891499918
cos_sim,20,21,non_sdc,9,0.7400896992982371,0.12382539312586004
cos_sim,20,21,non_significant_sdc,9,0.7264864210784652,0.1105669619881301
cos_sim,20,21,significant_sdc,9,0.44218803316133654,0.12849526858108104
cos_sim,21,22,non_sdc,9,0.7442695121537727,0.13260634746073743
cos_sim,21,22,non_significant_sdc,9,0.7383004726995446,0.12449566784579856
cos_sim,21,22,significant_sdc,9,0.30913798794962116,0.17887528530935612
cos_sim,22,23,non_sdc,9,0.7785177738302593,0.09687484323503115
cos_sim,22,23,non_significant_sdc,9,0.7664838964687646,0.09093692832037803
cos_sim,22,23,significant_sdc,9,0.5148242599408618,0.1235963888632756
cos_sim,23,24,non_sdc,9,0.7707944054179545,0.10879983188079123
cos_sim,23,24,non_significant_sdc,9,0.7606157576769249,0.10009068870963775
cos_sim,23,24,significant_sdc,9,0.5763797210202075,0.06405621750695796
cos_sim,24,25,non_sdc,9,0.7712729734009325,0.0973584900408492
cos_sim,24,25,non_significant_sdc,9,0.7562265931587269,0.09153117802586849
cos_sim,24,25,significant_sdc,9,0.5191005789708977,0.17786970959955292
cos_sim,25,26,non_sdc,9,0.855052790691867,0.06514067280293256
cos_sim,25,26,non_significant_sdc,9,0.8513943603341008,0.05940812304269466
cos_sim,25,26,significant_sdc,9,0.5703894058522531,0.12785078863406665
cos_sim,26,27,non_sdc,9,0.9385611950652714,0.05824895561612837
cos_sim,26,27,non_significant_sdc,9,0.9166279947175803,0.09260389934617583
cos_sim,26,27,significant_sdc,9,0.6362907914280576,0.09808020684873367
cos_sim,27,28,non_sdc,3,0.8458785246189641,0.0756056181905192
cos_sim,27,28,non_significant_sdc,3,0.7928869955846327,0.055574588644822016
cos_sim,27,28,significant_sdc,3,0.5522924041176719,0.01683086653903185
cos_sim,28,29,non_sdc,3,0.8278145527663837,0.08922292798661396
cos_sim,28,29,non_significant_sdc,3,0.8104237375615085,0.03458807491994235
cos_sim,28,29,significant_sdc,3,0.5820724081912626,0.07430746342044703
cos_sim,29,30,non_sdc,3,0.8719360087182116,0.05549109639695702
cos_sim,29,30,non_significant_sdc,3,0.8217907137279609,0.07249366479026509
cos_sim,29,30,significant_sdc,3,0.5861918097158719,0.06725558974583228
cos_sim,30,31,non_sdc,3,0.9065407166014451,0.03898906528096434
cos_sim,30,31,non_significant_sdc,3,0.8731066156975995,0.05972784836115264
cos_sim,30,31,significant_sdc,3,0.6925839113199048,0.09121136486911423
l2_distance,0,1,non_sdc,9,0.6291003023784625,0.2890507925256694
l2_distance,0,1,non_significant_sdc,9,0.6372527121861276,0.28338776360633605
l2_distance,0,1,significant_sdc,9,27756432409.63979,51980980068.960724
l2_distance,1,2,non_sdc,9,0.4792746127800048,0.19644384132537182
l2_distance,1,2,non_significant_sdc,9,0.4845067744236478,0.2044541695139388
l2_distance,1,2,significant_sdc,9,4299453000.75197,12898358999.109726
l2_distance,2,3,non_sdc,9,0.6091298685655657,0.25889449705747253
l2_distance,2,3,non_significant_sdc,9,0.6214833806228286,0.26305422135100887
l2_distance,2,3,significant_sdc,9,1.147627323363708,0.5593564032754341
l2_distance,3,4,non_sdc,9,0.6617299161512747,0.3125637678826365
l2_distance,3,4,non_significant_sdc,9,0.6863767800983926,0.30306159997884924
l2_distance,3,4,significant_sdc,9,1829187504.5593605,5487562510.224291
l2_distance,4,5,non_sdc,9,0.6760182482945228,0.2877684406226372
l2_distance,4,5,non_significant_sdc,9,0.6825960592761591,0.29528288905567057
l2_distance,4,5,significant_sdc,9,99923162819.20404,279762555774.4796
l2_distance,5,6,non_sdc,9,0.7683826203339685,0.32376354448783895
l2_distance,5,6,non_significant_sdc,9,0.7817898977250581,0.3322255432089606
l2_distance,5,6,significant_sdc,9,98577760380.36815,278817447757.3104
l2_distance,6,7,non_sdc,9,0.8762127989162559,0.3247358596849437
l2_distance,6,7,non_significant_sdc,9,0.893300216058837,0.3352371454147363
l2_distance,6,7,significant_sdc,9,1370703159912.7427,3965538107498.933
l2_distance,7,8,non_sdc,9,0.9761221729346068,0.43355978694497266
l2_distance,7,8,non_significant_sdc,9,0.9898783831886401,0.4260765487395071
l2_distance,7,8,significant_sdc,9,1399727034673.5671,4052063458982.0776
l2_distance,8,9,non_sdc,9,1.1289105802705428,0.5121802452387768
l2_distance,8,9,non_significant_sdc,9,1.1333965403623585,0.5141334218794897
l2_distance,8,9,significant_sdc,9,733004446764.4253,2159837428630.074
l2_distance,9,10,non_sdc,9,1.0775648337926156,0.39764065440638974
l2_distance,9,10,non_significant_sdc,9,1.0905096850962714,0.4055882368573916
l2_distance,9,10,significant_sdc,9,761509074191.3634,2218803122739.0103
l2_distance,10,11,non_sdc,9,1.077347576219082,0.32301144673585236
l2_distance,10,11,non_significant_sdc,9,1.0832739897304293,0.3340502442828816
l2_distance,10,11,significant_sdc,9,73309072533.5473,183613093250.1338
l2_distance,11,12,non_sdc,9,1.0977072808722292,0.2985320781163433
l2_distance,11,12,non_significant_sdc,9,1.1046471095569617,0.3048929355344178
l2_distance,11,12,significant_sdc,9,66279740117.70691,185823864973.2989
l2_distance,12,13,non_sdc,9,1.234764658026978,0.43127506486666645
l2_distance,12,13,non_significant_sdc,9,1.2589826915037332,0.42271656913419103
l2_distance,12,13,significant_sdc,9,2.1025107601484567,0.6797105065111783
l2_distance,13,14,non_sdc,9,1.2144228385886127,0.41115959933631
l2_distance,13,14,non_significant_sdc,9,1.2545166787558955,0.3606614650968092
l2_distance,13,14,significant_sdc,9,1726502990.469041,5179508965.07814
l2_distance,14,15,non_sdc,9,1.2946057801435804,0.4202361236079249
l2_distance,14,15,non_significant_sdc,9,1.347756111539016,0.3515410586003352
l2_distance,14,15,significant_sdc,9,905324226055.359,2426136477936.9326
l2_distance,15,16,non_sdc,9,1.3407163348626843,0.41403813574462456
l2_distance,15,16,non_significant_sdc,9,1.366409702393289,0.36501680308280243
l2_distance,15,16,significant_sdc,9,113389835155203.44,337058210143982.7
l2_distance,16,17,non_sdc,9,1.4055772926372545,0.39008444506977685
l2_distance,16,17,non_significant_sdc,9,1.4244814159534451,0.35030649093987964
l2_distance,16,17,significant_sdc,9,112465334385282.64,337396003155682.6
l2_distance,17,18,non_sdc,9,1.648394648265746,0.6769127035651267
l2_distance,17,18,non_significant_sdc,9,1.71778723981712,0.6129769642546552
l2_distance,17,18,significant_sdc,9,7494127638.013256,22482382743.81451
l2_distance,18,19,non_sdc,9,1.955965884853912,0.8717951643284682
l2_distance,18,19,non_significant_sdc,9,2.0029542965455933,0.8194359224621813
l2_distance,18,19,significant_sdc,9,214865184644.1592,612727890673.4976
l2_distance,19,20,non_sdc,9,1.8772303235049952,0.8235131694122166
l2_distance,19,20,non_significant_sdc,9,1.9080571370570882,0.7864894138826698
l2_distance,19,20,significant_sdc,9,1084170135783.2971,3214446948725.2295
l2_distance,20,21,non_sdc,9,2.455194717051532,1.2721654360436465
l2_distance,20,21,non_significant_sdc,9,2.469634217802444,1.2493979925104561
l2_distance,20,21,significant_sdc,9,1948846374929477.0,5835937623823162.0
l2_distance,21,22,non_sdc,9,2.3444885381618867,1.2457549640655317
l2_distance,21,22,non_significant_sdc,9,2.346512596779453,1.1380944132440634
l2_distance,21,22,significant_sdc,9,1987637598945830.5,5952312677944444.0
l2_distance,22,23,non_sdc,9,2.735974958765876,1.4976008950832471
l2_distance,22,23,non_significant_sdc,9,2.7826034346023283,1.4402245128065778
l2_distance,22,23,significant_sdc,9,2922025614930.908,3653457343351.238
l2_distance,23,24,non_sdc,9,2.737356294139034,1.4684274520249239
l2_distance,23,24,non_significant_sdc,9,2.789550977244165,1.4284600451708191
l2_distance,23,24,significant_sdc,9,3570298353191.7534,4345216026759.481
l2_distance,24,25,non_sdc,9,3.1045029844233385,1.7205718695410905
l2_distance,24,25,non_significant_sdc,9,3.165172486600412,1.6664008015057206
l2_distance,24,25,significant_sdc,9,2936363385278032.0,8804741020752542.0
l2_distance,25,26,non_sdc,9,3.754779760056514,2.2405024164524003
l2_distance,25,26,non_significant_sdc,9,3.7362927645841912,2.155887692294056
l2_distance,25,26,significant_sdc,9,3004067518833662.0,8903465257567537.0
l2_distance,26,27,non_sdc,9,5.7110162292739215,3.818328164425587
l2_distance,26,27,non_significant_sdc,9,5.927261930709367,3.8533490029661914
l2_distance,26,27,significant_sdc,9,51459888617105.25,94848392509204.25
l2_distance,27,28,non_sdc,3,1.0596908432533665,0.3337351359260669
l2_distance,27,28,non_significant_sdc,3,1.2640773184362157,0.13551055797609687
l2_distance,27,28,significant_sdc,3,2.2131485262366204,0.234196344032438
l2_distance,28,29,non_sdc,3,1.1432464708975565,0.32430619595578836
l2_distance,28,29,non_significant_sdc,3,1.2348025110211385,0.12323446310526442
l2_distance,28,29,significant_sdc,3,2.3123583597852098,0.460013930240541
l2_distance,29,30,non_sdc,3,1.1130964433979476,0.29283783991025425
l2_distance,29,30,non_significant_sdc,3,1.350348297133258,0.14872570846010033
l2_distance,29,30,significant_sdc,3,2.5167747669013667,0.31199380223949097
l2_distance,30,31,non_sdc,3,1.1451643539702299,0.2479125379763943
l2_distance,30,31,non_significant_sdc,3,1.539353669768493,0.30151571586586234
l2_distance,30,31,significant_sdc,3,2.765079887898009,0.8717779497890549
